{
  "artifact": "knowledge/runs/twc-revision-summary-latest.json",
  "created_at": "2026-09-20T20:14:40.548525+00:00",
  "event_manifest_count": 14,
  "event_manifests": [
    {
      "changes_sample": [
        {
          "icaoId": "KATL",
          "new_status": "settled",
          "new_tempC": 31.1,
          "new_tempF": 88,
          "old_status": "pending",
          "old_tempC": 31.1,
          "old_tempF": 88,
          "reportTimeUTC": "2026-09-19T23:00:00.000Z"
        },
        {
          "icaoId": "KAUS",
          "new_status": "settled",
          "new_tempC": 36.1,
          "new_tempF": 97,
          "old_status": "pending",
          "old_tempC": 36.1,
          "old_tempF": 97,
          "reportTimeUTC": "2026-09-19T23:00:00.000Z"
        },
        {
          "icaoId": "KBOS",
          "new_status": "settled",
          "new_tempC": 14.4,
          "new_tempF": 57.9,
          "old_status": "pending",
          "old_tempC": 14.4,
          "old_tempF": 57.9,
          "reportTimeUTC": "2026-09-19T23:00:00.000Z"
        },
        {
          "icaoId": "KCLL",
          "new_status": "settled",
          "new_tempC": 35,
          "new_tempF": 95,
          "old_status": "pending",
          "old_tempC": 35,
          "old_tempF": 95,
          "reportTimeUTC": "2026-09-19T23:00:00.000Z"
        },
        {
          "icaoId": "KCMH",
          "new_status": "settled",
          "new_tempC": 22.8,
          "new_tempF": 73,
          "old_status": "pending",
          "old_tempC": 22.8,
          "old_tempF": 73,
          "reportTimeUTC": "2026-09-19T23:00:00.000Z"
        },
        {
          "icaoId": "KCVG",
          "new_status": "settled",
          "new_tempC": 30,
          "new_tempF": 86,
          "old_status": "pending",
          "old_tempC": 30,
          "old_tempF": 86,
          "reportTimeUTC": "2026-09-19T23:00:00.000Z"
        },
        {
          "icaoId": "KDCA",
          "new_status": "settled",
          "new_tempC": 25,
          "new_tempF": 77,
          "old_status": "pending",
          "old_tempC": 25,
          "old_tempF": 77,
          "reportTimeUTC": "2026-09-19T23:00:00.000Z"
        },
        {
          "icaoId": "KDEN",
          "new_status": "settled",
          "new_tempC": 24.4,
          "new_tempF": 75.9,
          "old_status": "pending",
          "old_tempC": 24.4,
          "old_tempF": 75.9,
          "reportTimeUTC": "2026-09-19T23:00:00.000Z"
        },
        {
          "icaoId": "KDFW",
          "new_status": "settled",
          "new_tempC": 35.6,
          "new_tempF": 96.1,
          "old_status": "pending",
          "old_tempC": 35.6,
          "old_tempF": 96.1,
          "reportTimeUTC": "2026-09-19T23:00:00.000Z"
        },
        {
          "icaoId": "KDJT",
          "new_status": "settled",
          "new_tempC": 28.3,
          "new_tempF": 82.9,
          "old_status": "pending",
          "old_tempC": 28.3,
          "old_tempF": 82.9,
          "reportTimeUTC": "2026-09-19T23:00:00.000Z"
        },
        {
          "icaoId": "KEWR",
          "new_status": "settled",
          "new_tempC": 20,
          "new_tempF": 68,
          "old_status": "pending",
          "old_tempC": 20,
          "old_tempF": 68,
          "reportTimeUTC": "2026-09-19T23:00:00.000Z"
        },
        {
          "icaoId": "KGNV",
          "new_status": "settled",
          "new_tempC": 26.7,
          "new_tempF": 80.1,
          "old_status": "pending",
          "old_tempC": 26.7,
          "old_tempF": 80.1,
          "reportTimeUTC": "2026-09-19T23:00:00.000Z"
        },
        {
          "icaoId": "KHOU",
          "new_status": "settled",
          "new_tempC": 32.2,
          "new_tempF": 90,
          "old_status": "pending",
          "old_tempC": 32.2,
          "old_tempF": 90,
          "reportTimeUTC": "2026-09-19T23:00:00.000Z"
        },
        {
          "icaoId": "KIAH",
          "new_status": "settled",
          "new_tempC": 32.8,
          "new_tempF": 91,
          "old_status": "pending",
          "old_tempC": 32.8,
          "old_tempF": 91,
          "reportTimeUTC": "2026-09-19T23:00:00.000Z"
        },
        {
          "icaoId": "KJAX",
          "new_status": "settled",
          "new_tempC": 28.3,
          "new_tempF": 82.9,
          "old_status": "pending",
          "old_tempC": 28.3,
          "old_tempF": 82.9,
          "reportTimeUTC": "2026-09-19T23:00:00.000Z"
        },
        {
          "icaoId": "KLAS",
          "new_status": "settled",
          "new_tempC": 34.4,
          "new_tempF": 93.9,
          "old_status": "pending",
          "old_tempC": 34.4,
          "old_tempF": 93.9,
          "reportTimeUTC": "2026-09-19T23:00:00.000Z"
        },
        {
          "icaoId": "KLAX",
          "new_status": "settled",
          "new_tempC": 23.9,
          "new_tempF": 75,
          "old_status": "pending",
          "old_tempC": 23.9,
          "old_tempF": 75,
          "reportTimeUTC": "2026-09-19T23:00:00.000Z"
        },
        {
          "icaoId": "KLEX",
          "new_status": "settled",
          "new_tempC": 31.1,
          "new_tempF": 88,
          "old_status": "pending",
          "old_tempC": 31.1,
          "old_tempF": 88,
          "reportTimeUTC": "2026-09-19T23:00:00.000Z"
        },
        {
          "icaoId": "KMDW",
          "new_status": "settled",
          "new_tempC": 21.7,
          "new_tempF": 71.1,
          "old_status": "pending",
          "old_tempC": 21.7,
          "old_tempF": 71.1,
          "reportTimeUTC": "2026-09-19T23:00:00.000Z"
        },
        {
          "icaoId": "KMIA",
          "new_status": "settled",
          "new_tempC": 25,
          "new_tempF": 77,
          "old_status": "pending",
          "old_tempC": 25,
          "old_tempF": 77,
          "reportTimeUTC": "2026-09-19T23:00:00.000Z"
        },
        {
          "icaoId": "KMKE",
          "new_status": "settled",
          "new_tempC": 18.3,
          "new_tempF": 64.9,
          "old_status": "pending",
          "old_tempC": 18.3,
          "old_tempF": 64.9,
          "reportTimeUTC": "2026-09-19T23:00:00.000Z"
        },
        {
          "icaoId": "KMSP",
          "new_status": "settled",
          "new_tempC": 16.1,
          "new_tempF": 61,
          "old_status": "pending",
          "old_tempC": 16.1,
          "old_tempF": 61,
          "reportTimeUTC": "2026-09-19T23:00:00.000Z"
        },
        {
          "icaoId": "KMSY",
          "new_status": "settled",
          "new_tempC": 32.8,
          "new_tempF": 91,
          "old_status": "pending",
          "old_tempC": 32.8,
          "old_tempF": 91,
          "reportTimeUTC": "2026-09-19T23:00:00.000Z"
        },
        {
          "icaoId": "KNYC",
          "new_status": "settled",
          "new_tempC": 18.9,
          "new_tempF": 66,
          "old_status": "pending",
          "old_tempC": 18.9,
          "old_tempF": 66,
          "reportTimeUTC": "2026-09-19T23:00:00.000Z"
        },
        {
          "icaoId": "KOKC",
          "new_status": "settled",
          "new_tempC": 36.1,
          "new_tempF": 97,
          "old_status": "pending",
          "old_tempC": 36.1,
          "old_tempF": 97,
          "reportTimeUTC": "2026-09-19T23:00:00.000Z"
        },
        {
          "icaoId": "KORD",
          "new_status": "settled",
          "new_tempC": 21.1,
          "new_tempF": 70,
          "old_status": "pending",
          "old_tempC": 21.1,
          "old_tempF": 70,
          "reportTimeUTC": "2026-09-19T23:00:00.000Z"
        },
        {
          "icaoId": "KPHL",
          "new_status": "settled",
          "new_tempC": 21.1,
          "new_tempF": 70,
          "old_status": "pending",
          "old_tempC": 21.1,
          "old_tempF": 70,
          "reportTimeUTC": "2026-09-19T23:00:00.000Z"
        },
        {
          "icaoId": "KPHX",
          "new_status": "settled",
          "new_tempC": 38.9,
          "new_tempF": 102,
          "old_status": "pending",
          "old_tempC": 38.9,
          "old_tempF": 102,
          "reportTimeUTC": "2026-09-19T23:00:00.000Z"
        },
        {
          "icaoId": "KPVD",
          "new_status": "settled",
          "new_tempC": 16.1,
          "new_tempF": 61,
          "old_status": "pending",
          "old_tempC": 16.1,
          "old_tempF": 61,
          "reportTimeUTC": "2026-09-19T23:00:00.000Z"
        },
        {
          "icaoId": "KSAN",
          "new_status": "settled",
          "new_tempC": 23.9,
          "new_tempF": 75,
          "old_status": "pending",
          "old_tempC": 23.9,
          "old_tempF": 75,
          "reportTimeUTC": "2026-09-19T23:00:00.000Z"
        },
        {
          "icaoId": "KSAT",
          "new_status": "settled",
          "new_tempC": 32.2,
          "new_tempF": 90,
          "old_status": "pending",
          "old_tempC": 32.2,
          "old_tempF": 90,
          "reportTimeUTC": "2026-09-19T23:00:00.000Z"
        },
        {
          "icaoId": "KSDF",
          "new_status": "settled",
          "new_tempC": 33.3,
          "new_tempF": 91.9,
          "old_status": "pending",
          "old_tempC": 33.3,
          "old_tempF": 91.9,
          "reportTimeUTC": "2026-09-19T23:00:00.000Z"
        },
        {
          "icaoId": "KSEA",
          "new_status": "settled",
          "new_tempC": 16.1,
          "new_tempF": 61,
          "old_status": "pending",
          "old_tempC": 16.1,
          "old_tempF": 61,
          "reportTimeUTC": "2026-09-19T23:00:00.000Z"
        },
        {
          "icaoId": "KSFO",
          "new_status": "settled",
          "new_tempC": 18.3,
          "new_tempF": 64.9,
          "old_status": "pending",
          "old_tempC": 18.3,
          "old_tempF": 64.9,
          "reportTimeUTC": "2026-09-19T23:00:00.000Z"
        },
        {
          "icaoId": "KSJC",
          "new_status": "settled",
          "new_tempC": 24.4,
          "new_tempF": 75.9,
          "old_status": "pending",
          "old_tempC": 24.4,
          "old_tempF": 75.9,
          "reportTimeUTC": "2026-09-19T23:00:00.000Z"
        },
        {
          "icaoId": "KSPG",
          "new_status": "settled",
          "new_tempC": 27.2,
          "new_tempF": 81,
          "old_status": "pending",
          "old_tempC": 27.2,
          "old_tempF": 81,
          "reportTimeUTC": "2026-09-19T23:00:00.000Z"
        },
        {
          "icaoId": "KTPA",
          "new_status": "settled",
          "new_tempC": 26.7,
          "new_tempF": 80.1,
          "old_status": "pending",
          "old_tempC": 26.7,
          "old_tempF": 80.1,
          "reportTimeUTC": "2026-09-19T23:00:00.000Z"
        },
        {
          "icaoId": "KTTN",
          "new_status": "settled",
          "new_tempC": 18.9,
          "new_tempF": 66,
          "old_status": "pending",
          "old_tempC": 18.9,
          "old_tempF": 66,
          "reportTimeUTC": "2026-09-19T23:00:00.000Z"
        }
      ],
      "fetchedAt": "2026-09-19T23:32:35.191Z",
      "manifest_name": "twc-hourly-20260919T233519Z-149a9fe02c62.json",
      "pending_to_settled_count": 38,
      "pending_to_settled_temperature_change_count": 0,
      "retrieved_at": "2026-09-19T23:35:19.085926+00:00",
      "settled_to_settled_temperature_change_count": 0,
      "sha256": "149a9fe02c6276fb43546fd84ffc874dc90f125913151701e407d7c189ed5361",
      "status_change_count": 38,
      "temperature_change_count": 0
    },
    {
      "changes_sample": [
        {
          "icaoId": "KATL",
          "new_status": "settled",
          "new_tempC": 21.7,
          "new_tempF": 71.1,
          "old_status": "pending",
          "old_tempC": 21.7,
          "old_tempF": 71.1,
          "reportTimeUTC": "2026-09-20T00:00:00.000Z"
        },
        {
          "icaoId": "KAUS",
          "new_status": "settled",
          "new_tempC": 34.4,
          "new_tempF": 93.9,
          "old_status": "pending",
          "old_tempC": 34.4,
          "old_tempF": 93.9,
          "reportTimeUTC": "2026-09-20T00:00:00.000Z"
        },
        {
          "icaoId": "KBOS",
          "new_status": "settled",
          "new_tempC": 14.4,
          "new_tempF": 57.9,
          "old_status": "pending",
          "old_tempC": 14.4,
          "old_tempF": 57.9,
          "reportTimeUTC": "2026-09-20T00:00:00.000Z"
        },
        {
          "icaoId": "KCLL",
          "new_status": "settled",
          "new_tempC": 33.3,
          "new_tempF": 91.9,
          "old_status": "pending",
          "old_tempC": 33.3,
          "old_tempF": 91.9,
          "reportTimeUTC": "2026-09-20T00:00:00.000Z"
        },
        {
          "icaoId": "KCMH",
          "new_status": "settled",
          "new_tempC": 22.2,
          "new_tempF": 72,
          "old_status": "pending",
          "old_tempC": 22.2,
          "old_tempF": 72,
          "reportTimeUTC": "2026-09-20T00:00:00.000Z"
        },
        {
          "icaoId": "KCVG",
          "new_status": "settled",
          "new_tempC": 28.3,
          "new_tempF": 82.9,
          "old_status": "pending",
          "old_tempC": 28.3,
          "old_tempF": 82.9,
          "reportTimeUTC": "2026-09-20T00:00:00.000Z"
        },
        {
          "icaoId": "KDCA",
          "new_status": "settled",
          "new_tempC": 23.9,
          "new_tempF": 75,
          "old_status": "pending",
          "old_tempC": 23.9,
          "old_tempF": 75,
          "reportTimeUTC": "2026-09-20T00:00:00.000Z"
        },
        {
          "icaoId": "KDEN",
          "new_status": "settled",
          "new_tempC": 22.2,
          "new_tempF": 72,
          "old_status": "pending",
          "old_tempC": 22.2,
          "old_tempF": 72,
          "reportTimeUTC": "2026-09-20T00:00:00.000Z"
        },
        {
          "icaoId": "KDFW",
          "new_status": "settled",
          "new_tempC": 33.9,
          "new_tempF": 93,
          "old_status": "pending",
          "old_tempC": 33.9,
          "old_tempF": 93,
          "reportTimeUTC": "2026-09-20T00:00:00.000Z"
        },
        {
          "icaoId": "KDJT",
          "new_status": "settled",
          "new_tempC": 28.3,
          "new_tempF": 82.9,
          "old_status": "pending",
          "old_tempC": 28.3,
          "old_tempF": 82.9,
          "reportTimeUTC": "2026-09-20T00:00:00.000Z"
        },
        {
          "icaoId": "KEWR",
          "new_status": "settled",
          "new_tempC": 20,
          "new_tempF": 68,
          "old_status": "pending",
          "old_tempC": 20,
          "old_tempF": 68,
          "reportTimeUTC": "2026-09-20T00:00:00.000Z"
        },
        {
          "icaoId": "KGNV",
          "new_status": "settled",
          "new_tempC": 25.6,
          "new_tempF": 78.1,
          "old_status": "pending",
          "old_tempC": 25.6,
          "old_tempF": 78.1,
          "reportTimeUTC": "2026-09-20T00:00:00.000Z"
        },
        {
          "icaoId": "KHOU",
          "new_status": "settled",
          "new_tempC": 30.6,
          "new_tempF": 87.1,
          "old_status": "pending",
          "old_tempC": 30.6,
          "old_tempF": 87.1,
          "reportTimeUTC": "2026-09-20T00:00:00.000Z"
        },
        {
          "icaoId": "KIAH",
          "new_status": "settled",
          "new_tempC": 30.6,
          "new_tempF": 87.1,
          "old_status": "pending",
          "old_tempC": 30.6,
          "old_tempF": 87.1,
          "reportTimeUTC": "2026-09-20T00:00:00.000Z"
        },
        {
          "icaoId": "KJAX",
          "new_status": "settled",
          "new_tempC": 27.2,
          "new_tempF": 81,
          "old_status": "pending",
          "old_tempC": 27.2,
          "old_tempF": 81,
          "reportTimeUTC": "2026-09-20T00:00:00.000Z"
        },
        {
          "icaoId": "KLAS",
          "new_status": "settled",
          "new_tempC": 34.4,
          "new_tempF": 93.9,
          "old_status": "pending",
          "old_tempC": 34.4,
          "old_tempF": 93.9,
          "reportTimeUTC": "2026-09-20T00:00:00.000Z"
        },
        {
          "icaoId": "KLAX",
          "new_status": "settled",
          "new_tempC": 23.3,
          "new_tempF": 73.9,
          "old_status": "pending",
          "old_tempC": 23.3,
          "old_tempF": 73.9,
          "reportTimeUTC": "2026-09-20T00:00:00.000Z"
        },
        {
          "icaoId": "KLEX",
          "new_status": "settled",
          "new_tempC": 28.9,
          "new_tempF": 84,
          "old_status": "pending",
          "old_tempC": 28.9,
          "old_tempF": 84,
          "reportTimeUTC": "2026-09-20T00:00:00.000Z"
        },
        {
          "icaoId": "KMDW",
          "new_status": "settled",
          "new_tempC": 21.7,
          "new_tempF": 71.1,
          "old_status": "pending",
          "old_tempC": 21.7,
          "old_tempF": 71.1,
          "reportTimeUTC": "2026-09-20T00:00:00.000Z"
        },
        {
          "icaoId": "KMIA",
          "new_status": "settled",
          "new_tempC": 25.6,
          "new_tempF": 78.1,
          "old_status": "pending",
          "old_tempC": 25.6,
          "old_tempF": 78.1,
          "reportTimeUTC": "2026-09-20T00:00:00.000Z"
        },
        {
          "icaoId": "KMKE",
          "new_status": "settled",
          "new_tempC": 17.8,
          "new_tempF": 64,
          "old_status": "pending",
          "old_tempC": 17.8,
          "old_tempF": 64,
          "reportTimeUTC": "2026-09-20T00:00:00.000Z"
        },
        {
          "icaoId": "KMSP",
          "new_status": "settled",
          "new_tempC": 16.1,
          "new_tempF": 61,
          "old_status": "pending",
          "old_tempC": 16.1,
          "old_tempF": 61,
          "reportTimeUTC": "2026-09-20T00:00:00.000Z"
        },
        {
          "icaoId": "KMSY",
          "new_status": "settled",
          "new_tempC": 30.6,
          "new_tempF": 87.1,
          "old_status": "pending",
          "old_tempC": 30.6,
          "old_tempF": 87.1,
          "reportTimeUTC": "2026-09-20T00:00:00.000Z"
        },
        {
          "icaoId": "KNYC",
          "new_status": "settled",
          "new_tempC": 18.9,
          "new_tempF": 66,
          "old_status": "pending",
          "old_tempC": 18.9,
          "old_tempF": 66,
          "reportTimeUTC": "2026-09-20T00:00:00.000Z"
        },
        {
          "icaoId": "KOKC",
          "new_status": "settled",
          "new_tempC": 33.9,
          "new_tempF": 93,
          "old_status": "pending",
          "old_tempC": 33.9,
          "old_tempF": 93,
          "reportTimeUTC": "2026-09-20T00:00:00.000Z"
        },
        {
          "icaoId": "KORD",
          "new_status": "settled",
          "new_tempC": 20.6,
          "new_tempF": 69.1,
          "old_status": "pending",
          "old_tempC": 20.6,
          "old_tempF": 69.1,
          "reportTimeUTC": "2026-09-20T00:00:00.000Z"
        },
        {
          "icaoId": "KPHL",
          "new_status": "settled",
          "new_tempC": 21.1,
          "new_tempF": 70,
          "old_status": "pending",
          "old_tempC": 21.1,
          "old_tempF": 70,
          "reportTimeUTC": "2026-09-20T00:00:00.000Z"
        },
        {
          "icaoId": "KPHX",
          "new_status": "settled",
          "new_tempC": 37.8,
          "new_tempF": 100,
          "old_status": "pending",
          "old_tempC": 37.8,
          "old_tempF": 100,
          "reportTimeUTC": "2026-09-20T00:00:00.000Z"
        },
        {
          "icaoId": "KPVD",
          "new_status": "settled",
          "new_tempC": 15,
          "new_tempF": 59,
          "old_status": "pending",
          "old_tempC": 15,
          "old_tempF": 59,
          "reportTimeUTC": "2026-09-20T00:00:00.000Z"
        },
        {
          "icaoId": "KSAN",
          "new_status": "settled",
          "new_tempC": 23.3,
          "new_tempF": 73.9,
          "old_status": "pending",
          "old_tempC": 23.3,
          "old_tempF": 73.9,
          "reportTimeUTC": "2026-09-20T00:00:00.000Z"
        },
        {
          "icaoId": "KSAT",
          "new_status": "settled",
          "new_tempC": 32.2,
          "new_tempF": 90,
          "old_status": "pending",
          "old_tempC": 32.2,
          "old_tempF": 90,
          "reportTimeUTC": "2026-09-20T00:00:00.000Z"
        },
        {
          "icaoId": "KSDF",
          "new_status": "settled",
          "new_tempC": 31.7,
          "new_tempF": 89.1,
          "old_status": "pending",
          "old_tempC": 31.7,
          "old_tempF": 89.1,
          "reportTimeUTC": "2026-09-20T00:00:00.000Z"
        },
        {
          "icaoId": "KSEA",
          "new_status": "settled",
          "new_tempC": 16.7,
          "new_tempF": 62.1,
          "old_status": "pending",
          "old_tempC": 16.7,
          "old_tempF": 62.1,
          "reportTimeUTC": "2026-09-20T00:00:00.000Z"
        },
        {
          "icaoId": "KSFO",
          "new_status": "settled",
          "new_tempC": 17.2,
          "new_tempF": 63,
          "old_status": "pending",
          "old_tempC": 17.2,
          "old_tempF": 63,
          "reportTimeUTC": "2026-09-20T00:00:00.000Z"
        },
        {
          "icaoId": "KSJC",
          "new_status": "settled",
          "new_tempC": 23.3,
          "new_tempF": 73.9,
          "old_status": "pending",
          "old_tempC": 23.3,
          "old_tempF": 73.9,
          "reportTimeUTC": "2026-09-20T00:00:00.000Z"
        },
        {
          "icaoId": "KSPG",
          "new_status": "settled",
          "new_tempC": 26.1,
          "new_tempF": 79,
          "old_status": "pending",
          "old_tempC": 26.1,
          "old_tempF": 79,
          "reportTimeUTC": "2026-09-20T00:00:00.000Z"
        },
        {
          "icaoId": "KTPA",
          "new_status": "settled",
          "new_tempC": 26.1,
          "new_tempF": 79,
          "old_status": "pending",
          "old_tempC": 26.1,
          "old_tempF": 79,
          "reportTimeUTC": "2026-09-20T00:00:00.000Z"
        },
        {
          "icaoId": "KTTN",
          "new_status": "settled",
          "new_tempC": 18.3,
          "new_tempF": 64.9,
          "old_status": "pending",
          "old_tempC": 18.3,
          "old_tempF": 64.9,
          "reportTimeUTC": "2026-09-20T00:00:00.000Z"
        }
      ],
      "fetchedAt": "2026-09-20T00:34:14.438Z",
      "manifest_name": "twc-hourly-20260920T003519Z-5ba1383a2474.json",
      "pending_to_settled_count": 38,
      "pending_to_settled_temperature_change_count": 0,
      "retrieved_at": "2026-09-20T00:35:19.088563+00:00",
      "settled_to_settled_temperature_change_count": 0,
      "sha256": "5ba1383a24743eba74eab332f82c768e49ced9869c2acef3d323c774f71f63cd",
      "status_change_count": 38,
      "temperature_change_count": 0
    },
    {
      "changes_sample": [
        {
          "icaoId": "KSAT",
          "new_status": "pending",
          "new_tempC": 29,
          "new_tempF": 84.2,
          "old_status": "pending",
          "old_tempC": 29.4,
          "old_tempF": 84.9,
          "reportTimeUTC": "2026-09-20T01:00:00.000Z"
        }
      ],
      "fetchedAt": "2026-09-20T02:15:33.553Z",
      "manifest_name": "twc-hourly-20260920T022019Z-dbc1515cebc9.json",
      "pending_to_settled_count": 0,
      "pending_to_settled_temperature_change_count": 0,
      "retrieved_at": "2026-09-20T02:20:19.118417+00:00",
      "settled_to_settled_temperature_change_count": 0,
      "sha256": "dbc1515cebc9d3b5772ceaba1931c889f4aa2da5cc33137f81cb987633558892",
      "status_change_count": 0,
      "temperature_change_count": 1
    },
    {
      "changes_sample": [
        {
          "icaoId": "KATL",
          "new_status": "settled",
          "new_tempC": 22.8,
          "new_tempF": 73,
          "old_status": "pending",
          "old_tempC": 22.8,
          "old_tempF": 73,
          "reportTimeUTC": "2026-09-20T01:00:00.000Z"
        },
        {
          "icaoId": "KATL",
          "new_status": "settled",
          "new_tempC": 22.2,
          "new_tempF": 72,
          "old_status": "pending",
          "old_tempC": 22.2,
          "old_tempF": 72,
          "reportTimeUTC": "2026-09-20T02:00:00.000Z"
        },
        {
          "icaoId": "KAUS",
          "new_status": "settled",
          "new_tempC": 32.8,
          "new_tempF": 91,
          "old_status": "pending",
          "old_tempC": 32.8,
          "old_tempF": 91,
          "reportTimeUTC": "2026-09-20T01:00:00.000Z"
        },
        {
          "icaoId": "KAUS",
          "new_status": "settled",
          "new_tempC": 28.9,
          "new_tempF": 84,
          "old_status": "pending",
          "old_tempC": 28.9,
          "old_tempF": 84,
          "reportTimeUTC": "2026-09-20T02:00:00.000Z"
        },
        {
          "icaoId": "KBOS",
          "new_status": "settled",
          "new_tempC": 13.3,
          "new_tempF": 55.9,
          "old_status": "pending",
          "old_tempC": 13.3,
          "old_tempF": 55.9,
          "reportTimeUTC": "2026-09-20T01:00:00.000Z"
        },
        {
          "icaoId": "KBOS",
          "new_status": "settled",
          "new_tempC": 12.8,
          "new_tempF": 55,
          "old_status": "pending",
          "old_tempC": 12.8,
          "old_tempF": 55,
          "reportTimeUTC": "2026-09-20T02:00:00.000Z"
        },
        {
          "icaoId": "KCLL",
          "new_status": "settled",
          "new_tempC": 31.1,
          "new_tempF": 88,
          "old_status": "pending",
          "old_tempC": 31.1,
          "old_tempF": 88,
          "reportTimeUTC": "2026-09-20T01:00:00.000Z"
        },
        {
          "icaoId": "KCLL",
          "new_status": "settled",
          "new_tempC": 29.4,
          "new_tempF": 84.9,
          "old_status": "pending",
          "old_tempC": 29.4,
          "old_tempF": 84.9,
          "reportTimeUTC": "2026-09-20T02:00:00.000Z"
        },
        {
          "icaoId": "KCMH",
          "new_status": "settled",
          "new_tempC": 22.2,
          "new_tempF": 72,
          "old_status": "pending",
          "old_tempC": 22.2,
          "old_tempF": 72,
          "reportTimeUTC": "2026-09-20T01:00:00.000Z"
        },
        {
          "icaoId": "KCMH",
          "new_status": "settled",
          "new_tempC": 21.7,
          "new_tempF": 71.1,
          "old_status": "pending",
          "old_tempC": 21.7,
          "old_tempF": 71.1,
          "reportTimeUTC": "2026-09-20T02:00:00.000Z"
        },
        {
          "icaoId": "KCVG",
          "new_status": "settled",
          "new_tempC": 27.2,
          "new_tempF": 81,
          "old_status": "pending",
          "old_tempC": 27.2,
          "old_tempF": 81,
          "reportTimeUTC": "2026-09-20T01:00:00.000Z"
        },
        {
          "icaoId": "KCVG",
          "new_status": "settled",
          "new_tempC": 26.7,
          "new_tempF": 80.1,
          "old_status": "pending",
          "old_tempC": 26.7,
          "old_tempF": 80.1,
          "reportTimeUTC": "2026-09-20T02:00:00.000Z"
        },
        {
          "icaoId": "KDCA",
          "new_status": "settled",
          "new_tempC": 23.9,
          "new_tempF": 75,
          "old_status": "pending",
          "old_tempC": 23.9,
          "old_tempF": 75,
          "reportTimeUTC": "2026-09-20T01:00:00.000Z"
        },
        {
          "icaoId": "KDCA",
          "new_status": "settled",
          "new_tempC": 23.3,
          "new_tempF": 73.9,
          "old_status": "pending",
          "old_tempC": 23.3,
          "old_tempF": 73.9,
          "reportTimeUTC": "2026-09-20T02:00:00.000Z"
        },
        {
          "icaoId": "KDEN",
          "new_status": "settled",
          "new_tempC": 16.7,
          "new_tempF": 62.1,
          "old_status": "pending",
          "old_tempC": 16.7,
          "old_tempF": 62.1,
          "reportTimeUTC": "2026-09-20T01:00:00.000Z"
        },
        {
          "icaoId": "KDEN",
          "new_status": "settled",
          "new_tempC": 15.6,
          "new_tempF": 60.1,
          "old_status": "pending",
          "old_tempC": 15.6,
          "old_tempF": 60.1,
          "reportTimeUTC": "2026-09-20T02:00:00.000Z"
        },
        {
          "icaoId": "KDFW",
          "new_status": "settled",
          "new_tempC": 32.8,
          "new_tempF": 91,
          "old_status": "pending",
          "old_tempC": 32.8,
          "old_tempF": 91,
          "reportTimeUTC": "2026-09-20T01:00:00.000Z"
        },
        {
          "icaoId": "KDFW",
          "new_status": "settled",
          "new_tempC": 31.7,
          "new_tempF": 89.1,
          "old_status": "pending",
          "old_tempC": 31.7,
          "old_tempF": 89.1,
          "reportTimeUTC": "2026-09-20T02:00:00.000Z"
        },
        {
          "icaoId": "KDJT",
          "new_status": "settled",
          "new_tempC": 27.8,
          "new_tempF": 82,
          "old_status": "pending",
          "old_tempC": 27.8,
          "old_tempF": 82,
          "reportTimeUTC": "2026-09-20T01:00:00.000Z"
        },
        {
          "icaoId": "KDJT",
          "new_status": "settled",
          "new_tempC": 24.4,
          "new_tempF": 75.9,
          "old_status": "pending",
          "old_tempC": 24.4,
          "old_tempF": 75.9,
          "reportTimeUTC": "2026-09-20T02:00:00.000Z"
        },
        {
          "icaoId": "KEWR",
          "new_status": "settled",
          "new_tempC": 20,
          "new_tempF": 68,
          "old_status": "pending",
          "old_tempC": 20,
          "old_tempF": 68,
          "reportTimeUTC": "2026-09-20T01:00:00.000Z"
        },
        {
          "icaoId": "KEWR",
          "new_status": "settled",
          "new_tempC": 19.4,
          "new_tempF": 66.9,
          "old_status": "pending",
          "old_tempC": 19.4,
          "old_tempF": 66.9,
          "reportTimeUTC": "2026-09-20T02:00:00.000Z"
        },
        {
          "icaoId": "KGNV",
          "new_status": "settled",
          "new_tempC": 24.4,
          "new_tempF": 75.9,
          "old_status": "pending",
          "old_tempC": 24.4,
          "old_tempF": 75.9,
          "reportTimeUTC": "2026-09-20T01:00:00.000Z"
        },
        {
          "icaoId": "KGNV",
          "new_status": "settled",
          "new_tempC": 24.4,
          "new_tempF": 75.9,
          "old_status": "pending",
          "old_tempC": 24.4,
          "old_tempF": 75.9,
          "reportTimeUTC": "2026-09-20T02:00:00.000Z"
        },
        {
          "icaoId": "KHOU",
          "new_status": "settled",
          "new_tempC": 29.4,
          "new_tempF": 84.9,
          "old_status": "pending",
          "old_tempC": 29.4,
          "old_tempF": 84.9,
          "reportTimeUTC": "2026-09-20T01:00:00.000Z"
        },
        {
          "icaoId": "KHOU",
          "new_status": "settled",
          "new_tempC": 27.8,
          "new_tempF": 82,
          "old_status": "pending",
          "old_tempC": 27.8,
          "old_tempF": 82,
          "reportTimeUTC": "2026-09-20T02:00:00.000Z"
        },
        {
          "icaoId": "KIAH",
          "new_status": "settled",
          "new_tempC": 29.4,
          "new_tempF": 84.9,
          "old_status": "pending",
          "old_tempC": 29.4,
          "old_tempF": 84.9,
          "reportTimeUTC": "2026-09-20T01:00:00.000Z"
        },
        {
          "icaoId": "KIAH",
          "new_status": "settled",
          "new_tempC": 28.3,
          "new_tempF": 82.9,
          "old_status": "pending",
          "old_tempC": 28.3,
          "old_tempF": 82.9,
          "reportTimeUTC": "2026-09-20T02:00:00.000Z"
        },
        {
          "icaoId": "KJAX",
          "new_status": "settled",
          "new_tempC": 27.2,
          "new_tempF": 81,
          "old_status": "pending",
          "old_tempC": 27.2,
          "old_tempF": 81,
          "reportTimeUTC": "2026-09-20T01:00:00.000Z"
        },
        {
          "icaoId": "KJAX",
          "new_status": "settled",
          "new_tempC": 25.6,
          "new_tempF": 78.1,
          "old_status": "pending",
          "old_tempC": 25.6,
          "old_tempF": 78.1,
          "reportTimeUTC": "2026-09-20T02:00:00.000Z"
        },
        {
          "icaoId": "KLAS",
          "new_status": "settled",
          "new_tempC": 33.9,
          "new_tempF": 93,
          "old_status": "pending",
          "old_tempC": 33.9,
          "old_tempF": 93,
          "reportTimeUTC": "2026-09-20T01:00:00.000Z"
        },
        {
          "icaoId": "KLAS",
          "new_status": "settled",
          "new_tempC": 32.2,
          "new_tempF": 90,
          "old_status": "pending",
          "old_tempC": 32.2,
          "old_tempF": 90,
          "reportTimeUTC": "2026-09-20T02:00:00.000Z"
        },
        {
          "icaoId": "KLAX",
          "new_status": "settled",
          "new_tempC": 22.8,
          "new_tempF": 73,
          "old_status": "pending",
          "old_tempC": 22.8,
          "old_tempF": 73,
          "reportTimeUTC": "2026-09-20T01:00:00.000Z"
        },
        {
          "icaoId": "KLAX",
          "new_status": "settled",
          "new_tempC": 21.7,
          "new_tempF": 71.1,
          "old_status": "pending",
          "old_tempC": 21.7,
          "old_tempF": 71.1,
          "reportTimeUTC": "2026-09-20T02:00:00.000Z"
        },
        {
          "icaoId": "KLEX",
          "new_status": "settled",
          "new_tempC": 27.2,
          "new_tempF": 81,
          "old_status": "pending",
          "old_tempC": 27.2,
          "old_tempF": 81,
          "reportTimeUTC": "2026-09-20T01:00:00.000Z"
        },
        {
          "icaoId": "KLEX",
          "new_status": "settled",
          "new_tempC": 25,
          "new_tempF": 77,
          "old_status": "pending",
          "old_tempC": 25,
          "old_tempF": 77,
          "reportTimeUTC": "2026-09-20T02:00:00.000Z"
        },
        {
          "icaoId": "KMDW",
          "new_status": "settled",
          "new_tempC": 21.7,
          "new_tempF": 71.1,
          "old_status": "pending",
          "old_tempC": 21.7,
          "old_tempF": 71.1,
          "reportTimeUTC": "2026-09-20T01:00:00.000Z"
        },
        {
          "icaoId": "KMDW",
          "new_status": "settled",
          "new_tempC": 21.7,
          "new_tempF": 71.1,
          "old_status": "pending",
          "old_tempC": 21.7,
          "old_tempF": 71.1,
          "reportTimeUTC": "2026-09-20T02:00:00.000Z"
        },
        {
          "icaoId": "KMIA",
          "new_status": "settled",
          "new_tempC": 25.6,
          "new_tempF": 78.1,
          "old_status": "pending",
          "old_tempC": 25.6,
          "old_tempF": 78.1,
          "reportTimeUTC": "2026-09-20T01:00:00.000Z"
        },
        {
          "icaoId": "KMIA",
          "new_status": "settled",
          "new_tempC": 25.6,
          "new_tempF": 78.1,
          "old_status": "pending",
          "old_tempC": 25.6,
          "old_tempF": 78.1,
          "reportTimeUTC": "2026-09-20T02:00:00.000Z"
        },
        {
          "icaoId": "KMKE",
          "new_status": "settled",
          "new_tempC": 17.8,
          "new_tempF": 64,
          "old_status": "pending",
          "old_tempC": 17.8,
          "old_tempF": 64,
          "reportTimeUTC": "2026-09-20T01:00:00.000Z"
        },
        {
          "icaoId": "KMKE",
          "new_status": "settled",
          "new_tempC": 17.2,
          "new_tempF": 63,
          "old_status": "pending",
          "old_tempC": 17.2,
          "old_tempF": 63,
          "reportTimeUTC": "2026-09-20T02:00:00.000Z"
        },
        {
          "icaoId": "KMSP",
          "new_status": "settled",
          "new_tempC": 16.1,
          "new_tempF": 61,
          "old_status": "pending",
          "old_tempC": 16.1,
          "old_tempF": 61,
          "reportTimeUTC": "2026-09-20T01:00:00.000Z"
        },
        {
          "icaoId": "KMSP",
          "new_status": "settled",
          "new_tempC": 16.7,
          "new_tempF": 62.1,
          "old_status": "pending",
          "old_tempC": 16.7,
          "old_tempF": 62.1,
          "reportTimeUTC": "2026-09-20T02:00:00.000Z"
        },
        {
          "icaoId": "KMSY",
          "new_status": "settled",
          "new_tempC": 29.4,
          "new_tempF": 84.9,
          "old_status": "pending",
          "old_tempC": 29.4,
          "old_tempF": 84.9,
          "reportTimeUTC": "2026-09-20T01:00:00.000Z"
        },
        {
          "icaoId": "KMSY",
          "new_status": "settled",
          "new_tempC": 28.3,
          "new_tempF": 82.9,
          "old_status": "pending",
          "old_tempC": 28.3,
          "old_tempF": 82.9,
          "reportTimeUTC": "2026-09-20T02:00:00.000Z"
        },
        {
          "icaoId": "KNYC",
          "new_status": "settled",
          "new_tempC": 18.9,
          "new_tempF": 66,
          "old_status": "pending",
          "old_tempC": 18.9,
          "old_tempF": 66,
          "reportTimeUTC": "2026-09-20T01:00:00.000Z"
        },
        {
          "icaoId": "KNYC",
          "new_status": "settled",
          "new_tempC": 18.9,
          "new_tempF": 66,
          "old_status": "pending",
          "old_tempC": 18.9,
          "old_tempF": 66,
          "reportTimeUTC": "2026-09-20T02:00:00.000Z"
        },
        {
          "icaoId": "KOKC",
          "new_status": "settled",
          "new_tempC": 31.7,
          "new_tempF": 89.1,
          "old_status": "pending",
          "old_tempC": 31.7,
          "old_tempF": 89.1,
          "reportTimeUTC": "2026-09-20T01:00:00.000Z"
        },
        {
          "icaoId": "KOKC",
          "new_status": "settled",
          "new_tempC": 30.6,
          "new_tempF": 87.1,
          "old_status": "pending",
          "old_tempC": 30.6,
          "old_tempF": 87.1,
          "reportTimeUTC": "2026-09-20T02:00:00.000Z"
        },
        {
          "icaoId": "KORD",
          "new_status": "settled",
          "new_tempC": 20.6,
          "new_tempF": 69.1,
          "old_status": "pending",
          "old_tempC": 20.6,
          "old_tempF": 69.1,
          "reportTimeUTC": "2026-09-20T01:00:00.000Z"
        },
        {
          "icaoId": "KORD",
          "new_status": "settled",
          "new_tempC": 20.6,
          "new_tempF": 69.1,
          "old_status": "pending",
          "old_tempC": 20.6,
          "old_tempF": 69.1,
          "reportTimeUTC": "2026-09-20T02:00:00.000Z"
        },
        {
          "icaoId": "KPHL",
          "new_status": "settled",
          "new_tempC": 20.6,
          "new_tempF": 69.1,
          "old_status": "pending",
          "old_tempC": 20.6,
          "old_tempF": 69.1,
          "reportTimeUTC": "2026-09-20T01:00:00.000Z"
        },
        {
          "icaoId": "KPHL",
          "new_status": "settled",
          "new_tempC": 20.6,
          "new_tempF": 69.1,
          "old_status": "pending",
          "old_tempC": 20.6,
          "old_tempF": 69.1,
          "reportTimeUTC": "2026-09-20T02:00:00.000Z"
        },
        {
          "icaoId": "KPHX",
          "new_status": "settled",
          "new_tempC": 37.8,
          "new_tempF": 100,
          "old_status": "pending",
          "old_tempC": 37.8,
          "old_tempF": 100,
          "reportTimeUTC": "2026-09-20T01:00:00.000Z"
        },
        {
          "icaoId": "KPHX",
          "new_status": "settled",
          "new_tempC": 36.7,
          "new_tempF": 98.1,
          "old_status": "pending",
          "old_tempC": 36.7,
          "old_tempF": 98.1,
          "reportTimeUTC": "2026-09-20T02:00:00.000Z"
        },
        {
          "icaoId": "KPVD",
          "new_status": "settled",
          "new_tempC": 14.4,
          "new_tempF": 57.9,
          "old_status": "pending",
          "old_tempC": 14.4,
          "old_tempF": 57.9,
          "reportTimeUTC": "2026-09-20T01:00:00.000Z"
        },
        {
          "icaoId": "KPVD",
          "new_status": "settled",
          "new_tempC": 14.4,
          "new_tempF": 57.9,
          "old_status": "pending",
          "old_tempC": 14.4,
          "old_tempF": 57.9,
          "reportTimeUTC": "2026-09-20T02:00:00.000Z"
        },
        {
          "icaoId": "KSAN",
          "new_status": "settled",
          "new_tempC": 22.2,
          "new_tempF": 72,
          "old_status": "pending",
          "old_tempC": 22.2,
          "old_tempF": 72,
          "reportTimeUTC": "2026-09-20T01:00:00.000Z"
        },
        {
          "icaoId": "KSAN",
          "new_status": "settled",
          "new_tempC": 21.1,
          "new_tempF": 70,
          "old_status": "pending",
          "old_tempC": 21.1,
          "old_tempF": 70,
          "reportTimeUTC": "2026-09-20T02:00:00.000Z"
        },
        {
          "icaoId": "KSAT",
          "new_status": "settled",
          "new_tempC": 29,
          "new_tempF": 84.2,
          "old_status": "pending",
          "old_tempC": 29,
          "old_tempF": 84.2,
          "reportTimeUTC": "2026-09-20T01:00:00.000Z"
        },
        {
          "icaoId": "KSAT",
          "new_status": "settled",
          "new_tempC": 29,
          "new_tempF": 84.2,
          "old_status": "pending",
          "old_tempC": 29,
          "old_tempF": 84.2,
          "reportTimeUTC": "2026-09-20T02:00:00.000Z"
        },
        {
          "icaoId": "KSDF",
          "new_status": "settled",
          "new_tempC": 30,
          "new_tempF": 86,
          "old_status": "pending",
          "old_tempC": 30,
          "old_tempF": 86,
          "reportTimeUTC": "2026-09-20T01:00:00.000Z"
        },
        {
          "icaoId": "KSDF",
          "new_status": "settled",
          "new_tempC": 28.9,
          "new_tempF": 84,
          "old_status": "pending",
          "old_tempC": 28.9,
          "old_tempF": 84,
          "reportTimeUTC": "2026-09-20T02:00:00.000Z"
        },
        {
          "icaoId": "KSEA",
          "new_status": "settled",
          "new_tempC": 17.2,
          "new_tempF": 63,
          "old_status": "pending",
          "old_tempC": 17.2,
          "old_tempF": 63,
          "reportTimeUTC": "2026-09-20T01:00:00.000Z"
        },
        {
          "icaoId": "KSEA",
          "new_status": "settled",
          "new_tempC": 16.1,
          "new_tempF": 61,
          "old_status": "pending",
          "old_tempC": 16.1,
          "old_tempF": 61,
          "reportTimeUTC": "2026-09-20T02:00:00.000Z"
        },
        {
          "icaoId": "KSFO",
          "new_status": "settled",
          "new_tempC": 16.7,
          "new_tempF": 62.1,
          "old_status": "pending",
          "old_tempC": 16.7,
          "old_tempF": 62.1,
          "reportTimeUTC": "2026-09-20T01:00:00.000Z"
        },
        {
          "icaoId": "KSFO",
          "new_status": "settled",
          "new_tempC": 15,
          "new_tempF": 59,
          "old_status": "pending",
          "old_tempC": 15,
          "old_tempF": 59,
          "reportTimeUTC": "2026-09-20T02:00:00.000Z"
        },
        {
          "icaoId": "KSJC",
          "new_status": "settled",
          "new_tempC": 21.1,
          "new_tempF": 70,
          "old_status": "pending",
          "old_tempC": 21.1,
          "old_tempF": 70,
          "reportTimeUTC": "2026-09-20T01:00:00.000Z"
        },
        {
          "icaoId": "KSJC",
          "new_status": "settled",
          "new_tempC": 18.3,
          "new_tempF": 64.9,
          "old_status": "pending",
          "old_tempC": 18.3,
          "old_tempF": 64.9,
          "reportTimeUTC": "2026-09-20T02:00:00.000Z"
        },
        {
          "icaoId": "KSPG",
          "new_status": "settled",
          "new_tempC": 27.2,
          "new_tempF": 81,
          "old_status": "pending",
          "old_tempC": 27.2,
          "old_tempF": 81,
          "reportTimeUTC": "2026-09-20T01:00:00.000Z"
        },
        {
          "icaoId": "KSPG",
          "new_status": "settled",
          "new_tempC": 26.1,
          "new_tempF": 79,
          "old_status": "pending",
          "old_tempC": 26.1,
          "old_tempF": 79,
          "reportTimeUTC": "2026-09-20T02:00:00.000Z"
        },
        {
          "icaoId": "KTPA",
          "new_status": "settled",
          "new_tempC": 25.6,
          "new_tempF": 78.1,
          "old_status": "pending",
          "old_tempC": 25.6,
          "old_tempF": 78.1,
          "reportTimeUTC": "2026-09-20T01:00:00.000Z"
        },
        {
          "icaoId": "KTPA",
          "new_status": "settled",
          "new_tempC": 25.6,
          "new_tempF": 78.1,
          "old_status": "pending",
          "old_tempC": 25.6,
          "old_tempF": 78.1,
          "reportTimeUTC": "2026-09-20T02:00:00.000Z"
        },
        {
          "icaoId": "KTTN",
          "new_status": "settled",
          "new_tempC": 17.8,
          "new_tempF": 64,
          "old_status": "pending",
          "old_tempC": 17.8,
          "old_tempF": 64,
          "reportTimeUTC": "2026-09-20T01:00:00.000Z"
        },
        {
          "icaoId": "KTTN",
          "new_status": "settled",
          "new_tempC": 17.8,
          "new_tempF": 64,
          "old_status": "pending",
          "old_tempC": 17.8,
          "old_tempF": 64,
          "reportTimeUTC": "2026-09-20T02:00:00.000Z"
        }
      ],
      "fetchedAt": "2026-09-20T02:32:25.441Z",
      "manifest_name": "twc-hourly-20260920T023519Z-8e24335f2a05.json",
      "pending_to_settled_count": 76,
      "pending_to_settled_temperature_change_count": 0,
      "retrieved_at": "2026-09-20T02:35:19.101306+00:00",
      "settled_to_settled_temperature_change_count": 0,
      "sha256": "8e24335f2a05a3dc1fb6c1e36cc37c36ca830ee012b6871562141f3f92e77667",
      "status_change_count": 76,
      "temperature_change_count": 0
    },
    {
      "changes_sample": [
        {
          "icaoId": "KATL",
          "new_status": "settled",
          "new_tempC": 22.2,
          "new_tempF": 72,
          "old_status": "pending",
          "old_tempC": 22.2,
          "old_tempF": 72,
          "reportTimeUTC": "2026-09-20T03:00:00.000Z"
        },
        {
          "icaoId": "KAUS",
          "new_status": "settled",
          "new_tempC": 30,
          "new_tempF": 86,
          "old_status": "pending",
          "old_tempC": 30,
          "old_tempF": 86,
          "reportTimeUTC": "2026-09-20T03:00:00.000Z"
        },
        {
          "icaoId": "KBOS",
          "new_status": "settled",
          "new_tempC": 13.3,
          "new_tempF": 55.9,
          "old_status": "pending",
          "old_tempC": 13.3,
          "old_tempF": 55.9,
          "reportTimeUTC": "2026-09-20T03:00:00.000Z"
        },
        {
          "icaoId": "KCLL",
          "new_status": "settled",
          "new_tempC": 28.9,
          "new_tempF": 84,
          "old_status": "pending",
          "old_tempC": 28.9,
          "old_tempF": 84,
          "reportTimeUTC": "2026-09-20T03:00:00.000Z"
        },
        {
          "icaoId": "KCMH",
          "new_status": "settled",
          "new_tempC": 22.2,
          "new_tempF": 72,
          "old_status": "pending",
          "old_tempC": 22.2,
          "old_tempF": 72,
          "reportTimeUTC": "2026-09-20T03:00:00.000Z"
        },
        {
          "icaoId": "KCVG",
          "new_status": "settled",
          "new_tempC": 26.1,
          "new_tempF": 79,
          "old_status": "pending",
          "old_tempC": 26.1,
          "old_tempF": 79,
          "reportTimeUTC": "2026-09-20T03:00:00.000Z"
        },
        {
          "icaoId": "KDCA",
          "new_status": "settled",
          "new_tempC": 23.3,
          "new_tempF": 73.9,
          "old_status": "pending",
          "old_tempC": 23.3,
          "old_tempF": 73.9,
          "reportTimeUTC": "2026-09-20T03:00:00.000Z"
        },
        {
          "icaoId": "KDEN",
          "new_status": "settled",
          "new_tempC": 14.4,
          "new_tempF": 57.9,
          "old_status": "pending",
          "old_tempC": 14.4,
          "old_tempF": 57.9,
          "reportTimeUTC": "2026-09-20T03:00:00.000Z"
        },
        {
          "icaoId": "KDFW",
          "new_status": "settled",
          "new_tempC": 31.1,
          "new_tempF": 88,
          "old_status": "pending",
          "old_tempC": 31.1,
          "old_tempF": 88,
          "reportTimeUTC": "2026-09-20T03:00:00.000Z"
        },
        {
          "icaoId": "KDJT",
          "new_status": "settled",
          "new_tempC": 24.4,
          "new_tempF": 75.9,
          "old_status": "pending",
          "old_tempC": 24.4,
          "old_tempF": 75.9,
          "reportTimeUTC": "2026-09-20T03:00:00.000Z"
        },
        {
          "icaoId": "KEWR",
          "new_status": "settled",
          "new_tempC": 19.4,
          "new_tempF": 66.9,
          "old_status": "pending",
          "old_tempC": 19.4,
          "old_tempF": 66.9,
          "reportTimeUTC": "2026-09-20T03:00:00.000Z"
        },
        {
          "icaoId": "KGNV",
          "new_status": "settled",
          "new_tempC": 24.4,
          "new_tempF": 75.9,
          "old_status": "pending",
          "old_tempC": 24.4,
          "old_tempF": 75.9,
          "reportTimeUTC": "2026-09-20T03:00:00.000Z"
        },
        {
          "icaoId": "KHOU",
          "new_status": "settled",
          "new_tempC": 26.7,
          "new_tempF": 80.1,
          "old_status": "pending",
          "old_tempC": 26.7,
          "old_tempF": 80.1,
          "reportTimeUTC": "2026-09-20T03:00:00.000Z"
        },
        {
          "icaoId": "KIAH",
          "new_status": "settled",
          "new_tempC": 27.2,
          "new_tempF": 81,
          "old_status": "pending",
          "old_tempC": 27.2,
          "old_tempF": 81,
          "reportTimeUTC": "2026-09-20T03:00:00.000Z"
        },
        {
          "icaoId": "KJAX",
          "new_status": "settled",
          "new_tempC": 25,
          "new_tempF": 77,
          "old_status": "pending",
          "old_tempC": 25,
          "old_tempF": 77,
          "reportTimeUTC": "2026-09-20T03:00:00.000Z"
        },
        {
          "icaoId": "KLAS",
          "new_status": "settled",
          "new_tempC": 30.6,
          "new_tempF": 87.1,
          "old_status": "pending",
          "old_tempC": 30.6,
          "old_tempF": 87.1,
          "reportTimeUTC": "2026-09-20T03:00:00.000Z"
        },
        {
          "icaoId": "KLAX",
          "new_status": "settled",
          "new_tempC": 21.1,
          "new_tempF": 70,
          "old_status": "pending",
          "old_tempC": 21.1,
          "old_tempF": 70,
          "reportTimeUTC": "2026-09-20T03:00:00.000Z"
        },
        {
          "icaoId": "KLEX",
          "new_status": "settled",
          "new_tempC": 25.6,
          "new_tempF": 78.1,
          "old_status": "pending",
          "old_tempC": 25.6,
          "old_tempF": 78.1,
          "reportTimeUTC": "2026-09-20T03:00:00.000Z"
        },
        {
          "icaoId": "KMDW",
          "new_status": "settled",
          "new_tempC": 20.6,
          "new_tempF": 69.1,
          "old_status": "pending",
          "old_tempC": 20.6,
          "old_tempF": 69.1,
          "reportTimeUTC": "2026-09-20T03:00:00.000Z"
        },
        {
          "icaoId": "KMIA",
          "new_status": "settled",
          "new_tempC": 25,
          "new_tempF": 77,
          "old_status": "pending",
          "old_tempC": 25,
          "old_tempF": 77,
          "reportTimeUTC": "2026-09-20T03:00:00.000Z"
        },
        {
          "icaoId": "KMKE",
          "new_status": "settled",
          "new_tempC": 17.2,
          "new_tempF": 63,
          "old_status": "pending",
          "old_tempC": 17.2,
          "old_tempF": 63,
          "reportTimeUTC": "2026-09-20T03:00:00.000Z"
        },
        {
          "icaoId": "KMSP",
          "new_status": "settled",
          "new_tempC": 16.1,
          "new_tempF": 61,
          "old_status": "pending",
          "old_tempC": 16.1,
          "old_tempF": 61,
          "reportTimeUTC": "2026-09-20T03:00:00.000Z"
        },
        {
          "icaoId": "KMSY",
          "new_status": "settled",
          "new_tempC": 27.8,
          "new_tempF": 82,
          "old_status": "pending",
          "old_tempC": 27.8,
          "old_tempF": 82,
          "reportTimeUTC": "2026-09-20T03:00:00.000Z"
        },
        {
          "icaoId": "KNYC",
          "new_status": "settled",
          "new_tempC": 18.9,
          "new_tempF": 66,
          "old_status": "pending",
          "old_tempC": 18.9,
          "old_tempF": 66,
          "reportTimeUTC": "2026-09-20T03:00:00.000Z"
        },
        {
          "icaoId": "KOKC",
          "new_status": "settled",
          "new_tempC": 29.4,
          "new_tempF": 84.9,
          "old_status": "pending",
          "old_tempC": 29.4,
          "old_tempF": 84.9,
          "reportTimeUTC": "2026-09-20T03:00:00.000Z"
        },
        {
          "icaoId": "KORD",
          "new_status": "settled",
          "new_tempC": 20,
          "new_tempF": 68,
          "old_status": "pending",
          "old_tempC": 20,
          "old_tempF": 68,
          "reportTimeUTC": "2026-09-20T03:00:00.000Z"
        },
        {
          "icaoId": "KPHL",
          "new_status": "settled",
          "new_tempC": 20,
          "new_tempF": 68,
          "old_status": "pending",
          "old_tempC": 20,
          "old_tempF": 68,
          "reportTimeUTC": "2026-09-20T03:00:00.000Z"
        },
        {
          "icaoId": "KPHX",
          "new_status": "settled",
          "new_tempC": 36.7,
          "new_tempF": 98.1,
          "old_status": "pending",
          "old_tempC": 36.7,
          "old_tempF": 98.1,
          "reportTimeUTC": "2026-09-20T03:00:00.000Z"
        },
        {
          "icaoId": "KPVD",
          "new_status": "settled",
          "new_tempC": 14.4,
          "new_tempF": 57.9,
          "old_status": "pending",
          "old_tempC": 14.4,
          "old_tempF": 57.9,
          "reportTimeUTC": "2026-09-20T03:00:00.000Z"
        },
        {
          "icaoId": "KSAN",
          "new_status": "settled",
          "new_tempC": 21.1,
          "new_tempF": 70,
          "old_status": "pending",
          "old_tempC": 21.1,
          "old_tempF": 70,
          "reportTimeUTC": "2026-09-20T03:00:00.000Z"
        },
        {
          "icaoId": "KSAT",
          "new_status": "settled",
          "new_tempC": 27.8,
          "new_tempF": 82,
          "old_status": "pending",
          "old_tempC": 27.8,
          "old_tempF": 82,
          "reportTimeUTC": "2026-09-20T03:00:00.000Z"
        },
        {
          "icaoId": "KSDF",
          "new_status": "settled",
          "new_tempC": 28.3,
          "new_tempF": 82.9,
          "old_status": "pending",
          "old_tempC": 28.3,
          "old_tempF": 82.9,
          "reportTimeUTC": "2026-09-20T03:00:00.000Z"
        },
        {
          "icaoId": "KSEA",
          "new_status": "settled",
          "new_tempC": 15,
          "new_tempF": 59,
          "old_status": "pending",
          "old_tempC": 15,
          "old_tempF": 59,
          "reportTimeUTC": "2026-09-20T03:00:00.000Z"
        },
        {
          "icaoId": "KSFO",
          "new_status": "settled",
          "new_tempC": 14.4,
          "new_tempF": 57.9,
          "old_status": "pending",
          "old_tempC": 14.4,
          "old_tempF": 57.9,
          "reportTimeUTC": "2026-09-20T03:00:00.000Z"
        },
        {
          "icaoId": "KSJC",
          "new_status": "settled",
          "new_tempC": 17.2,
          "new_tempF": 63,
          "old_status": "pending",
          "old_tempC": 17.2,
          "old_tempF": 63,
          "reportTimeUTC": "2026-09-20T03:00:00.000Z"
        },
        {
          "icaoId": "KSPG",
          "new_status": "settled",
          "new_tempC": 25.6,
          "new_tempF": 78.1,
          "old_status": "pending",
          "old_tempC": 25.6,
          "old_tempF": 78.1,
          "reportTimeUTC": "2026-09-20T03:00:00.000Z"
        },
        {
          "icaoId": "KTPA",
          "new_status": "settled",
          "new_tempC": 25.6,
          "new_tempF": 78.1,
          "old_status": "pending",
          "old_tempC": 25.6,
          "old_tempF": 78.1,
          "reportTimeUTC": "2026-09-20T03:00:00.000Z"
        },
        {
          "icaoId": "KTTN",
          "new_status": "settled",
          "new_tempC": 17.8,
          "new_tempF": 64,
          "old_status": "pending",
          "old_tempC": 17.8,
          "old_tempF": 64,
          "reportTimeUTC": "2026-09-20T03:00:00.000Z"
        }
      ],
      "fetchedAt": "2026-09-20T03:34:23.948Z",
      "manifest_name": "twc-hourly-20260920T033519Z-bcc9336e606b.json",
      "pending_to_settled_count": 38,
      "pending_to_settled_temperature_change_count": 0,
      "retrieved_at": "2026-09-20T03:35:19.097881+00:00",
      "settled_to_settled_temperature_change_count": 0,
      "sha256": "bcc9336e606b5506089562827a9ba8c954ac168708315a119294379daf112e46",
      "status_change_count": 38,
      "temperature_change_count": 0
    },
    {
      "changes_sample": [
        {
          "icaoId": "KATL",
          "new_status": "settled",
          "new_tempC": 22.2,
          "new_tempF": 72,
          "old_status": "pending",
          "old_tempC": 22.2,
          "old_tempF": 72,
          "reportTimeUTC": "2026-09-20T04:00:00.000Z"
        },
        {
          "icaoId": "KAUS",
          "new_status": "settled",
          "new_tempC": 28.9,
          "new_tempF": 84,
          "old_status": "pending",
          "old_tempC": 28.9,
          "old_tempF": 84,
          "reportTimeUTC": "2026-09-20T04:00:00.000Z"
        },
        {
          "icaoId": "KBOS",
          "new_status": "settled",
          "new_tempC": 12.8,
          "new_tempF": 55,
          "old_status": "pending",
          "old_tempC": 12.8,
          "old_tempF": 55,
          "reportTimeUTC": "2026-09-20T04:00:00.000Z"
        },
        {
          "icaoId": "KCLL",
          "new_status": "settled",
          "new_tempC": 27.8,
          "new_tempF": 82,
          "old_status": "pending",
          "old_tempC": 27.8,
          "old_tempF": 82,
          "reportTimeUTC": "2026-09-20T04:00:00.000Z"
        },
        {
          "icaoId": "KCMH",
          "new_status": "settled",
          "new_tempC": 21.7,
          "new_tempF": 71.1,
          "old_status": "pending",
          "old_tempC": 21.7,
          "old_tempF": 71.1,
          "reportTimeUTC": "2026-09-20T04:00:00.000Z"
        },
        {
          "icaoId": "KCVG",
          "new_status": "settled",
          "new_tempC": 25.6,
          "new_tempF": 78.1,
          "old_status": "pending",
          "old_tempC": 25.6,
          "old_tempF": 78.1,
          "reportTimeUTC": "2026-09-20T04:00:00.000Z"
        },
        {
          "icaoId": "KDCA",
          "new_status": "settled",
          "new_tempC": 23.3,
          "new_tempF": 73.9,
          "old_status": "pending",
          "old_tempC": 23.3,
          "old_tempF": 73.9,
          "reportTimeUTC": "2026-09-20T04:00:00.000Z"
        },
        {
          "icaoId": "KDEN",
          "new_status": "settled",
          "new_tempC": 13.3,
          "new_tempF": 55.9,
          "old_status": "pending",
          "old_tempC": 13.3,
          "old_tempF": 55.9,
          "reportTimeUTC": "2026-09-20T04:00:00.000Z"
        },
        {
          "icaoId": "KDFW",
          "new_status": "settled",
          "new_tempC": 30.6,
          "new_tempF": 87.1,
          "old_status": "pending",
          "old_tempC": 30.6,
          "old_tempF": 87.1,
          "reportTimeUTC": "2026-09-20T04:00:00.000Z"
        },
        {
          "icaoId": "KDJT",
          "new_status": "settled",
          "new_tempC": 23.3,
          "new_tempF": 73.9,
          "old_status": "pending",
          "old_tempC": 23.3,
          "old_tempF": 73.9,
          "reportTimeUTC": "2026-09-20T04:00:00.000Z"
        },
        {
          "icaoId": "KEWR",
          "new_status": "settled",
          "new_tempC": 19.4,
          "new_tempF": 66.9,
          "old_status": "pending",
          "old_tempC": 19.4,
          "old_tempF": 66.9,
          "reportTimeUTC": "2026-09-20T04:00:00.000Z"
        },
        {
          "icaoId": "KLAX",
          "new_status": "settled",
          "new_tempC": 21.1,
          "new_tempF": 70,
          "old_status": "pending",
          "old_tempC": 21.1,
          "old_tempF": 70,
          "reportTimeUTC": "2026-09-20T04:00:00.000Z"
        },
        {
          "icaoId": "KMIA",
          "new_status": "settled",
          "new_tempC": 25,
          "new_tempF": 77,
          "old_status": "pending",
          "old_tempC": 25,
          "old_tempF": 77,
          "reportTimeUTC": "2026-09-20T04:00:00.000Z"
        },
        {
          "icaoId": "KMSP",
          "new_status": "settled",
          "new_tempC": 16.1,
          "new_tempF": 61,
          "old_status": "pending",
          "old_tempC": 16.1,
          "old_tempF": 61,
          "reportTimeUTC": "2026-09-20T04:00:00.000Z"
        },
        {
          "icaoId": "KMSY",
          "new_status": "settled",
          "new_tempC": 26.7,
          "new_tempF": 80.1,
          "old_status": "pending",
          "old_tempC": 26.7,
          "old_tempF": 80.1,
          "reportTimeUTC": "2026-09-20T04:00:00.000Z"
        },
        {
          "icaoId": "KNYC",
          "new_status": "settled",
          "new_tempC": 18.3,
          "new_tempF": 64.9,
          "old_status": "pending",
          "old_tempC": 18.3,
          "old_tempF": 64.9,
          "reportTimeUTC": "2026-09-20T04:00:00.000Z"
        },
        {
          "icaoId": "KOKC",
          "new_status": "settled",
          "new_tempC": 28.9,
          "new_tempF": 84,
          "old_status": "pending",
          "old_tempC": 28.9,
          "old_tempF": 84,
          "reportTimeUTC": "2026-09-20T04:00:00.000Z"
        },
        {
          "icaoId": "KPHL",
          "new_status": "settled",
          "new_tempC": 20,
          "new_tempF": 68,
          "old_status": "pending",
          "old_tempC": 20,
          "old_tempF": 68,
          "reportTimeUTC": "2026-09-20T04:00:00.000Z"
        },
        {
          "icaoId": "KPHX",
          "new_status": "settled",
          "new_tempC": 35.6,
          "new_tempF": 96.1,
          "old_status": "pending",
          "old_tempC": 35.6,
          "old_tempF": 96.1,
          "reportTimeUTC": "2026-09-20T04:00:00.000Z"
        },
        {
          "icaoId": "KSAT",
          "new_status": "settled",
          "new_tempC": 28.3,
          "new_tempF": 82.9,
          "old_status": "pending",
          "old_tempC": 28.3,
          "old_tempF": 82.9,
          "reportTimeUTC": "2026-09-20T04:00:00.000Z"
        },
        {
          "icaoId": "KSEA",
          "new_status": "settled",
          "new_tempC": 14.4,
          "new_tempF": 57.9,
          "old_status": "pending",
          "old_tempC": 14.4,
          "old_tempF": 57.9,
          "reportTimeUTC": "2026-09-20T04:00:00.000Z"
        },
        {
          "icaoId": "KSFO",
          "new_status": "settled",
          "new_tempC": 14.4,
          "new_tempF": 57.9,
          "old_status": "pending",
          "old_tempC": 14.4,
          "old_tempF": 57.9,
          "reportTimeUTC": "2026-09-20T04:00:00.000Z"
        }
      ],
      "fetchedAt": "2026-09-20T04:28:19.848Z",
      "manifest_name": "twc-hourly-20260920T043519Z-dadf89fc1523.json",
      "pending_to_settled_count": 22,
      "pending_to_settled_temperature_change_count": 0,
      "retrieved_at": "2026-09-20T04:35:19.114387+00:00",
      "settled_to_settled_temperature_change_count": 0,
      "sha256": "dadf89fc15237888975f4122d32358d4d301f747e10a873dc18dd91e775ec582",
      "status_change_count": 22,
      "temperature_change_count": 0
    },
    {
      "changes_sample": [
        {
          "icaoId": "KGNV",
          "new_status": "settled",
          "new_tempC": 23.3,
          "new_tempF": 73.9,
          "old_status": "pending",
          "old_tempC": 23.3,
          "old_tempF": 73.9,
          "reportTimeUTC": "2026-09-20T04:00:00.000Z"
        },
        {
          "icaoId": "KHOU",
          "new_status": "settled",
          "new_tempC": 26.7,
          "new_tempF": 80.1,
          "old_status": "pending",
          "old_tempC": 26.7,
          "old_tempF": 80.1,
          "reportTimeUTC": "2026-09-20T04:00:00.000Z"
        },
        {
          "icaoId": "KIAH",
          "new_status": "settled",
          "new_tempC": 25.6,
          "new_tempF": 78.1,
          "old_status": "pending",
          "old_tempC": 25.6,
          "old_tempF": 78.1,
          "reportTimeUTC": "2026-09-20T04:00:00.000Z"
        },
        {
          "icaoId": "KJAX",
          "new_status": "settled",
          "new_tempC": 24.4,
          "new_tempF": 75.9,
          "old_status": "pending",
          "old_tempC": 24.4,
          "old_tempF": 75.9,
          "reportTimeUTC": "2026-09-20T04:00:00.000Z"
        },
        {
          "icaoId": "KLAS",
          "new_status": "settled",
          "new_tempC": 29.4,
          "new_tempF": 84.9,
          "old_status": "pending",
          "old_tempC": 29.4,
          "old_tempF": 84.9,
          "reportTimeUTC": "2026-09-20T04:00:00.000Z"
        },
        {
          "icaoId": "KLEX",
          "new_status": "settled",
          "new_tempC": 25,
          "new_tempF": 77,
          "old_status": "pending",
          "old_tempC": 25,
          "old_tempF": 77,
          "reportTimeUTC": "2026-09-20T04:00:00.000Z"
        },
        {
          "icaoId": "KMDW",
          "new_status": "settled",
          "new_tempC": 20.6,
          "new_tempF": 69.1,
          "old_status": "pending",
          "old_tempC": 20.6,
          "old_tempF": 69.1,
          "reportTimeUTC": "2026-09-20T04:00:00.000Z"
        },
        {
          "icaoId": "KMKE",
          "new_status": "settled",
          "new_tempC": 17.2,
          "new_tempF": 63,
          "old_status": "pending",
          "old_tempC": 17.2,
          "old_tempF": 63,
          "reportTimeUTC": "2026-09-20T04:00:00.000Z"
        },
        {
          "icaoId": "KORD",
          "new_status": "settled",
          "new_tempC": 20.6,
          "new_tempF": 69.1,
          "old_status": "pending",
          "old_tempC": 20.6,
          "old_tempF": 69.1,
          "reportTimeUTC": "2026-09-20T04:00:00.000Z"
        },
        {
          "icaoId": "KPVD",
          "new_status": "settled",
          "new_tempC": 14.4,
          "new_tempF": 57.9,
          "old_status": "pending",
          "old_tempC": 14.4,
          "old_tempF": 57.9,
          "reportTimeUTC": "2026-09-20T04:00:00.000Z"
        },
        {
          "icaoId": "KSAN",
          "new_status": "settled",
          "new_tempC": 21.1,
          "new_tempF": 70,
          "old_status": "pending",
          "old_tempC": 21.1,
          "old_tempF": 70,
          "reportTimeUTC": "2026-09-20T04:00:00.000Z"
        },
        {
          "icaoId": "KSDF",
          "new_status": "settled",
          "new_tempC": 26.7,
          "new_tempF": 80.1,
          "old_status": "pending",
          "old_tempC": 26.7,
          "old_tempF": 80.1,
          "reportTimeUTC": "2026-09-20T04:00:00.000Z"
        },
        {
          "icaoId": "KSJC",
          "new_status": "settled",
          "new_tempC": 16.7,
          "new_tempF": 62.1,
          "old_status": "pending",
          "old_tempC": 16.7,
          "old_tempF": 62.1,
          "reportTimeUTC": "2026-09-20T04:00:00.000Z"
        },
        {
          "icaoId": "KSPG",
          "new_status": "settled",
          "new_tempC": 25.6,
          "new_tempF": 78.1,
          "old_status": "pending",
          "old_tempC": 25.6,
          "old_tempF": 78.1,
          "reportTimeUTC": "2026-09-20T04:00:00.000Z"
        },
        {
          "icaoId": "KTPA",
          "new_status": "settled",
          "new_tempC": 25,
          "new_tempF": 77,
          "old_status": "pending",
          "old_tempC": 25,
          "old_tempF": 77,
          "reportTimeUTC": "2026-09-20T04:00:00.000Z"
        },
        {
          "icaoId": "KTTN",
          "new_status": "settled",
          "new_tempC": 17.8,
          "new_tempF": 64,
          "old_status": "pending",
          "old_tempC": 17.8,
          "old_tempF": 64,
          "reportTimeUTC": "2026-09-20T04:00:00.000Z"
        }
      ],
      "fetchedAt": "2026-09-20T04:47:33.468Z",
      "manifest_name": "twc-hourly-20260920T045019Z-82be4fc75234.json",
      "pending_to_settled_count": 16,
      "pending_to_settled_temperature_change_count": 0,
      "retrieved_at": "2026-09-20T04:50:19.092055+00:00",
      "settled_to_settled_temperature_change_count": 0,
      "sha256": "82be4fc752340f6313ea90be66ff5734a6bdf14e92c19800574c727df48401e4",
      "status_change_count": 16,
      "temperature_change_count": 0
    },
    {
      "changes_sample": [
        {
          "icaoId": "KATL",
          "new_status": "settled",
          "new_tempC": 22.8,
          "new_tempF": 73,
          "old_status": "pending",
          "old_tempC": 22.8,
          "old_tempF": 73,
          "reportTimeUTC": "2026-09-20T05:00:00.000Z"
        },
        {
          "icaoId": "KAUS",
          "new_status": "settled",
          "new_tempC": 27.8,
          "new_tempF": 82,
          "old_status": "pending",
          "old_tempC": 27.8,
          "old_tempF": 82,
          "reportTimeUTC": "2026-09-20T05:00:00.000Z"
        },
        {
          "icaoId": "KBOS",
          "new_status": "settled",
          "new_tempC": 12.8,
          "new_tempF": 55,
          "old_status": "pending",
          "old_tempC": 12.8,
          "old_tempF": 55,
          "reportTimeUTC": "2026-09-20T05:00:00.000Z"
        },
        {
          "icaoId": "KCLL",
          "new_status": "settled",
          "new_tempC": 26.7,
          "new_tempF": 80.1,
          "old_status": "pending",
          "old_tempC": 26.7,
          "old_tempF": 80.1,
          "reportTimeUTC": "2026-09-20T05:00:00.000Z"
        },
        {
          "icaoId": "KCMH",
          "new_status": "settled",
          "new_tempC": 21.7,
          "new_tempF": 71.1,
          "old_status": "pending",
          "old_tempC": 21.7,
          "old_tempF": 71.1,
          "reportTimeUTC": "2026-09-20T05:00:00.000Z"
        },
        {
          "icaoId": "KCVG",
          "new_status": "settled",
          "new_tempC": 25.6,
          "new_tempF": 78.1,
          "old_status": "pending",
          "old_tempC": 25.6,
          "old_tempF": 78.1,
          "reportTimeUTC": "2026-09-20T05:00:00.000Z"
        },
        {
          "icaoId": "KDCA",
          "new_status": "settled",
          "new_tempC": 23.3,
          "new_tempF": 73.9,
          "old_status": "pending",
          "old_tempC": 23.3,
          "old_tempF": 73.9,
          "reportTimeUTC": "2026-09-20T05:00:00.000Z"
        },
        {
          "icaoId": "KDEN",
          "new_status": "settled",
          "new_tempC": 13.9,
          "new_tempF": 57,
          "old_status": "pending",
          "old_tempC": 13.9,
          "old_tempF": 57,
          "reportTimeUTC": "2026-09-20T05:00:00.000Z"
        },
        {
          "icaoId": "KDFW",
          "new_status": "settled",
          "new_tempC": 29.4,
          "new_tempF": 84.9,
          "old_status": "pending",
          "old_tempC": 29.4,
          "old_tempF": 84.9,
          "reportTimeUTC": "2026-09-20T05:00:00.000Z"
        },
        {
          "icaoId": "KDJT",
          "new_status": "settled",
          "new_tempC": 23.3,
          "new_tempF": 73.9,
          "old_status": "pending",
          "old_tempC": 23.3,
          "old_tempF": 73.9,
          "reportTimeUTC": "2026-09-20T05:00:00.000Z"
        },
        {
          "icaoId": "KEWR",
          "new_status": "settled",
          "new_tempC": 19.4,
          "new_tempF": 66.9,
          "old_status": "pending",
          "old_tempC": 19.4,
          "old_tempF": 66.9,
          "reportTimeUTC": "2026-09-20T05:00:00.000Z"
        },
        {
          "icaoId": "KGNV",
          "new_status": "settled",
          "new_tempC": 23.9,
          "new_tempF": 75,
          "old_status": "pending",
          "old_tempC": 23.9,
          "old_tempF": 75,
          "reportTimeUTC": "2026-09-20T05:00:00.000Z"
        },
        {
          "icaoId": "KHOU",
          "new_status": "settled",
          "new_tempC": 26.1,
          "new_tempF": 79,
          "old_status": "pending",
          "old_tempC": 26.1,
          "old_tempF": 79,
          "reportTimeUTC": "2026-09-20T05:00:00.000Z"
        },
        {
          "icaoId": "KIAH",
          "new_status": "settled",
          "new_tempC": 24.4,
          "new_tempF": 75.9,
          "old_status": "pending",
          "old_tempC": 24.4,
          "old_tempF": 75.9,
          "reportTimeUTC": "2026-09-20T05:00:00.000Z"
        },
        {
          "icaoId": "KJAX",
          "new_status": "settled",
          "new_tempC": 23.9,
          "new_tempF": 75,
          "old_status": "pending",
          "old_tempC": 23.9,
          "old_tempF": 75,
          "reportTimeUTC": "2026-09-20T05:00:00.000Z"
        },
        {
          "icaoId": "KLAS",
          "new_status": "settled",
          "new_tempC": 27.8,
          "new_tempF": 82,
          "old_status": "pending",
          "old_tempC": 27.8,
          "old_tempF": 82,
          "reportTimeUTC": "2026-09-20T05:00:00.000Z"
        },
        {
          "icaoId": "KLAX",
          "new_status": "settled",
          "new_tempC": 21.1,
          "new_tempF": 70,
          "old_status": "pending",
          "old_tempC": 21.1,
          "old_tempF": 70,
          "reportTimeUTC": "2026-09-20T05:00:00.000Z"
        },
        {
          "icaoId": "KLEX",
          "new_status": "settled",
          "new_tempC": 24.4,
          "new_tempF": 75.9,
          "old_status": "pending",
          "old_tempC": 24.4,
          "old_tempF": 75.9,
          "reportTimeUTC": "2026-09-20T05:00:00.000Z"
        },
        {
          "icaoId": "KMDW",
          "new_status": "settled",
          "new_tempC": 20.6,
          "new_tempF": 69.1,
          "old_status": "pending",
          "old_tempC": 20.6,
          "old_tempF": 69.1,
          "reportTimeUTC": "2026-09-20T05:00:00.000Z"
        },
        {
          "icaoId": "KMIA",
          "new_status": "settled",
          "new_tempC": 24.4,
          "new_tempF": 75.9,
          "old_status": "pending",
          "old_tempC": 24.4,
          "old_tempF": 75.9,
          "reportTimeUTC": "2026-09-20T05:00:00.000Z"
        },
        {
          "icaoId": "KMKE",
          "new_status": "settled",
          "new_tempC": 17.2,
          "new_tempF": 63,
          "old_status": "pending",
          "old_tempC": 17.2,
          "old_tempF": 63,
          "reportTimeUTC": "2026-09-20T05:00:00.000Z"
        },
        {
          "icaoId": "KMSP",
          "new_status": "settled",
          "new_tempC": 15.6,
          "new_tempF": 60.1,
          "old_status": "pending",
          "old_tempC": 15.6,
          "old_tempF": 60.1,
          "reportTimeUTC": "2026-09-20T05:00:00.000Z"
        },
        {
          "icaoId": "KMSY",
          "new_status": "settled",
          "new_tempC": 26.7,
          "new_tempF": 80.1,
          "old_status": "pending",
          "old_tempC": 26.7,
          "old_tempF": 80.1,
          "reportTimeUTC": "2026-09-20T05:00:00.000Z"
        },
        {
          "icaoId": "KNYC",
          "new_status": "settled",
          "new_tempC": 18.3,
          "new_tempF": 64.9,
          "old_status": "pending",
          "old_tempC": 18.3,
          "old_tempF": 64.9,
          "reportTimeUTC": "2026-09-20T05:00:00.000Z"
        },
        {
          "icaoId": "KOKC",
          "new_status": "settled",
          "new_tempC": 28.3,
          "new_tempF": 82.9,
          "old_status": "pending",
          "old_tempC": 28.3,
          "old_tempF": 82.9,
          "reportTimeUTC": "2026-09-20T05:00:00.000Z"
        },
        {
          "icaoId": "KORD",
          "new_status": "settled",
          "new_tempC": 20.6,
          "new_tempF": 69.1,
          "old_status": "pending",
          "old_tempC": 20.6,
          "old_tempF": 69.1,
          "reportTimeUTC": "2026-09-20T05:00:00.000Z"
        },
        {
          "icaoId": "KPHL",
          "new_status": "settled",
          "new_tempC": 20,
          "new_tempF": 68,
          "old_status": "pending",
          "old_tempC": 20,
          "old_tempF": 68,
          "reportTimeUTC": "2026-09-20T05:00:00.000Z"
        },
        {
          "icaoId": "KPHX",
          "new_status": "settled",
          "new_tempC": 33.9,
          "new_tempF": 93,
          "old_status": "pending",
          "old_tempC": 33.9,
          "old_tempF": 93,
          "reportTimeUTC": "2026-09-20T05:00:00.000Z"
        },
        {
          "icaoId": "KPVD",
          "new_status": "settled",
          "new_tempC": 14.4,
          "new_tempF": 57.9,
          "old_status": "pending",
          "old_tempC": 14.4,
          "old_tempF": 57.9,
          "reportTimeUTC": "2026-09-20T05:00:00.000Z"
        },
        {
          "icaoId": "KSAN",
          "new_status": "settled",
          "new_tempC": 21.1,
          "new_tempF": 70,
          "old_status": "pending",
          "old_tempC": 21.1,
          "old_tempF": 70,
          "reportTimeUTC": "2026-09-20T05:00:00.000Z"
        },
        {
          "icaoId": "KSAT",
          "new_status": "settled",
          "new_tempC": 27.2,
          "new_tempF": 81,
          "old_status": "pending",
          "old_tempC": 27.2,
          "old_tempF": 81,
          "reportTimeUTC": "2026-09-20T05:00:00.000Z"
        },
        {
          "icaoId": "KSDF",
          "new_status": "settled",
          "new_tempC": 27.2,
          "new_tempF": 81,
          "old_status": "pending",
          "old_tempC": 27.2,
          "old_tempF": 81,
          "reportTimeUTC": "2026-09-20T05:00:00.000Z"
        },
        {
          "icaoId": "KSEA",
          "new_status": "settled",
          "new_tempC": 13.9,
          "new_tempF": 57,
          "old_status": "pending",
          "old_tempC": 13.9,
          "old_tempF": 57,
          "reportTimeUTC": "2026-09-20T05:00:00.000Z"
        },
        {
          "icaoId": "KSFO",
          "new_status": "settled",
          "new_tempC": 14.4,
          "new_tempF": 57.9,
          "old_status": "pending",
          "old_tempC": 14.4,
          "old_tempF": 57.9,
          "reportTimeUTC": "2026-09-20T05:00:00.000Z"
        },
        {
          "icaoId": "KSJC",
          "new_status": "settled",
          "new_tempC": 16.1,
          "new_tempF": 61,
          "old_status": "pending",
          "old_tempC": 16.1,
          "old_tempF": 61,
          "reportTimeUTC": "2026-09-20T05:00:00.000Z"
        },
        {
          "icaoId": "KSPG",
          "new_status": "settled",
          "new_tempC": 25,
          "new_tempF": 77,
          "old_status": "pending",
          "old_tempC": 25,
          "old_tempF": 77,
          "reportTimeUTC": "2026-09-20T05:00:00.000Z"
        },
        {
          "icaoId": "KTPA",
          "new_status": "settled",
          "new_tempC": 25,
          "new_tempF": 77,
          "old_status": "pending",
          "old_tempC": 25,
          "old_tempF": 77,
          "reportTimeUTC": "2026-09-20T05:00:00.000Z"
        },
        {
          "icaoId": "KTTN",
          "new_status": "settled",
          "new_tempC": 17.8,
          "new_tempF": 64,
          "old_status": "pending",
          "old_tempC": 17.8,
          "old_tempF": 64,
          "reportTimeUTC": "2026-09-20T05:00:00.000Z"
        }
      ],
      "fetchedAt": "2026-09-20T14:16:03.118Z",
      "manifest_name": "twc-hourly-20260920T141923Z-9b122a420090.json",
      "pending_to_settled_count": 38,
      "pending_to_settled_temperature_change_count": 0,
      "retrieved_at": "2026-09-20T14:19:23.703827+00:00",
      "settled_to_settled_temperature_change_count": 0,
      "sha256": "9b122a420090e4986f76a70969573b5071e8d947322ecfb481084b8bcb099c79",
      "status_change_count": 38,
      "temperature_change_count": 0
    },
    {
      "changes_sample": [
        {
          "icaoId": "KATL",
          "new_status": "settled",
          "new_tempC": 22.2,
          "new_tempF": 72,
          "old_status": "pending",
          "old_tempC": 22.2,
          "old_tempF": 72,
          "reportTimeUTC": "2026-09-20T14:00:00.000Z"
        },
        {
          "icaoId": "KAUS",
          "new_status": "settled",
          "new_tempC": 26.1,
          "new_tempF": 79,
          "old_status": "pending",
          "old_tempC": 26.1,
          "old_tempF": 79,
          "reportTimeUTC": "2026-09-20T14:00:00.000Z"
        },
        {
          "icaoId": "KBOS",
          "new_status": "settled",
          "new_tempC": 16.1,
          "new_tempF": 61,
          "old_status": "pending",
          "old_tempC": 16.1,
          "old_tempF": 61,
          "reportTimeUTC": "2026-09-20T14:00:00.000Z"
        },
        {
          "icaoId": "KCLL",
          "new_status": "settled",
          "new_tempC": 26.1,
          "new_tempF": 79,
          "old_status": "pending",
          "old_tempC": 26.1,
          "old_tempF": 79,
          "reportTimeUTC": "2026-09-20T14:00:00.000Z"
        },
        {
          "icaoId": "KCMH",
          "new_status": "settled",
          "new_tempC": 22.2,
          "new_tempF": 72,
          "old_status": "pending",
          "old_tempC": 22.2,
          "old_tempF": 72,
          "reportTimeUTC": "2026-09-20T14:00:00.000Z"
        },
        {
          "icaoId": "KCVG",
          "new_status": "settled",
          "new_tempC": 25,
          "new_tempF": 77,
          "old_status": "pending",
          "old_tempC": 25,
          "old_tempF": 77,
          "reportTimeUTC": "2026-09-20T14:00:00.000Z"
        },
        {
          "icaoId": "KDCA",
          "new_status": "settled",
          "new_tempC": 24.4,
          "new_tempF": 75.9,
          "old_status": "pending",
          "old_tempC": 24.4,
          "old_tempF": 75.9,
          "reportTimeUTC": "2026-09-20T14:00:00.000Z"
        },
        {
          "icaoId": "KDEN",
          "new_status": "settled",
          "new_tempC": 11.1,
          "new_tempF": 52,
          "old_status": "pending",
          "old_tempC": 11.1,
          "old_tempF": 52,
          "reportTimeUTC": "2026-09-20T14:00:00.000Z"
        },
        {
          "icaoId": "KDFW",
          "new_status": "settled",
          "new_tempC": 27.2,
          "new_tempF": 81,
          "old_status": "pending",
          "old_tempC": 27.2,
          "old_tempF": 81,
          "reportTimeUTC": "2026-09-20T14:00:00.000Z"
        },
        {
          "icaoId": "KDJT",
          "new_status": "settled",
          "new_tempC": 27.2,
          "new_tempF": 81,
          "old_status": "pending",
          "old_tempC": 27.2,
          "old_tempF": 81,
          "reportTimeUTC": "2026-09-20T14:00:00.000Z"
        },
        {
          "icaoId": "KEWR",
          "new_status": "settled",
          "new_tempC": 18.9,
          "new_tempF": 66,
          "old_status": "pending",
          "old_tempC": 18.9,
          "old_tempF": 66,
          "reportTimeUTC": "2026-09-20T14:00:00.000Z"
        },
        {
          "icaoId": "KGNV",
          "new_status": "settled",
          "new_tempC": 27.2,
          "new_tempF": 81,
          "old_status": "pending",
          "old_tempC": 27.2,
          "old_tempF": 81,
          "reportTimeUTC": "2026-09-20T14:00:00.000Z"
        },
        {
          "icaoId": "KHOU",
          "new_status": "settled",
          "new_tempC": 28.3,
          "new_tempF": 82.9,
          "old_status": "pending",
          "old_tempC": 28.3,
          "old_tempF": 82.9,
          "reportTimeUTC": "2026-09-20T14:00:00.000Z"
        },
        {
          "icaoId": "KIAH",
          "new_status": "settled",
          "new_tempC": 27.8,
          "new_tempF": 82,
          "old_status": "pending",
          "old_tempC": 27.8,
          "old_tempF": 82,
          "reportTimeUTC": "2026-09-20T14:00:00.000Z"
        },
        {
          "icaoId": "KJAX",
          "new_status": "settled",
          "new_tempC": 25,
          "new_tempF": 77,
          "old_status": "pending",
          "old_tempC": 25,
          "old_tempF": 77,
          "reportTimeUTC": "2026-09-20T14:00:00.000Z"
        },
        {
          "icaoId": "KLAS",
          "new_status": "settled",
          "new_tempC": 21.7,
          "new_tempF": 71.1,
          "old_status": "pending",
          "old_tempC": 21.7,
          "old_tempF": 71.1,
          "reportTimeUTC": "2026-09-20T14:00:00.000Z"
        },
        {
          "icaoId": "KLAX",
          "new_status": "settled",
          "new_tempC": 21.1,
          "new_tempF": 70,
          "old_status": "pending",
          "old_tempC": 21.1,
          "old_tempF": 70,
          "reportTimeUTC": "2026-09-20T14:00:00.000Z"
        },
        {
          "icaoId": "KLEX",
          "new_status": "settled",
          "new_tempC": 25,
          "new_tempF": 77,
          "old_status": "pending",
          "old_tempC": 25,
          "old_tempF": 77,
          "reportTimeUTC": "2026-09-20T14:00:00.000Z"
        },
        {
          "icaoId": "KMDW",
          "new_status": "settled",
          "new_tempC": 19.4,
          "new_tempF": 66.9,
          "old_status": "pending",
          "old_tempC": 19.4,
          "old_tempF": 66.9,
          "reportTimeUTC": "2026-09-20T14:00:00.000Z"
        },
        {
          "icaoId": "KMIA",
          "new_status": "settled",
          "new_tempC": 26.7,
          "new_tempF": 80.1,
          "old_status": "pending",
          "old_tempC": 26.7,
          "old_tempF": 80.1,
          "reportTimeUTC": "2026-09-20T14:00:00.000Z"
        },
        {
          "icaoId": "KMKE",
          "new_status": "settled",
          "new_tempC": 15.6,
          "new_tempF": 60.1,
          "old_status": "pending",
          "old_tempC": 15.6,
          "old_tempF": 60.1,
          "reportTimeUTC": "2026-09-20T14:00:00.000Z"
        },
        {
          "icaoId": "KMSP",
          "new_status": "settled",
          "new_tempC": 14.4,
          "new_tempF": 57.9,
          "old_status": "pending",
          "old_tempC": 14.4,
          "old_tempF": 57.9,
          "reportTimeUTC": "2026-09-20T14:00:00.000Z"
        },
        {
          "icaoId": "KMSY",
          "new_status": "settled",
          "new_tempC": 28.3,
          "new_tempF": 82.9,
          "old_status": "pending",
          "old_tempC": 28.3,
          "old_tempF": 82.9,
          "reportTimeUTC": "2026-09-20T14:00:00.000Z"
        },
        {
          "icaoId": "KNYC",
          "new_status": "settled",
          "new_tempC": 17.2,
          "new_tempF": 63,
          "old_status": "pending",
          "old_tempC": 17.2,
          "old_tempF": 63,
          "reportTimeUTC": "2026-09-20T14:00:00.000Z"
        },
        {
          "icaoId": "KOKC",
          "new_status": "settled",
          "new_tempC": 25.6,
          "new_tempF": 78.1,
          "old_status": "pending",
          "old_tempC": 25.6,
          "old_tempF": 78.1,
          "reportTimeUTC": "2026-09-20T14:00:00.000Z"
        },
        {
          "icaoId": "KORD",
          "new_status": "settled",
          "new_tempC": 18.3,
          "new_tempF": 64.9,
          "old_status": "pending",
          "old_tempC": 18.3,
          "old_tempF": 64.9,
          "reportTimeUTC": "2026-09-20T14:00:00.000Z"
        },
        {
          "icaoId": "KPHL",
          "new_status": "settled",
          "new_tempC": 22.2,
          "new_tempF": 72,
          "old_status": "pending",
          "old_tempC": 22.2,
          "old_tempF": 72,
          "reportTimeUTC": "2026-09-20T14:00:00.000Z"
        },
        {
          "icaoId": "KPHX",
          "new_status": "settled",
          "new_tempC": 26.1,
          "new_tempF": 79,
          "old_status": "pending",
          "old_tempC": 26.1,
          "old_tempF": 79,
          "reportTimeUTC": "2026-09-20T14:00:00.000Z"
        },
        {
          "icaoId": "KPVD",
          "new_status": "settled",
          "new_tempC": 16.1,
          "new_tempF": 61,
          "old_status": "pending",
          "old_tempC": 16.1,
          "old_tempF": 61,
          "reportTimeUTC": "2026-09-20T14:00:00.000Z"
        },
        {
          "icaoId": "KSAN",
          "new_status": "settled",
          "new_tempC": 21.1,
          "new_tempF": 70,
          "old_status": "pending",
          "old_tempC": 21.1,
          "old_tempF": 70,
          "reportTimeUTC": "2026-09-20T14:00:00.000Z"
        },
        {
          "icaoId": "KSAT",
          "new_status": "settled",
          "new_tempC": 26.1,
          "new_tempF": 79,
          "old_status": "pending",
          "old_tempC": 26.1,
          "old_tempF": 79,
          "reportTimeUTC": "2026-09-20T14:00:00.000Z"
        },
        {
          "icaoId": "KSDF",
          "new_status": "settled",
          "new_tempC": 26.7,
          "new_tempF": 80.1,
          "old_status": "pending",
          "old_tempC": 26.7,
          "old_tempF": 80.1,
          "reportTimeUTC": "2026-09-20T14:00:00.000Z"
        },
        {
          "icaoId": "KSEA",
          "new_status": "settled",
          "new_tempC": 10,
          "new_tempF": 50,
          "old_status": "pending",
          "old_tempC": 10,
          "old_tempF": 50,
          "reportTimeUTC": "2026-09-20T14:00:00.000Z"
        },
        {
          "icaoId": "KSFO",
          "new_status": "settled",
          "new_tempC": 13.9,
          "new_tempF": 57,
          "old_status": "pending",
          "old_tempC": 13.9,
          "old_tempF": 57,
          "reportTimeUTC": "2026-09-20T14:00:00.000Z"
        },
        {
          "icaoId": "KSJC",
          "new_status": "settled",
          "new_tempC": 15,
          "new_tempF": 59,
          "old_status": "pending",
          "old_tempC": 15,
          "old_tempF": 59,
          "reportTimeUTC": "2026-09-20T14:00:00.000Z"
        },
        {
          "icaoId": "KSPG",
          "new_status": "settled",
          "new_tempC": 27.2,
          "new_tempF": 81,
          "old_status": "pending",
          "old_tempC": 27.2,
          "old_tempF": 81,
          "reportTimeUTC": "2026-09-20T14:00:00.000Z"
        },
        {
          "icaoId": "KTPA",
          "new_status": "settled",
          "new_tempC": 26.7,
          "new_tempF": 80.1,
          "old_status": "pending",
          "old_tempC": 26.7,
          "old_tempF": 80.1,
          "reportTimeUTC": "2026-09-20T14:00:00.000Z"
        },
        {
          "icaoId": "KTTN",
          "new_status": "settled",
          "new_tempC": 17.8,
          "new_tempF": 64,
          "old_status": "pending",
          "old_tempC": 17.8,
          "old_tempF": 64,
          "reportTimeUTC": "2026-09-20T14:00:00.000Z"
        }
      ],
      "fetchedAt": "2026-09-20T14:31:55.422Z",
      "manifest_name": "twc-hourly-20260920T143517Z-99dc3c2383e0.json",
      "pending_to_settled_count": 38,
      "pending_to_settled_temperature_change_count": 0,
      "retrieved_at": "2026-09-20T14:35:17.068084+00:00",
      "settled_to_settled_temperature_change_count": 0,
      "sha256": "99dc3c2383e06c06d2699ace892f3aeac70e136709976f40223633ac78765ae3",
      "status_change_count": 38,
      "temperature_change_count": 0
    },
    {
      "changes_sample": [
        {
          "icaoId": "KATL",
          "new_status": "settled",
          "new_tempC": 23.9,
          "new_tempF": 75,
          "old_status": "pending",
          "old_tempC": 23.9,
          "old_tempF": 75,
          "reportTimeUTC": "2026-09-20T15:00:00.000Z"
        },
        {
          "icaoId": "KAUS",
          "new_status": "settled",
          "new_tempC": 28.9,
          "new_tempF": 84,
          "old_status": "pending",
          "old_tempC": 28.9,
          "old_tempF": 84,
          "reportTimeUTC": "2026-09-20T15:00:00.000Z"
        },
        {
          "icaoId": "KBOS",
          "new_status": "settled",
          "new_tempC": 16.7,
          "new_tempF": 62.1,
          "old_status": "pending",
          "old_tempC": 16.7,
          "old_tempF": 62.1,
          "reportTimeUTC": "2026-09-20T15:00:00.000Z"
        },
        {
          "icaoId": "KCLL",
          "new_status": "settled",
          "new_tempC": 28.3,
          "new_tempF": 82.9,
          "old_status": "pending",
          "old_tempC": 28.3,
          "old_tempF": 82.9,
          "reportTimeUTC": "2026-09-20T15:00:00.000Z"
        },
        {
          "icaoId": "KCMH",
          "new_status": "settled",
          "new_tempC": 22.8,
          "new_tempF": 73,
          "old_status": "pending",
          "old_tempC": 22.8,
          "old_tempF": 73,
          "reportTimeUTC": "2026-09-20T15:00:00.000Z"
        },
        {
          "icaoId": "KCVG",
          "new_status": "settled",
          "new_tempC": 27.8,
          "new_tempF": 82,
          "old_status": "pending",
          "old_tempC": 27.8,
          "old_tempF": 82,
          "reportTimeUTC": "2026-09-20T15:00:00.000Z"
        },
        {
          "icaoId": "KDCA",
          "new_status": "settled",
          "new_tempC": 26.7,
          "new_tempF": 80.1,
          "old_status": "pending",
          "old_tempC": 26.7,
          "old_tempF": 80.1,
          "reportTimeUTC": "2026-09-20T15:00:00.000Z"
        },
        {
          "icaoId": "KDEN",
          "new_status": "settled",
          "new_tempC": 15,
          "new_tempF": 59,
          "old_status": "pending",
          "old_tempC": 15,
          "old_tempF": 59,
          "reportTimeUTC": "2026-09-20T15:00:00.000Z"
        },
        {
          "icaoId": "KDFW",
          "new_status": "settled",
          "new_tempC": 28.9,
          "new_tempF": 84,
          "old_status": "pending",
          "old_tempC": 28.9,
          "old_tempF": 84,
          "reportTimeUTC": "2026-09-20T15:00:00.000Z"
        },
        {
          "icaoId": "KDJT",
          "new_status": "settled",
          "new_tempC": 28.9,
          "new_tempF": 84,
          "old_status": "pending",
          "old_tempC": 28.9,
          "old_tempF": 84,
          "reportTimeUTC": "2026-09-20T15:00:00.000Z"
        },
        {
          "icaoId": "KEWR",
          "new_status": "settled",
          "new_tempC": 20,
          "new_tempF": 68,
          "old_status": "pending",
          "old_tempC": 20,
          "old_tempF": 68,
          "reportTimeUTC": "2026-09-20T15:00:00.000Z"
        },
        {
          "icaoId": "KGNV",
          "new_status": "settled",
          "new_tempC": 27.8,
          "new_tempF": 82,
          "old_status": "pending",
          "old_tempC": 27.8,
          "old_tempF": 82,
          "reportTimeUTC": "2026-09-20T15:00:00.000Z"
        },
        {
          "icaoId": "KHOU",
          "new_status": "settled",
          "new_tempC": 29.4,
          "new_tempF": 84.9,
          "old_status": "pending",
          "old_tempC": 29.4,
          "old_tempF": 84.9,
          "reportTimeUTC": "2026-09-20T15:00:00.000Z"
        },
        {
          "icaoId": "KIAH",
          "new_status": "settled",
          "new_tempC": 29.4,
          "new_tempF": 84.9,
          "old_status": "pending",
          "old_tempC": 29.4,
          "old_tempF": 84.9,
          "reportTimeUTC": "2026-09-20T15:00:00.000Z"
        },
        {
          "icaoId": "KJAX",
          "new_status": "settled",
          "new_tempC": 26.1,
          "new_tempF": 79,
          "old_status": "pending",
          "old_tempC": 26.1,
          "old_tempF": 79,
          "reportTimeUTC": "2026-09-20T15:00:00.000Z"
        },
        {
          "icaoId": "KLAS",
          "new_status": "settled",
          "new_tempC": 23.9,
          "new_tempF": 75,
          "old_status": "pending",
          "old_tempC": 23.9,
          "old_tempF": 75,
          "reportTimeUTC": "2026-09-20T15:00:00.000Z"
        },
        {
          "icaoId": "KLAX",
          "new_status": "settled",
          "new_tempC": 21.1,
          "new_tempF": 70,
          "old_status": "pending",
          "old_tempC": 21.1,
          "old_tempF": 70,
          "reportTimeUTC": "2026-09-20T15:00:00.000Z"
        },
        {
          "icaoId": "KLEX",
          "new_status": "settled",
          "new_tempC": 27.2,
          "new_tempF": 81,
          "old_status": "pending",
          "old_tempC": 27.2,
          "old_tempF": 81,
          "reportTimeUTC": "2026-09-20T15:00:00.000Z"
        },
        {
          "icaoId": "KMDW",
          "new_status": "settled",
          "new_tempC": 20,
          "new_tempF": 68,
          "old_status": "pending",
          "old_tempC": 20,
          "old_tempF": 68,
          "reportTimeUTC": "2026-09-20T15:00:00.000Z"
        },
        {
          "icaoId": "KMIA",
          "new_status": "settled",
          "new_tempC": 28.3,
          "new_tempF": 82.9,
          "old_status": "pending",
          "old_tempC": 28.3,
          "old_tempF": 82.9,
          "reportTimeUTC": "2026-09-20T15:00:00.000Z"
        },
        {
          "icaoId": "KMKE",
          "new_status": "settled",
          "new_tempC": 16.7,
          "new_tempF": 62.1,
          "old_status": "pending",
          "old_tempC": 16.7,
          "old_tempF": 62.1,
          "reportTimeUTC": "2026-09-20T15:00:00.000Z"
        },
        {
          "icaoId": "KMSP",
          "new_status": "settled",
          "new_tempC": 16.7,
          "new_tempF": 62.1,
          "old_status": "pending",
          "old_tempC": 16.7,
          "old_tempF": 62.1,
          "reportTimeUTC": "2026-09-20T15:00:00.000Z"
        },
        {
          "icaoId": "KMSY",
          "new_status": "settled",
          "new_tempC": 28.9,
          "new_tempF": 84,
          "old_status": "pending",
          "old_tempC": 28.9,
          "old_tempF": 84,
          "reportTimeUTC": "2026-09-20T15:00:00.000Z"
        },
        {
          "icaoId": "KNYC",
          "new_status": "settled",
          "new_tempC": 17.8,
          "new_tempF": 64,
          "old_status": "pending",
          "old_tempC": 17.8,
          "old_tempF": 64,
          "reportTimeUTC": "2026-09-20T15:00:00.000Z"
        },
        {
          "icaoId": "KOKC",
          "new_status": "settled",
          "new_tempC": 27.2,
          "new_tempF": 81,
          "old_status": "pending",
          "old_tempC": 27.2,
          "old_tempF": 81,
          "reportTimeUTC": "2026-09-20T15:00:00.000Z"
        },
        {
          "icaoId": "KORD",
          "new_status": "settled",
          "new_tempC": 18.9,
          "new_tempF": 66,
          "old_status": "pending",
          "old_tempC": 18.9,
          "old_tempF": 66,
          "reportTimeUTC": "2026-09-20T15:00:00.000Z"
        },
        {
          "icaoId": "KPHL",
          "new_status": "settled",
          "new_tempC": 21.7,
          "new_tempF": 71.1,
          "old_status": "pending",
          "old_tempC": 21.7,
          "old_tempF": 71.1,
          "reportTimeUTC": "2026-09-20T15:00:00.000Z"
        },
        {
          "icaoId": "KPHX",
          "new_status": "settled",
          "new_tempC": 27.8,
          "new_tempF": 82,
          "old_status": "pending",
          "old_tempC": 27.8,
          "old_tempF": 82,
          "reportTimeUTC": "2026-09-20T15:00:00.000Z"
        },
        {
          "icaoId": "KPVD",
          "new_status": "settled",
          "new_tempC": 17.2,
          "new_tempF": 63,
          "old_status": "pending",
          "old_tempC": 17.2,
          "old_tempF": 63,
          "reportTimeUTC": "2026-09-20T15:00:00.000Z"
        },
        {
          "icaoId": "KSAN",
          "new_status": "settled",
          "new_tempC": 21.1,
          "new_tempF": 70,
          "old_status": "pending",
          "old_tempC": 21.1,
          "old_tempF": 70,
          "reportTimeUTC": "2026-09-20T15:00:00.000Z"
        },
        {
          "icaoId": "KSAT",
          "new_status": "settled",
          "new_tempC": 27.2,
          "new_tempF": 81,
          "old_status": "pending",
          "old_tempC": 27.2,
          "old_tempF": 81,
          "reportTimeUTC": "2026-09-20T15:00:00.000Z"
        },
        {
          "icaoId": "KSDF",
          "new_status": "settled",
          "new_tempC": 28.9,
          "new_tempF": 84,
          "old_status": "pending",
          "old_tempC": 28.9,
          "old_tempF": 84,
          "reportTimeUTC": "2026-09-20T15:00:00.000Z"
        },
        {
          "icaoId": "KSEA",
          "new_status": "settled",
          "new_tempC": 12.2,
          "new_tempF": 54,
          "old_status": "pending",
          "old_tempC": 12.2,
          "old_tempF": 54,
          "reportTimeUTC": "2026-09-20T15:00:00.000Z"
        },
        {
          "icaoId": "KSFO",
          "new_status": "settled",
          "new_tempC": 13.9,
          "new_tempF": 57,
          "old_status": "pending",
          "old_tempC": 13.9,
          "old_tempF": 57,
          "reportTimeUTC": "2026-09-20T15:00:00.000Z"
        },
        {
          "icaoId": "KSJC",
          "new_status": "settled",
          "new_tempC": 15,
          "new_tempF": 59,
          "old_status": "pending",
          "old_tempC": 15,
          "old_tempF": 59,
          "reportTimeUTC": "2026-09-20T15:00:00.000Z"
        },
        {
          "icaoId": "KSPG",
          "new_status": "settled",
          "new_tempC": 27.8,
          "new_tempF": 82,
          "old_status": "pending",
          "old_tempC": 27.8,
          "old_tempF": 82,
          "reportTimeUTC": "2026-09-20T15:00:00.000Z"
        },
        {
          "icaoId": "KTPA",
          "new_status": "settled",
          "new_tempC": 28.9,
          "new_tempF": 84,
          "old_status": "pending",
          "old_tempC": 28.9,
          "old_tempF": 84,
          "reportTimeUTC": "2026-09-20T15:00:00.000Z"
        },
        {
          "icaoId": "KTTN",
          "new_status": "settled",
          "new_tempC": 18.3,
          "new_tempF": 64.9,
          "old_status": "pending",
          "old_tempC": 18.3,
          "old_tempF": 64.9,
          "reportTimeUTC": "2026-09-20T15:00:00.000Z"
        }
      ],
      "fetchedAt": "2026-09-20T15:30:33.582Z",
      "manifest_name": "twc-hourly-20260920T153517Z-6aafca8ad6d0.json",
      "pending_to_settled_count": 38,
      "pending_to_settled_temperature_change_count": 0,
      "retrieved_at": "2026-09-20T15:35:17.051960+00:00",
      "settled_to_settled_temperature_change_count": 0,
      "sha256": "6aafca8ad6d0439016bd6d60351023f38349513e8a75cda4bcf642237c8864fc",
      "status_change_count": 38,
      "temperature_change_count": 0
    },
    {
      "changes_sample": [
        {
          "icaoId": "KATL",
          "new_status": "settled",
          "new_tempC": 25,
          "new_tempF": 77,
          "old_status": "pending",
          "old_tempC": 25,
          "old_tempF": 77,
          "reportTimeUTC": "2026-09-20T16:00:00.000Z"
        },
        {
          "icaoId": "KAUS",
          "new_status": "settled",
          "new_tempC": 31.1,
          "new_tempF": 88,
          "old_status": "pending",
          "old_tempC": 31.1,
          "old_tempF": 88,
          "reportTimeUTC": "2026-09-20T16:00:00.000Z"
        },
        {
          "icaoId": "KBOS",
          "new_status": "settled",
          "new_tempC": 16.7,
          "new_tempF": 62.1,
          "old_status": "pending",
          "old_tempC": 16.7,
          "old_tempF": 62.1,
          "reportTimeUTC": "2026-09-20T16:00:00.000Z"
        },
        {
          "icaoId": "KCLL",
          "new_status": "settled",
          "new_tempC": 29.4,
          "new_tempF": 84.9,
          "old_status": "pending",
          "old_tempC": 29.4,
          "old_tempF": 84.9,
          "reportTimeUTC": "2026-09-20T16:00:00.000Z"
        },
        {
          "icaoId": "KCMH",
          "new_status": "settled",
          "new_tempC": 22.2,
          "new_tempF": 72,
          "old_status": "pending",
          "old_tempC": 22.2,
          "old_tempF": 72,
          "reportTimeUTC": "2026-09-20T16:00:00.000Z"
        },
        {
          "icaoId": "KCVG",
          "new_status": "settled",
          "new_tempC": 30,
          "new_tempF": 86,
          "old_status": "pending",
          "old_tempC": 30,
          "old_tempF": 86,
          "reportTimeUTC": "2026-09-20T16:00:00.000Z"
        },
        {
          "icaoId": "KDCA",
          "new_status": "settled",
          "new_tempC": 26.7,
          "new_tempF": 80.1,
          "old_status": "pending",
          "old_tempC": 26.7,
          "old_tempF": 80.1,
          "reportTimeUTC": "2026-09-20T16:00:00.000Z"
        },
        {
          "icaoId": "KDEN",
          "new_status": "settled",
          "new_tempC": 16.1,
          "new_tempF": 61,
          "old_status": "pending",
          "old_tempC": 16.1,
          "old_tempF": 61,
          "reportTimeUTC": "2026-09-20T16:00:00.000Z"
        },
        {
          "icaoId": "KDFW",
          "new_status": "settled",
          "new_tempC": 31.1,
          "new_tempF": 88,
          "old_status": "pending",
          "old_tempC": 31.1,
          "old_tempF": 88,
          "reportTimeUTC": "2026-09-20T16:00:00.000Z"
        },
        {
          "icaoId": "KDJT",
          "new_status": "settled",
          "new_tempC": 30,
          "new_tempF": 86,
          "old_status": "pending",
          "old_tempC": 30,
          "old_tempF": 86,
          "reportTimeUTC": "2026-09-20T16:00:00.000Z"
        },
        {
          "icaoId": "KEWR",
          "new_status": "settled",
          "new_tempC": 20,
          "new_tempF": 68,
          "old_status": "pending",
          "old_tempC": 20,
          "old_tempF": 68,
          "reportTimeUTC": "2026-09-20T16:00:00.000Z"
        },
        {
          "icaoId": "KGNV",
          "new_status": "settled",
          "new_tempC": 28.9,
          "new_tempF": 84,
          "old_status": "pending",
          "old_tempC": 28.9,
          "old_tempF": 84,
          "reportTimeUTC": "2026-09-20T16:00:00.000Z"
        },
        {
          "icaoId": "KHOU",
          "new_status": "settled",
          "new_tempC": 30.6,
          "new_tempF": 87.1,
          "old_status": "pending",
          "old_tempC": 30.6,
          "old_tempF": 87.1,
          "reportTimeUTC": "2026-09-20T16:00:00.000Z"
        },
        {
          "icaoId": "KIAH",
          "new_status": "settled",
          "new_tempC": 30.6,
          "new_tempF": 87.1,
          "old_status": "pending",
          "old_tempC": 30.6,
          "old_tempF": 87.1,
          "reportTimeUTC": "2026-09-20T16:00:00.000Z"
        },
        {
          "icaoId": "KJAX",
          "new_status": "settled",
          "new_tempC": 26.7,
          "new_tempF": 80.1,
          "old_status": "pending",
          "old_tempC": 26.7,
          "old_tempF": 80.1,
          "reportTimeUTC": "2026-09-20T16:00:00.000Z"
        },
        {
          "icaoId": "KLAS",
          "new_status": "settled",
          "new_tempC": 26.1,
          "new_tempF": 79,
          "old_status": "pending",
          "old_tempC": 26.1,
          "old_tempF": 79,
          "reportTimeUTC": "2026-09-20T16:00:00.000Z"
        },
        {
          "icaoId": "KLAX",
          "new_status": "settled",
          "new_tempC": 21.7,
          "new_tempF": 71.1,
          "old_status": "pending",
          "old_tempC": 21.7,
          "old_tempF": 71.1,
          "reportTimeUTC": "2026-09-20T16:00:00.000Z"
        },
        {
          "icaoId": "KLEX",
          "new_status": "settled",
          "new_tempC": 28.9,
          "new_tempF": 84,
          "old_status": "pending",
          "old_tempC": 28.9,
          "old_tempF": 84,
          "reportTimeUTC": "2026-09-20T16:00:00.000Z"
        },
        {
          "icaoId": "KMDW",
          "new_status": "settled",
          "new_tempC": 19.4,
          "new_tempF": 66.9,
          "old_status": "pending",
          "old_tempC": 19.4,
          "old_tempF": 66.9,
          "reportTimeUTC": "2026-09-20T16:00:00.000Z"
        },
        {
          "icaoId": "KMIA",
          "new_status": "settled",
          "new_tempC": 29.4,
          "new_tempF": 84.9,
          "old_status": "pending",
          "old_tempC": 29.4,
          "old_tempF": 84.9,
          "reportTimeUTC": "2026-09-20T16:00:00.000Z"
        },
        {
          "icaoId": "KMKE",
          "new_status": "settled",
          "new_tempC": 16.7,
          "new_tempF": 62.1,
          "old_status": "pending",
          "old_tempC": 16.7,
          "old_tempF": 62.1,
          "reportTimeUTC": "2026-09-20T16:00:00.000Z"
        },
        {
          "icaoId": "KMSP",
          "new_status": "settled",
          "new_tempC": 16.7,
          "new_tempF": 62.1,
          "old_status": "pending",
          "old_tempC": 16.7,
          "old_tempF": 62.1,
          "reportTimeUTC": "2026-09-20T16:00:00.000Z"
        },
        {
          "icaoId": "KMSY",
          "new_status": "settled",
          "new_tempC": 30,
          "new_tempF": 86,
          "old_status": "pending",
          "old_tempC": 30,
          "old_tempF": 86,
          "reportTimeUTC": "2026-09-20T16:00:00.000Z"
        },
        {
          "icaoId": "KNYC",
          "new_status": "settled",
          "new_tempC": 18.3,
          "new_tempF": 64.9,
          "old_status": "pending",
          "old_tempC": 18.3,
          "old_tempF": 64.9,
          "reportTimeUTC": "2026-09-20T16:00:00.000Z"
        },
        {
          "icaoId": "KOKC",
          "new_status": "settled",
          "new_tempC": 29.4,
          "new_tempF": 84.9,
          "old_status": "pending",
          "old_tempC": 29.4,
          "old_tempF": 84.9,
          "reportTimeUTC": "2026-09-20T16:00:00.000Z"
        },
        {
          "icaoId": "KORD",
          "new_status": "settled",
          "new_tempC": 18.9,
          "new_tempF": 66,
          "old_status": "pending",
          "old_tempC": 18.9,
          "old_tempF": 66,
          "reportTimeUTC": "2026-09-20T16:00:00.000Z"
        },
        {
          "icaoId": "KPHL",
          "new_status": "settled",
          "new_tempC": 22.2,
          "new_tempF": 72,
          "old_status": "pending",
          "old_tempC": 22.2,
          "old_tempF": 72,
          "reportTimeUTC": "2026-09-20T16:00:00.000Z"
        },
        {
          "icaoId": "KPHX",
          "new_status": "settled",
          "new_tempC": 30,
          "new_tempF": 86,
          "old_status": "pending",
          "old_tempC": 30,
          "old_tempF": 86,
          "reportTimeUTC": "2026-09-20T16:00:00.000Z"
        },
        {
          "icaoId": "KPVD",
          "new_status": "settled",
          "new_tempC": 16.7,
          "new_tempF": 62.1,
          "old_status": "pending",
          "old_tempC": 16.7,
          "old_tempF": 62.1,
          "reportTimeUTC": "2026-09-20T16:00:00.000Z"
        },
        {
          "icaoId": "KSAN",
          "new_status": "settled",
          "new_tempC": 21.7,
          "new_tempF": 71.1,
          "old_status": "pending",
          "old_tempC": 21.7,
          "old_tempF": 71.1,
          "reportTimeUTC": "2026-09-20T16:00:00.000Z"
        },
        {
          "icaoId": "KSAT",
          "new_status": "settled",
          "new_tempC": 29.4,
          "new_tempF": 84.9,
          "old_status": "pending",
          "old_tempC": 29.4,
          "old_tempF": 84.9,
          "reportTimeUTC": "2026-09-20T16:00:00.000Z"
        },
        {
          "icaoId": "KSDF",
          "new_status": "settled",
          "new_tempC": 30.6,
          "new_tempF": 87.1,
          "old_status": "pending",
          "old_tempC": 30.6,
          "old_tempF": 87.1,
          "reportTimeUTC": "2026-09-20T16:00:00.000Z"
        },
        {
          "icaoId": "KSEA",
          "new_status": "settled",
          "new_tempC": 13.3,
          "new_tempF": 55.9,
          "old_status": "pending",
          "old_tempC": 13.3,
          "old_tempF": 55.9,
          "reportTimeUTC": "2026-09-20T16:00:00.000Z"
        },
        {
          "icaoId": "KSFO",
          "new_status": "settled",
          "new_tempC": 14.4,
          "new_tempF": 57.9,
          "old_status": "pending",
          "old_tempC": 14.4,
          "old_tempF": 57.9,
          "reportTimeUTC": "2026-09-20T16:00:00.000Z"
        },
        {
          "icaoId": "KSJC",
          "new_status": "settled",
          "new_tempC": 15.6,
          "new_tempF": 60.1,
          "old_status": "pending",
          "old_tempC": 15.6,
          "old_tempF": 60.1,
          "reportTimeUTC": "2026-09-20T16:00:00.000Z"
        },
        {
          "icaoId": "KSPG",
          "new_status": "settled",
          "new_tempC": 28.3,
          "new_tempF": 82.9,
          "old_status": "pending",
          "old_tempC": 28.3,
          "old_tempF": 82.9,
          "reportTimeUTC": "2026-09-20T16:00:00.000Z"
        },
        {
          "icaoId": "KTPA",
          "new_status": "settled",
          "new_tempC": 27.2,
          "new_tempF": 81,
          "old_status": "pending",
          "old_tempC": 27.2,
          "old_tempF": 81,
          "reportTimeUTC": "2026-09-20T16:00:00.000Z"
        },
        {
          "icaoId": "KTTN",
          "new_status": "settled",
          "new_tempC": 18.9,
          "new_tempF": 66,
          "old_status": "pending",
          "old_tempC": 18.9,
          "old_tempF": 66,
          "reportTimeUTC": "2026-09-20T16:00:00.000Z"
        }
      ],
      "fetchedAt": "2026-09-20T16:30:59.432Z",
      "manifest_name": "twc-hourly-20260920T163517Z-3fd3b6d825f9.json",
      "pending_to_settled_count": 38,
      "pending_to_settled_temperature_change_count": 0,
      "retrieved_at": "2026-09-20T16:35:17.098480+00:00",
      "settled_to_settled_temperature_change_count": 0,
      "sha256": "3fd3b6d825f93507d075ff80998890cbdeb039ef64ab9c00210b3f89935c1a65",
      "status_change_count": 38,
      "temperature_change_count": 0
    },
    {
      "changes_sample": [
        {
          "icaoId": "KATL",
          "new_status": "settled",
          "new_tempC": 26.7,
          "new_tempF": 80.1,
          "old_status": "pending",
          "old_tempC": 26.7,
          "old_tempF": 80.1,
          "reportTimeUTC": "2026-09-20T17:00:00.000Z"
        },
        {
          "icaoId": "KAUS",
          "new_status": "settled",
          "new_tempC": 32.2,
          "new_tempF": 90,
          "old_status": "pending",
          "old_tempC": 32.2,
          "old_tempF": 90,
          "reportTimeUTC": "2026-09-20T17:00:00.000Z"
        },
        {
          "icaoId": "KBOS",
          "new_status": "settled",
          "new_tempC": 16.7,
          "new_tempF": 62.1,
          "old_status": "pending",
          "old_tempC": 16.7,
          "old_tempF": 62.1,
          "reportTimeUTC": "2026-09-20T17:00:00.000Z"
        },
        {
          "icaoId": "KCLL",
          "new_status": "settled",
          "new_tempC": 31.1,
          "new_tempF": 88,
          "old_status": "pending",
          "old_tempC": 31.1,
          "old_tempF": 88,
          "reportTimeUTC": "2026-09-20T17:00:00.000Z"
        },
        {
          "icaoId": "KCMH",
          "new_status": "settled",
          "new_tempC": 22.8,
          "new_tempF": 73,
          "old_status": "pending",
          "old_tempC": 22.8,
          "old_tempF": 73,
          "reportTimeUTC": "2026-09-20T17:00:00.000Z"
        },
        {
          "icaoId": "KCVG",
          "new_status": "settled",
          "new_tempC": 31.7,
          "new_tempF": 89.1,
          "old_status": "pending",
          "old_tempC": 31.7,
          "old_tempF": 89.1,
          "reportTimeUTC": "2026-09-20T17:00:00.000Z"
        },
        {
          "icaoId": "KDCA",
          "new_status": "settled",
          "new_tempC": 27.2,
          "new_tempF": 81,
          "old_status": "pending",
          "old_tempC": 27.2,
          "old_tempF": 81,
          "reportTimeUTC": "2026-09-20T17:00:00.000Z"
        },
        {
          "icaoId": "KDEN",
          "new_status": "settled",
          "new_tempC": 18.3,
          "new_tempF": 64.9,
          "old_status": "pending",
          "old_tempC": 18.3,
          "old_tempF": 64.9,
          "reportTimeUTC": "2026-09-20T17:00:00.000Z"
        },
        {
          "icaoId": "KDFW",
          "new_status": "settled",
          "new_tempC": 33.3,
          "new_tempF": 91.9,
          "old_status": "pending",
          "old_tempC": 33.3,
          "old_tempF": 91.9,
          "reportTimeUTC": "2026-09-20T17:00:00.000Z"
        },
        {
          "icaoId": "KDJT",
          "new_status": "settled",
          "new_tempC": 30,
          "new_tempF": 86,
          "old_status": "pending",
          "old_tempC": 30,
          "old_tempF": 86,
          "reportTimeUTC": "2026-09-20T17:00:00.000Z"
        },
        {
          "icaoId": "KEWR",
          "new_status": "settled",
          "new_tempC": 20.6,
          "new_tempF": 69.1,
          "old_status": "pending",
          "old_tempC": 20.6,
          "old_tempF": 69.1,
          "reportTimeUTC": "2026-09-20T17:00:00.000Z"
        },
        {
          "icaoId": "KGNV",
          "new_status": "settled",
          "new_tempC": 29.4,
          "new_tempF": 84.9,
          "old_status": "pending",
          "old_tempC": 29.4,
          "old_tempF": 84.9,
          "reportTimeUTC": "2026-09-20T17:00:00.000Z"
        },
        {
          "icaoId": "KHOU",
          "new_status": "settled",
          "new_tempC": 32.2,
          "new_tempF": 90,
          "old_status": "pending",
          "old_tempC": 32.2,
          "old_tempF": 90,
          "reportTimeUTC": "2026-09-20T17:00:00.000Z"
        },
        {
          "icaoId": "KIAH",
          "new_status": "settled",
          "new_tempC": 32.2,
          "new_tempF": 90,
          "old_status": "pending",
          "old_tempC": 32.2,
          "old_tempF": 90,
          "reportTimeUTC": "2026-09-20T17:00:00.000Z"
        },
        {
          "icaoId": "KJAX",
          "new_status": "settled",
          "new_tempC": 26.7,
          "new_tempF": 80.1,
          "old_status": "pending",
          "old_tempC": 26.7,
          "old_tempF": 80.1,
          "reportTimeUTC": "2026-09-20T17:00:00.000Z"
        },
        {
          "icaoId": "KLAS",
          "new_status": "settled",
          "new_tempC": 27.8,
          "new_tempF": 82,
          "old_status": "pending",
          "old_tempC": 27.8,
          "old_tempF": 82,
          "reportTimeUTC": "2026-09-20T17:00:00.000Z"
        },
        {
          "icaoId": "KLAX",
          "new_status": "settled",
          "new_tempC": 21.7,
          "new_tempF": 71.1,
          "old_status": "pending",
          "old_tempC": 21.7,
          "old_tempF": 71.1,
          "reportTimeUTC": "2026-09-20T17:00:00.000Z"
        },
        {
          "icaoId": "KLEX",
          "new_status": "settled",
          "new_tempC": 31.1,
          "new_tempF": 88,
          "old_status": "pending",
          "old_tempC": 31.1,
          "old_tempF": 88,
          "reportTimeUTC": "2026-09-20T17:00:00.000Z"
        },
        {
          "icaoId": "KMDW",
          "new_status": "settled",
          "new_tempC": 19.4,
          "new_tempF": 66.9,
          "old_status": "pending",
          "old_tempC": 19.4,
          "old_tempF": 66.9,
          "reportTimeUTC": "2026-09-20T17:00:00.000Z"
        },
        {
          "icaoId": "KMIA",
          "new_status": "settled",
          "new_tempC": 30.6,
          "new_tempF": 87.1,
          "old_status": "pending",
          "old_tempC": 30.6,
          "old_tempF": 87.1,
          "reportTimeUTC": "2026-09-20T17:00:00.000Z"
        },
        {
          "icaoId": "KMKE",
          "new_status": "settled",
          "new_tempC": 16.7,
          "new_tempF": 62.1,
          "old_status": "pending",
          "old_tempC": 16.7,
          "old_tempF": 62.1,
          "reportTimeUTC": "2026-09-20T17:00:00.000Z"
        },
        {
          "icaoId": "KMSP",
          "new_status": "settled",
          "new_tempC": 15.6,
          "new_tempF": 60.1,
          "old_status": "pending",
          "old_tempC": 15.6,
          "old_tempF": 60.1,
          "reportTimeUTC": "2026-09-20T17:00:00.000Z"
        },
        {
          "icaoId": "KMSY",
          "new_status": "settled",
          "new_tempC": 30.6,
          "new_tempF": 87.1,
          "old_status": "pending",
          "old_tempC": 30.6,
          "old_tempF": 87.1,
          "reportTimeUTC": "2026-09-20T17:00:00.000Z"
        },
        {
          "icaoId": "KNYC",
          "new_status": "settled",
          "new_tempC": 18.9,
          "new_tempF": 66,
          "old_status": "pending",
          "old_tempC": 18.9,
          "old_tempF": 66,
          "reportTimeUTC": "2026-09-20T17:00:00.000Z"
        },
        {
          "icaoId": "KOKC",
          "new_status": "settled",
          "new_tempC": 31.1,
          "new_tempF": 88,
          "old_status": "pending",
          "old_tempC": 31.1,
          "old_tempF": 88,
          "reportTimeUTC": "2026-09-20T17:00:00.000Z"
        },
        {
          "icaoId": "KORD",
          "new_status": "settled",
          "new_tempC": 18.9,
          "new_tempF": 66,
          "old_status": "pending",
          "old_tempC": 18.9,
          "old_tempF": 66,
          "reportTimeUTC": "2026-09-20T17:00:00.000Z"
        },
        {
          "icaoId": "KPHL",
          "new_status": "settled",
          "new_tempC": 23.9,
          "new_tempF": 75,
          "old_status": "pending",
          "old_tempC": 23.9,
          "old_tempF": 75,
          "reportTimeUTC": "2026-09-20T17:00:00.000Z"
        },
        {
          "icaoId": "KPHX",
          "new_status": "settled",
          "new_tempC": 32.2,
          "new_tempF": 90,
          "old_status": "pending",
          "old_tempC": 32.2,
          "old_tempF": 90,
          "reportTimeUTC": "2026-09-20T17:00:00.000Z"
        },
        {
          "icaoId": "KPVD",
          "new_status": "settled",
          "new_tempC": 16.1,
          "new_tempF": 61,
          "old_status": "pending",
          "old_tempC": 16.1,
          "old_tempF": 61,
          "reportTimeUTC": "2026-09-20T17:00:00.000Z"
        },
        {
          "icaoId": "KSAN",
          "new_status": "settled",
          "new_tempC": 22.8,
          "new_tempF": 73,
          "old_status": "pending",
          "old_tempC": 22.8,
          "old_tempF": 73,
          "reportTimeUTC": "2026-09-20T17:00:00.000Z"
        },
        {
          "icaoId": "KSAT",
          "new_status": "settled",
          "new_tempC": 31.1,
          "new_tempF": 88,
          "old_status": "pending",
          "old_tempC": 31.1,
          "old_tempF": 88,
          "reportTimeUTC": "2026-09-20T17:00:00.000Z"
        },
        {
          "icaoId": "KSDF",
          "new_status": "settled",
          "new_tempC": 32.2,
          "new_tempF": 90,
          "old_status": "pending",
          "old_tempC": 32.2,
          "old_tempF": 90,
          "reportTimeUTC": "2026-09-20T17:00:00.000Z"
        },
        {
          "icaoId": "KSEA",
          "new_status": "settled",
          "new_tempC": 14.4,
          "new_tempF": 57.9,
          "old_status": "pending",
          "old_tempC": 14.4,
          "old_tempF": 57.9,
          "reportTimeUTC": "2026-09-20T17:00:00.000Z"
        },
        {
          "icaoId": "KSFO",
          "new_status": "settled",
          "new_tempC": 14.4,
          "new_tempF": 57.9,
          "old_status": "pending",
          "old_tempC": 14.4,
          "old_tempF": 57.9,
          "reportTimeUTC": "2026-09-20T17:00:00.000Z"
        },
        {
          "icaoId": "KSJC",
          "new_status": "settled",
          "new_tempC": 16.1,
          "new_tempF": 61,
          "old_status": "pending",
          "old_tempC": 16.1,
          "old_tempF": 61,
          "reportTimeUTC": "2026-09-20T17:00:00.000Z"
        },
        {
          "icaoId": "KSPG",
          "new_status": "settled",
          "new_tempC": 29.4,
          "new_tempF": 84.9,
          "old_status": "pending",
          "old_tempC": 29.4,
          "old_tempF": 84.9,
          "reportTimeUTC": "2026-09-20T17:00:00.000Z"
        },
        {
          "icaoId": "KTPA",
          "new_status": "settled",
          "new_tempC": 28.9,
          "new_tempF": 84,
          "old_status": "pending",
          "old_tempC": 28.9,
          "old_tempF": 84,
          "reportTimeUTC": "2026-09-20T17:00:00.000Z"
        },
        {
          "icaoId": "KTTN",
          "new_status": "settled",
          "new_tempC": 19.4,
          "new_tempF": 66.9,
          "old_status": "pending",
          "old_tempC": 19.4,
          "old_tempF": 66.9,
          "reportTimeUTC": "2026-09-20T17:00:00.000Z"
        }
      ],
      "fetchedAt": "2026-09-20T17:33:01.251Z",
      "manifest_name": "twc-hourly-20260920T173512Z-da26638bdffb.json",
      "pending_to_settled_count": 38,
      "pending_to_settled_temperature_change_count": 0,
      "retrieved_at": "2026-09-20T17:35:12.352057+00:00",
      "settled_to_settled_temperature_change_count": 0,
      "sha256": "da26638bdffb636dcc68a15f36d4e7ecf42dd233f9fe2613bea789d4d45ad568",
      "status_change_count": 38,
      "temperature_change_count": 0
    },
    {
      "changes_sample": [
        {
          "icaoId": "KATL",
          "new_status": "settled",
          "new_tempC": 28.3,
          "new_tempF": 82.9,
          "old_status": "pending",
          "old_tempC": 28.3,
          "old_tempF": 82.9,
          "reportTimeUTC": "2026-09-20T18:00:00.000Z"
        },
        {
          "icaoId": "KAUS",
          "new_status": "settled",
          "new_tempC": 34.4,
          "new_tempF": 93.9,
          "old_status": "pending",
          "old_tempC": 34.4,
          "old_tempF": 93.9,
          "reportTimeUTC": "2026-09-20T18:00:00.000Z"
        },
        {
          "icaoId": "KBOS",
          "new_status": "settled",
          "new_tempC": 17.2,
          "new_tempF": 63,
          "old_status": "pending",
          "old_tempC": 17.2,
          "old_tempF": 63,
          "reportTimeUTC": "2026-09-20T18:00:00.000Z"
        },
        {
          "icaoId": "KCLL",
          "new_status": "settled",
          "new_tempC": 32.2,
          "new_tempF": 90,
          "old_status": "pending",
          "old_tempC": 32.2,
          "old_tempF": 90,
          "reportTimeUTC": "2026-09-20T18:00:00.000Z"
        },
        {
          "icaoId": "KCMH",
          "new_status": "settled",
          "new_tempC": 23.3,
          "new_tempF": 73.9,
          "old_status": "pending",
          "old_tempC": 23.3,
          "old_tempF": 73.9,
          "reportTimeUTC": "2026-09-20T18:00:00.000Z"
        },
        {
          "icaoId": "KCVG",
          "new_status": "settled",
          "new_tempC": 32.8,
          "new_tempF": 91,
          "old_status": "pending",
          "old_tempC": 32.8,
          "old_tempF": 91,
          "reportTimeUTC": "2026-09-20T18:00:00.000Z"
        },
        {
          "icaoId": "KDCA",
          "new_status": "settled",
          "new_tempC": 27.8,
          "new_tempF": 82,
          "old_status": "pending",
          "old_tempC": 27.8,
          "old_tempF": 82,
          "reportTimeUTC": "2026-09-20T18:00:00.000Z"
        },
        {
          "icaoId": "KDEN",
          "new_status": "settled",
          "new_tempC": 19.4,
          "new_tempF": 66.9,
          "old_status": "pending",
          "old_tempC": 19.4,
          "old_tempF": 66.9,
          "reportTimeUTC": "2026-09-20T18:00:00.000Z"
        },
        {
          "icaoId": "KDFW",
          "new_status": "settled",
          "new_tempC": 33.3,
          "new_tempF": 91.9,
          "old_status": "pending",
          "old_tempC": 33.3,
          "old_tempF": 91.9,
          "reportTimeUTC": "2026-09-20T18:00:00.000Z"
        },
        {
          "icaoId": "KDJT",
          "new_status": "settled",
          "new_tempC": 24.4,
          "new_tempF": 75.9,
          "old_status": "pending",
          "old_tempC": 24.4,
          "old_tempF": 75.9,
          "reportTimeUTC": "2026-09-20T18:00:00.000Z"
        },
        {
          "icaoId": "KEWR",
          "new_status": "settled",
          "new_tempC": 20,
          "new_tempF": 68,
          "old_status": "pending",
          "old_tempC": 20,
          "old_tempF": 68,
          "reportTimeUTC": "2026-09-20T18:00:00.000Z"
        },
        {
          "icaoId": "KGNV",
          "new_status": "settled",
          "new_tempC": 30,
          "new_tempF": 86,
          "old_status": "pending",
          "old_tempC": 30,
          "old_tempF": 86,
          "reportTimeUTC": "2026-09-20T18:00:00.000Z"
        },
        {
          "icaoId": "KHOU",
          "new_status": "settled",
          "new_tempC": 32.2,
          "new_tempF": 90,
          "old_status": "pending",
          "old_tempC": 32.2,
          "old_tempF": 90,
          "reportTimeUTC": "2026-09-20T18:00:00.000Z"
        },
        {
          "icaoId": "KIAH",
          "new_status": "settled",
          "new_tempC": 33.3,
          "new_tempF": 91.9,
          "old_status": "pending",
          "old_tempC": 33.3,
          "old_tempF": 91.9,
          "reportTimeUTC": "2026-09-20T18:00:00.000Z"
        },
        {
          "icaoId": "KJAX",
          "new_status": "settled",
          "new_tempC": 27.2,
          "new_tempF": 81,
          "old_status": "pending",
          "old_tempC": 27.2,
          "old_tempF": 81,
          "reportTimeUTC": "2026-09-20T18:00:00.000Z"
        },
        {
          "icaoId": "KLAS",
          "new_status": "settled",
          "new_tempC": 30,
          "new_tempF": 86,
          "old_status": "pending",
          "old_tempC": 30,
          "old_tempF": 86,
          "reportTimeUTC": "2026-09-20T18:00:00.000Z"
        },
        {
          "icaoId": "KLAX",
          "new_status": "settled",
          "new_tempC": 22.2,
          "new_tempF": 72,
          "old_status": "pending",
          "old_tempC": 22.2,
          "old_tempF": 72,
          "reportTimeUTC": "2026-09-20T18:00:00.000Z"
        },
        {
          "icaoId": "KLEX",
          "new_status": "settled",
          "new_tempC": 32.2,
          "new_tempF": 90,
          "old_status": "pending",
          "old_tempC": 32.2,
          "old_tempF": 90,
          "reportTimeUTC": "2026-09-20T18:00:00.000Z"
        },
        {
          "icaoId": "KMDW",
          "new_status": "settled",
          "new_tempC": 18.9,
          "new_tempF": 66,
          "old_status": "pending",
          "old_tempC": 18.9,
          "old_tempF": 66,
          "reportTimeUTC": "2026-09-20T18:00:00.000Z"
        },
        {
          "icaoId": "KMIA",
          "new_status": "settled",
          "new_tempC": 31.7,
          "new_tempF": 89.1,
          "old_status": "pending",
          "old_tempC": 31.7,
          "old_tempF": 89.1,
          "reportTimeUTC": "2026-09-20T18:00:00.000Z"
        },
        {
          "icaoId": "KMKE",
          "new_status": "settled",
          "new_tempC": 16.1,
          "new_tempF": 61,
          "old_status": "pending",
          "old_tempC": 16.1,
          "old_tempF": 61,
          "reportTimeUTC": "2026-09-20T18:00:00.000Z"
        },
        {
          "icaoId": "KMSP",
          "new_status": "settled",
          "new_tempC": 16.1,
          "new_tempF": 61,
          "old_status": "pending",
          "old_tempC": 16.1,
          "old_tempF": 61,
          "reportTimeUTC": "2026-09-20T18:00:00.000Z"
        },
        {
          "icaoId": "KMSY",
          "new_status": "settled",
          "new_tempC": 31.1,
          "new_tempF": 88,
          "old_status": "pending",
          "old_tempC": 31.1,
          "old_tempF": 88,
          "reportTimeUTC": "2026-09-20T18:00:00.000Z"
        },
        {
          "icaoId": "KNYC",
          "new_status": "settled",
          "new_tempC": 18.9,
          "new_tempF": 66,
          "old_status": "pending",
          "old_tempC": 18.9,
          "old_tempF": 66,
          "reportTimeUTC": "2026-09-20T18:00:00.000Z"
        },
        {
          "icaoId": "KOKC",
          "new_status": "settled",
          "new_tempC": 33.3,
          "new_tempF": 91.9,
          "old_status": "pending",
          "old_tempC": 33.3,
          "old_tempF": 91.9,
          "reportTimeUTC": "2026-09-20T18:00:00.000Z"
        },
        {
          "icaoId": "KORD",
          "new_status": "settled",
          "new_tempC": 18.9,
          "new_tempF": 66,
          "old_status": "pending",
          "old_tempC": 18.9,
          "old_tempF": 66,
          "reportTimeUTC": "2026-09-20T18:00:00.000Z"
        },
        {
          "icaoId": "KPHL",
          "new_status": "settled",
          "new_tempC": 24.4,
          "new_tempF": 75.9,
          "old_status": "pending",
          "old_tempC": 24.4,
          "old_tempF": 75.9,
          "reportTimeUTC": "2026-09-20T18:00:00.000Z"
        },
        {
          "icaoId": "KPHX",
          "new_status": "settled",
          "new_tempC": 33.9,
          "new_tempF": 93,
          "old_status": "pending",
          "old_tempC": 33.9,
          "old_tempF": 93,
          "reportTimeUTC": "2026-09-20T18:00:00.000Z"
        },
        {
          "icaoId": "KPVD",
          "new_status": "settled",
          "new_tempC": 16.1,
          "new_tempF": 61,
          "old_status": "pending",
          "old_tempC": 16.1,
          "old_tempF": 61,
          "reportTimeUTC": "2026-09-20T18:00:00.000Z"
        },
        {
          "icaoId": "KSAN",
          "new_status": "settled",
          "new_tempC": 23.3,
          "new_tempF": 73.9,
          "old_status": "pending",
          "old_tempC": 23.3,
          "old_tempF": 73.9,
          "reportTimeUTC": "2026-09-20T18:00:00.000Z"
        },
        {
          "icaoId": "KSAT",
          "new_status": "settled",
          "new_tempC": 32,
          "new_tempF": 89.6,
          "old_status": "pending",
          "old_tempC": 32,
          "old_tempF": 89.6,
          "reportTimeUTC": "2026-09-20T18:00:00.000Z"
        },
        {
          "icaoId": "KSDF",
          "new_status": "settled",
          "new_tempC": 34.4,
          "new_tempF": 93.9,
          "old_status": "pending",
          "old_tempC": 34.4,
          "old_tempF": 93.9,
          "reportTimeUTC": "2026-09-20T18:00:00.000Z"
        },
        {
          "icaoId": "KSEA",
          "new_status": "settled",
          "new_tempC": 16.7,
          "new_tempF": 62.1,
          "old_status": "pending",
          "old_tempC": 16.7,
          "old_tempF": 62.1,
          "reportTimeUTC": "2026-09-20T18:00:00.000Z"
        },
        {
          "icaoId": "KSFO",
          "new_status": "settled",
          "new_tempC": 15.6,
          "new_tempF": 60.1,
          "old_status": "pending",
          "old_tempC": 15.6,
          "old_tempF": 60.1,
          "reportTimeUTC": "2026-09-20T18:00:00.000Z"
        },
        {
          "icaoId": "KSJC",
          "new_status": "settled",
          "new_tempC": 17.2,
          "new_tempF": 63,
          "old_status": "pending",
          "old_tempC": 17.2,
          "old_tempF": 63,
          "reportTimeUTC": "2026-09-20T18:00:00.000Z"
        },
        {
          "icaoId": "KSPG",
          "new_status": "settled",
          "new_tempC": 30,
          "new_tempF": 86,
          "old_status": "pending",
          "old_tempC": 30,
          "old_tempF": 86,
          "reportTimeUTC": "2026-09-20T18:00:00.000Z"
        },
        {
          "icaoId": "KTPA",
          "new_status": "settled",
          "new_tempC": 30,
          "new_tempF": 86,
          "old_status": "pending",
          "old_tempC": 30,
          "old_tempF": 86,
          "reportTimeUTC": "2026-09-20T18:00:00.000Z"
        },
        {
          "icaoId": "KTTN",
          "new_status": "settled",
          "new_tempC": 20.6,
          "new_tempF": 69.1,
          "old_status": "pending",
          "old_tempC": 20.6,
          "old_tempF": 69.1,
          "reportTimeUTC": "2026-09-20T18:00:00.000Z"
        }
      ],
      "fetchedAt": "2026-09-20T18:34:52.475Z",
      "manifest_name": "twc-hourly-20260920T183512Z-4594e9dee713.json",
      "pending_to_settled_count": 38,
      "pending_to_settled_temperature_change_count": 0,
      "retrieved_at": "2026-09-20T18:35:12.349006+00:00",
      "settled_to_settled_temperature_change_count": 0,
      "sha256": "4594e9dee713b38577c572391641fbeebe80f946433c67a28dc70d1769524449",
      "status_change_count": 38,
      "temperature_change_count": 0
    },
    {
      "changes_sample": [
        {
          "icaoId": "KATL",
          "new_status": "settled",
          "new_tempC": 29.4,
          "new_tempF": 84.9,
          "old_status": "pending",
          "old_tempC": 29.4,
          "old_tempF": 84.9,
          "reportTimeUTC": "2026-09-20T19:00:00.000Z"
        },
        {
          "icaoId": "KAUS",
          "new_status": "settled",
          "new_tempC": 34.4,
          "new_tempF": 93.9,
          "old_status": "pending",
          "old_tempC": 34.4,
          "old_tempF": 93.9,
          "reportTimeUTC": "2026-09-20T19:00:00.000Z"
        },
        {
          "icaoId": "KBOS",
          "new_status": "settled",
          "new_tempC": 17.2,
          "new_tempF": 63,
          "old_status": "pending",
          "old_tempC": 17.2,
          "old_tempF": 63,
          "reportTimeUTC": "2026-09-20T19:00:00.000Z"
        },
        {
          "icaoId": "KCLL",
          "new_status": "settled",
          "new_tempC": 32.8,
          "new_tempF": 91,
          "old_status": "pending",
          "old_tempC": 32.8,
          "old_tempF": 91,
          "reportTimeUTC": "2026-09-20T19:00:00.000Z"
        },
        {
          "icaoId": "KCMH",
          "new_status": "settled",
          "new_tempC": 25.6,
          "new_tempF": 78.1,
          "old_status": "pending",
          "old_tempC": 25.6,
          "old_tempF": 78.1,
          "reportTimeUTC": "2026-09-20T19:00:00.000Z"
        },
        {
          "icaoId": "KCVG",
          "new_status": "settled",
          "new_tempC": 33.9,
          "new_tempF": 93,
          "old_status": "pending",
          "old_tempC": 33.9,
          "old_tempF": 93,
          "reportTimeUTC": "2026-09-20T19:00:00.000Z"
        },
        {
          "icaoId": "KDCA",
          "new_status": "settled",
          "new_tempC": 27.2,
          "new_tempF": 81,
          "old_status": "pending",
          "old_tempC": 27.2,
          "old_tempF": 81,
          "reportTimeUTC": "2026-09-20T19:00:00.000Z"
        },
        {
          "icaoId": "KDEN",
          "new_status": "settled",
          "new_tempC": 20.6,
          "new_tempF": 69.1,
          "old_status": "pending",
          "old_tempC": 20.6,
          "old_tempF": 69.1,
          "reportTimeUTC": "2026-09-20T19:00:00.000Z"
        },
        {
          "icaoId": "KDFW",
          "new_status": "settled",
          "new_tempC": 35.6,
          "new_tempF": 96.1,
          "old_status": "pending",
          "old_tempC": 35.6,
          "old_tempF": 96.1,
          "reportTimeUTC": "2026-09-20T19:00:00.000Z"
        },
        {
          "icaoId": "KDJT",
          "new_status": "settled",
          "new_tempC": 24.4,
          "new_tempF": 75.9,
          "old_status": "pending",
          "old_tempC": 24.4,
          "old_tempF": 75.9,
          "reportTimeUTC": "2026-09-20T19:00:00.000Z"
        },
        {
          "icaoId": "KEWR",
          "new_status": "settled",
          "new_tempC": 20,
          "new_tempF": 68,
          "old_status": "pending",
          "old_tempC": 20,
          "old_tempF": 68,
          "reportTimeUTC": "2026-09-20T19:00:00.000Z"
        },
        {
          "icaoId": "KGNV",
          "new_status": "settled",
          "new_tempC": 27.8,
          "new_tempF": 82,
          "old_status": "pending",
          "old_tempC": 27.8,
          "old_tempF": 82,
          "reportTimeUTC": "2026-09-20T19:00:00.000Z"
        },
        {
          "icaoId": "KHOU",
          "new_status": "settled",
          "new_tempC": 33.3,
          "new_tempF": 91.9,
          "old_status": "pending",
          "old_tempC": 33.3,
          "old_tempF": 91.9,
          "reportTimeUTC": "2026-09-20T19:00:00.000Z"
        },
        {
          "icaoId": "KIAH",
          "new_status": "settled",
          "new_tempC": 33.9,
          "new_tempF": 93,
          "old_status": "pending",
          "old_tempC": 33.9,
          "old_tempF": 93,
          "reportTimeUTC": "2026-09-20T19:00:00.000Z"
        },
        {
          "icaoId": "KJAX",
          "new_status": "settled",
          "new_tempC": 29.4,
          "new_tempF": 84.9,
          "old_status": "pending",
          "old_tempC": 29.4,
          "old_tempF": 84.9,
          "reportTimeUTC": "2026-09-20T19:00:00.000Z"
        },
        {
          "icaoId": "KLAS",
          "new_status": "settled",
          "new_tempC": 30.6,
          "new_tempF": 87.1,
          "old_status": "pending",
          "old_tempC": 30.6,
          "old_tempF": 87.1,
          "reportTimeUTC": "2026-09-20T19:00:00.000Z"
        },
        {
          "icaoId": "KLAX",
          "new_status": "settled",
          "new_tempC": 23.3,
          "new_tempF": 73.9,
          "old_status": "pending",
          "old_tempC": 23.3,
          "old_tempF": 73.9,
          "reportTimeUTC": "2026-09-20T19:00:00.000Z"
        },
        {
          "icaoId": "KLEX",
          "new_status": "settled",
          "new_tempC": 31.7,
          "new_tempF": 89.1,
          "old_status": "pending",
          "old_tempC": 31.7,
          "old_tempF": 89.1,
          "reportTimeUTC": "2026-09-20T19:00:00.000Z"
        },
        {
          "icaoId": "KMDW",
          "new_status": "settled",
          "new_tempC": 18.9,
          "new_tempF": 66,
          "old_status": "pending",
          "old_tempC": 18.9,
          "old_tempF": 66,
          "reportTimeUTC": "2026-09-20T19:00:00.000Z"
        },
        {
          "icaoId": "KMIA",
          "new_status": "settled",
          "new_tempC": 30,
          "new_tempF": 86,
          "old_status": "pending",
          "old_tempC": 30,
          "old_tempF": 86,
          "reportTimeUTC": "2026-09-20T19:00:00.000Z"
        },
        {
          "icaoId": "KMKE",
          "new_status": "settled",
          "new_tempC": 15.6,
          "new_tempF": 60.1,
          "old_status": "pending",
          "old_tempC": 15.6,
          "old_tempF": 60.1,
          "reportTimeUTC": "2026-09-20T19:00:00.000Z"
        },
        {
          "icaoId": "KMSP",
          "new_status": "settled",
          "new_tempC": 16.7,
          "new_tempF": 62.1,
          "old_status": "pending",
          "old_tempC": 16.7,
          "old_tempF": 62.1,
          "reportTimeUTC": "2026-09-20T19:00:00.000Z"
        },
        {
          "icaoId": "KMSY",
          "new_status": "settled",
          "new_tempC": 31.7,
          "new_tempF": 89.1,
          "old_status": "pending",
          "old_tempC": 31.7,
          "old_tempF": 89.1,
          "reportTimeUTC": "2026-09-20T19:00:00.000Z"
        },
        {
          "icaoId": "KNYC",
          "new_status": "settled",
          "new_tempC": 18.9,
          "new_tempF": 66,
          "old_status": "pending",
          "old_tempC": 18.9,
          "old_tempF": 66,
          "reportTimeUTC": "2026-09-20T19:00:00.000Z"
        },
        {
          "icaoId": "KOKC",
          "new_status": "settled",
          "new_tempC": 33.3,
          "new_tempF": 91.9,
          "old_status": "pending",
          "old_tempC": 33.3,
          "old_tempF": 91.9,
          "reportTimeUTC": "2026-09-20T19:00:00.000Z"
        },
        {
          "icaoId": "KORD",
          "new_status": "settled",
          "new_tempC": 18.9,
          "new_tempF": 66,
          "old_status": "pending",
          "old_tempC": 18.9,
          "old_tempF": 66,
          "reportTimeUTC": "2026-09-20T19:00:00.000Z"
        },
        {
          "icaoId": "KPHL",
          "new_status": "settled",
          "new_tempC": 25,
          "new_tempF": 77,
          "old_status": "pending",
          "old_tempC": 25,
          "old_tempF": 77,
          "reportTimeUTC": "2026-09-20T19:00:00.000Z"
        },
        {
          "icaoId": "KPHX",
          "new_status": "settled",
          "new_tempC": 35.6,
          "new_tempF": 96.1,
          "old_status": "pending",
          "old_tempC": 35.6,
          "old_tempF": 96.1,
          "reportTimeUTC": "2026-09-20T19:00:00.000Z"
        },
        {
          "icaoId": "KPVD",
          "new_status": "settled",
          "new_tempC": 16.7,
          "new_tempF": 62.1,
          "old_status": "pending",
          "old_tempC": 16.7,
          "old_tempF": 62.1,
          "reportTimeUTC": "2026-09-20T19:00:00.000Z"
        },
        {
          "icaoId": "KSAN",
          "new_status": "settled",
          "new_tempC": 24.4,
          "new_tempF": 75.9,
          "old_status": "pending",
          "old_tempC": 24.4,
          "old_tempF": 75.9,
          "reportTimeUTC": "2026-09-20T19:00:00.000Z"
        },
        {
          "icaoId": "KSAT",
          "new_status": "settled",
          "new_tempC": 32,
          "new_tempF": 89.6,
          "old_status": "pending",
          "old_tempC": 32,
          "old_tempF": 89.6,
          "reportTimeUTC": "2026-09-20T19:00:00.000Z"
        },
        {
          "icaoId": "KSDF",
          "new_status": "settled",
          "new_tempC": 33.9,
          "new_tempF": 93,
          "old_status": "pending",
          "old_tempC": 33.9,
          "old_tempF": 93,
          "reportTimeUTC": "2026-09-20T19:00:00.000Z"
        },
        {
          "icaoId": "KSEA",
          "new_status": "settled",
          "new_tempC": 17.2,
          "new_tempF": 63,
          "old_status": "pending",
          "old_tempC": 17.2,
          "old_tempF": 63,
          "reportTimeUTC": "2026-09-20T19:00:00.000Z"
        },
        {
          "icaoId": "KSFO",
          "new_status": "settled",
          "new_tempC": 15.6,
          "new_tempF": 60.1,
          "old_status": "pending",
          "old_tempC": 15.6,
          "old_tempF": 60.1,
          "reportTimeUTC": "2026-09-20T19:00:00.000Z"
        },
        {
          "icaoId": "KSJC",
          "new_status": "settled",
          "new_tempC": 18.3,
          "new_tempF": 64.9,
          "old_status": "pending",
          "old_tempC": 18.3,
          "old_tempF": 64.9,
          "reportTimeUTC": "2026-09-20T19:00:00.000Z"
        },
        {
          "icaoId": "KSPG",
          "new_status": "settled",
          "new_tempC": 30.6,
          "new_tempF": 87.1,
          "old_status": "pending",
          "old_tempC": 30.6,
          "old_tempF": 87.1,
          "reportTimeUTC": "2026-09-20T19:00:00.000Z"
        },
        {
          "icaoId": "KTPA",
          "new_status": "settled",
          "new_tempC": 30.6,
          "new_tempF": 87.1,
          "old_status": "pending",
          "old_tempC": 30.6,
          "old_tempF": 87.1,
          "reportTimeUTC": "2026-09-20T19:00:00.000Z"
        },
        {
          "icaoId": "KTTN",
          "new_status": "settled",
          "new_tempC": 20.6,
          "new_tempF": 69.1,
          "old_status": "pending",
          "old_tempC": 20.6,
          "old_tempF": 69.1,
          "reportTimeUTC": "2026-09-20T19:00:00.000Z"
        }
      ],
      "fetchedAt": "2026-09-20T19:30:58.045Z",
      "manifest_name": "twc-hourly-20260920T193512Z-e28e5d2969be.json",
      "pending_to_settled_count": 38,
      "pending_to_settled_temperature_change_count": 0,
      "retrieved_at": "2026-09-20T19:35:12.351758+00:00",
      "settled_to_settled_temperature_change_count": 0,
      "sha256": "e28e5d2969bec4d1d5526f84eaa1537c031e8853106a68b21b95e3796d36285c",
      "status_change_count": 38,
      "temperature_change_count": 0
    }
  ],
  "first_snapshot_retrieved_at": "2026-09-19T22:49:08.113632+00:00",
  "h7_state": "REVISION_EVENT_OBSERVED",
  "interpretation_guard": [
    "Feed status is not assumed to equal Kalshi contract settlement finality.",
    "Prospective recorder evidence only; historical late snapshots are not point-in-time substitutes.",
    "No market edge is inferred without contemporaneous executable market data."
  ],
  "last_sha256": "08adf47cbac764d4a3bf380527041647ef9eff89ba8e5193c2cacbddc0d0d130",
  "last_snapshot_retrieved_at": "2026-09-20T20:05:12.352762+00:00",
  "last_source_fetchedAt": "2026-09-20T20:04:45.757Z",
  "live_trading": false,
  "paid_actions": false,
  "payload_change_intervals": 51,
  "snapshot_count": 55,
  "source_fetchedAt_change_intervals": 51,
  "total_pending_to_settled": 494,
  "total_pending_to_settled_temperature_changes": 0,
  "total_settled_to_settled_temperature_changes": 0,
  "total_status_changes": 494,
  "total_temperature_changes": 1,
  "wallet_actions": false
}
