TREE_HTTP_STATUS 200
TREE_SHA256 fd0103cc66ec708a4c3e2e82d401220daa946084e156857ee162cae33bd023a5
CANDIDATE_SOURCE_COUNT 28
SOURCE_PATH README.md
SOURCE_PATH docs/NegRiskAdapter.md
SOURCE_PATH docs/NegRiskOperator.md
SOURCE_PATH src/NegRiskAdapter.sol
SOURCE_PATH src/NegRiskCtfExchange.sol
SOURCE_PATH src/NegRiskFeeModule.sol
SOURCE_PATH src/NegRiskOperator.sol
SOURCE_PATH src/interfaces/INegRiskAdapter.sol
SOURCE_PATH src/interfaces/IUmaCtfAdapter.sol
SOURCE_PATH src/libraries/NegRiskIdLib.sol
SOURCE_PATH src/snapshots/NegRiskAdapter.snap.sol
SOURCE_PATH src/test/NegRiskAdapter/ConvertPositions.t.sol
SOURCE_PATH src/test/NegRiskAdapter/ERC1155Operations.t.sol
SOURCE_PATH src/test/NegRiskAdapter/MergePositions.t.sol
SOURCE_PATH src/test/NegRiskAdapter/NegRiskAdapter.invariant.t.sol
SOURCE_PATH src/test/NegRiskAdapter/NegRiskAdapterSetUp.sol
SOURCE_PATH src/test/NegRiskAdapter/PrepareMarket.t.sol
SOURCE_PATH src/test/NegRiskAdapter/PrepareQuestion.t.sol
SOURCE_PATH src/test/NegRiskAdapter/RedeemPositions.t.sol
SOURCE_PATH src/test/NegRiskAdapter/ReportOutcome.t.sol
SOURCE_PATH src/test/NegRiskAdapter/SplitPosition.t.sol
SOURCE_PATH src/test/NegRiskCtfExchange/NegRiskCtfExchange.t.sol
SOURCE_PATH src/test/NegRiskCtfExchange/NegRiskCtfExchangeAdmin.t.sol
SOURCE_PATH src/test/NegRiskCtfExchange/NegRiskCtfExchangeTestHelper.sol
SOURCE_PATH src/test/NegRiskFeeModule/NegRiskFeeModule.t.sol
SOURCE_PATH src/test/NegRiskFeeModule/NegRiskFeeModuleAdmin.t.sol
SOURCE_PATH src/test/NegRiskFeeModule/NegRiskFeeModuleTestHelper.sol
SOURCE_PATH src/test/NegRiskOperator.t.sol
MATCH_BEGIN README.md LINES 1 5
LINE 1 # Polymarket Multi-Outcome Markets
LINE 2 
LINE 3 The contracts in this repository are designed to unify mutually exclusive binary markets into a single multi-outcome market structure. By mutually exclusive binary markets, we mean a set of binary YES/NO markets of which one and only one will resolve true. The canonical example is a set of markets each representing a candidate in a particular political election, where only one can win. Each component binary market is a YES/NO market for a particular candidate. The fact that only one candidate can win guarantees that there are certain equivalencies amongst certain sets of positions.
LINE 4 
LINE 5 [Contract Documentation](./docs/index.md)
MATCH_END
MATCH_BEGIN README.md LINES 5 9
LINE 5 [Contract Documentation](./docs/index.md)
LINE 6 
LINE 7 As an example, consider an election with candidates A, B, and C. For each candidate there is a binary YES/NO market, and exactly one candidate will win, i.e., exactly one market will resolve YES, and the rest NO. Consider a position consisting of 1 NO A and 1 NO B.
LINE 8 If A wins, the position is worth 1 USDC. If B wins, the position is again worth 1 USDC. If C wins, the position is worth 2 USDC, as both NO tokens are redeemable for 1 USDC each. We can see that the position is equivalent to 1 USDC and 1 YES C, as the value of the two positions is equal in all three cases. The NegRiskAdapter is designed precisely to allow a position of 1 or more NO tokens to be converted to the equivalent position of YES tokens plus some amount of USDC.
LINE 9 
MATCH_END
MATCH_BEGIN README.md LINES 6 10
LINE 6 
LINE 7 As an example, consider an election with candidates A, B, and C. For each candidate there is a binary YES/NO market, and exactly one candidate will win, i.e., exactly one market will resolve YES, and the rest NO. Consider a position consisting of 1 NO A and 1 NO B.
LINE 8 If A wins, the position is worth 1 USDC. If B wins, the position is again worth 1 USDC. If C wins, the position is worth 2 USDC, as both NO tokens are redeemable for 1 USDC each. We can see that the position is equivalent to 1 USDC and 1 YES C, as the value of the two positions is equal in all three cases. The NegRiskAdapter is designed precisely to allow a position of 1 or more NO tokens to be converted to the equivalent position of YES tokens plus some amount of USDC.
LINE 9 
LINE 10 The underlying binary markets are implemented using Gnosis’s [Conditional Tokens contracts](https://github.com/gnosis/conditional-tokens-contracts). Once collateral is split into position tokens, there are only two ways to recover it, either by merging complete sets, or by redeeming positions after resolution. So, in order to allow USDC to be released as part of a conversion from a NO position to a YES position, we wrap USDC into WrappedCollateral, which is then used to collateralize all underlying markets. This enables the NegRiskAdapter to manage USDC separately from the ConditionalTokens contract.
MATCH_END
MATCH_BEGIN README.md LINES 8 12
LINE 8 If A wins, the position is worth 1 USDC. If B wins, the position is again worth 1 USDC. If C wins, the position is worth 2 USDC, as both NO tokens are redeemable for 1 USDC each. We can see that the position is equivalent to 1 USDC and 1 YES C, as the value of the two positions is equal in all three cases. The NegRiskAdapter is designed precisely to allow a position of 1 or more NO tokens to be converted to the equivalent position of YES tokens plus some amount of USDC.
LINE 9 
LINE 10 The underlying binary markets are implemented using Gnosis’s [Conditional Tokens contracts](https://github.com/gnosis/conditional-tokens-contracts). Once collateral is split into position tokens, there are only two ways to recover it, either by merging complete sets, or by redeeming positions after resolution. So, in order to allow USDC to be released as part of a conversion from a NO position to a YES position, we wrap USDC into WrappedCollateral, which is then used to collateralize all underlying markets. This enables the NegRiskAdapter to manage USDC separately from the ConditionalTokens contract.
LINE 11 
LINE 12 The NegRiskOperator is designed to allow admin accounts to prepare questions and markets, as well as to integrate with resolution sources.
MATCH_END
MATCH_BEGIN README.md LINES 12 16
LINE 12 The NegRiskOperator is designed to allow admin accounts to prepare questions and markets, as well as to integrate with resolution sources.
LINE 13 
LINE 14 The Vault holds USDC and Yes tokens which are collected as fees from users who choose to convert NO positions, given a positive fee rate.
LINE 15 
LINE 16 ## Use with the UmaCtfAdapter
MATCH_END
MATCH_BEGIN docs/NegRiskAdapter.md LINES 1 5
LINE 1 # NegRiskAdapter
LINE 2 
LINE 3 `NegRiskAdapter` provides an adapter interface for the Gnosis Conditional Tokens Framework (CTF) which allows users to _convert_ collections of NO tokens in mutually-exclusive binary markets into a corresponding position of YES tokens and collateral.
LINE 4 
LINE 5 In this contract, _markets_ refer to collections of mutually-exclusive binary conditions, and _questions_ (or their corresponding _positions_) refer to the invidual conditions themselves.
MATCH_END
MATCH_BEGIN docs/NegRiskAdapter.md LINES 3 7
LINE 3 `NegRiskAdapter` provides an adapter interface for the Gnosis Conditional Tokens Framework (CTF) which allows users to _convert_ collections of NO tokens in mutually-exclusive binary markets into a corresponding position of YES tokens and collateral.
LINE 4 
LINE 5 In this contract, _markets_ refer to collections of mutually-exclusive binary conditions, and _questions_ (or their corresponding _positions_) refer to the invidual conditions themselves.
LINE 6 
LINE 7 ## Constructor
MATCH_END
MATCH_BEGIN docs/NegRiskAdapter.md LINES 7 11
LINE 7 ## Constructor
LINE 8 
LINE 9 Deploys the ERC20 Wrapped Collateral contract which collateralizes all Neg Risk markets and positions.
LINE 10 Approves the CTF to transfer wrapped collateral.
LINE 11 Approves wrapped collateral to transfer collateral.
MATCH_END
MATCH_BEGIN docs/NegRiskAdapter.md LINES 8 12
LINE 8 
LINE 9 Deploys the ERC20 Wrapped Collateral contract which collateralizes all Neg Risk markets and positions.
LINE 10 Approves the CTF to transfer wrapped collateral.
LINE 11 Approves wrapped collateral to transfer collateral.
LINE 12 
MATCH_END
MATCH_BEGIN docs/NegRiskAdapter.md LINES 9 13
LINE 9 Deploys the ERC20 Wrapped Collateral contract which collateralizes all Neg Risk markets and positions.
LINE 10 Approves the CTF to transfer wrapped collateral.
LINE 11 Approves wrapped collateral to transfer collateral.
LINE 12 
LINE 13 ### Parameters
MATCH_END
MATCH_BEGIN docs/NegRiskAdapter.md LINES 15 19
LINE 15 ```[solidity]
LINE 16 address _ctf
LINE 17 address _collateral
LINE 18 address _vault
LINE 19 ```
MATCH_END
MATCH_BEGIN docs/NegRiskAdapter.md LINES 19 23
LINE 19 ```
LINE 20 
LINE 21 ## `splitPosition`
LINE 22 
LINE 23 Splits collateral into complete sets of YES and NO tokens.
MATCH_END
MATCH_BEGIN docs/NegRiskAdapter.md LINES 21 25
LINE 21 ## `splitPosition`
LINE 22 
LINE 23 Splits collateral into complete sets of YES and NO tokens.
LINE 24 
LINE 25 Wrapped collateral is minted to collateralize the tokens.
MATCH_END
MATCH_BEGIN docs/NegRiskAdapter.md LINES 23 27
LINE 23 Splits collateral into complete sets of YES and NO tokens.
LINE 24 
LINE 25 Wrapped collateral is minted to collateralize the tokens.
LINE 26 
LINE 27 ### Parameters
MATCH_END
MATCH_BEGIN docs/NegRiskAdapter.md LINES 34 38
LINE 34 Note: Overloaded with a version with a signature matching the equivalent function on the CTF. This ensures that the exchange can be used with this contract without modification.
LINE 35 
LINE 36 ## `mergePositions`
LINE 37 
LINE 38 Merges complete sets of YES and NO tokens into collateral.
MATCH_END
MATCH_BEGIN docs/NegRiskAdapter.md LINES 36 40
LINE 36 ## `mergePositions`
LINE 37 
LINE 38 Merges complete sets of YES and NO tokens into collateral.
LINE 39 
LINE 40 _Unwraps_ the wrapped collateral return from the CTF into the original collateral before returning to the user.
MATCH_END
MATCH_BEGIN docs/NegRiskAdapter.md LINES 38 42
LINE 38 Merges complete sets of YES and NO tokens into collateral.
LINE 39 
LINE 40 _Unwraps_ the wrapped collateral return from the CTF into the original collateral before returning to the user.
LINE 41 
LINE 42 ### Parameters
MATCH_END
MATCH_BEGIN docs/NegRiskAdapter.md LINES 55 59
LINE 55 In order to transfer tokens this way, the owner must approve this contract _and_ the calling contract.
LINE 56 
LINE 57 ## `redeemPositions`
LINE 58 
LINE 59 Redeems a pair of YES and NO tokens for their underlying collateral, once the question is resolved.
MATCH_END
MATCH_BEGIN docs/NegRiskAdapter.md LINES 57 61
LINE 57 ## `redeemPositions`
LINE 58 
LINE 59 Redeems a pair of YES and NO tokens for their underlying collateral, once the question is resolved.
LINE 60 
LINE 61 Unwraps the resulting wrapped collateral into the original collateral before returning to the user.
MATCH_END
MATCH_BEGIN docs/NegRiskAdapter.md LINES 59 63
LINE 59 Redeems a pair of YES and NO tokens for their underlying collateral, once the question is resolved.
LINE 60 
LINE 61 Unwraps the resulting wrapped collateral into the original collateral before returning to the user.
LINE 62 
LINE 63 ### Parameters
MATCH_END
MATCH_BEGIN docs/NegRiskAdapter.md LINES 68 72
LINE 68 ```
LINE 69 
LINE 70 ## `convertPositions`
LINE 71 
LINE 72 Converts a set of NO tokens in the same market into a corresponding position of YES tokens and collateral.
MATCH_END
MATCH_BEGIN docs/NegRiskAdapter.md LINES 70 74
LINE 70 ## `convertPositions`
LINE 71 
LINE 72 Converts a set of NO tokens in the same market into a corresponding position of YES tokens and collateral.
LINE 73 
LINE 74 The user must hold at least `_amount` of each NO token.
MATCH_END
MATCH_BEGIN docs/NegRiskAdapter.md LINES 74 78
LINE 74 The user must hold at least `_amount` of each NO token.
LINE 75 
LINE 76 If the market has `n` questions, and the user converts `_amount` of `m` NO tokens, the user receive `_amount * (m-1)` collateral and `_amount` each of the complimentary YES tokens.
LINE 77 
LINE 78 Supposing that exactly one questions resolves true, these two positions have equivalent final values. In the event that all questions resolve false, the resulting position is worth _less_ than the original position. It is not possible for more than one question to resolve true.
MATCH_END
MATCH_BEGIN docs/NegRiskAdapter.md LINES 76 80
LINE 76 If the market has `n` questions, and the user converts `_amount` of `m` NO tokens, the user receive `_amount * (m-1)` collateral and `_amount` each of the complimentary YES tokens.
LINE 77 
LINE 78 Supposing that exactly one questions resolves true, these two positions have equivalent final values. In the event that all questions resolve false, the resulting position is worth _less_ than the original position. It is not possible for more than one question to resolve true.
LINE 79 
LINE 80 There is an optional `feeRate` market parameter which exists to implement a fee on the conversion. Collected fees are sent to the `vault` address.
MATCH_END
MATCH_BEGIN docs/NegRiskAdapter.md LINES 80 84
LINE 80 There is an optional `feeRate` market parameter which exists to implement a fee on the conversion. Collected fees are sent to the `vault` address.
LINE 81 
LINE 82 It is necessary to synthetically mint wrapped collateral in order to collateralize the resulting YES tokens. Careful book keeping ensures that the value of outstanding YES tokens will never exceed the value of collateral in the wrapped collateral contract. In this process, it is necessary to burn NO tokens; they are sent to an uncontrolled burn address.
LINE 83 
LINE 84 ### Parameters
MATCH_END
MATCH_BEGIN docs/NegRiskOperator.md LINES 3 7
LINE 3 The NegRiskOperator is a permissioned controller for interacting with the NegRiskAdapter. The NegRiskOperator serves as the creator and maintainer for Polymarket's neg risk markets and questions.
LINE 4 
LINE 5 The admin may flag individual questions, which will prevent them from resolving normally. Additionally, flagged questions may be _emergency resolved_ manually by the admin, after a one hour delay.
LINE 6 
LINE 7 ## Constuctor
MATCH_END
MATCH_BEGIN src/NegRiskAdapter.sol LINES 5 9
LINE 5 import {ERC20} from "lib/solmate/src/tokens/ERC20.sol";
LINE 6 import {SafeTransferLib} from "lib/solmate/src/utils/SafeTransferLib.sol";
LINE 7 import {WrappedCollateral} from "src/WrappedCollateral.sol";
LINE 8 import {MarketData, MarketStateManager, IMarketStateManagerEE} from "src/modules/MarketDataManager.sol";
LINE 9 import {CTHelpers} from "src/libraries/CTHelpers.sol";
MATCH_END
MATCH_BEGIN src/NegRiskAdapter.sol LINES 19 23
LINE 19     error InvalidIndexSet();
LINE 20     error LengthMismatch();
LINE 21     error UnexpectedCollateralToken();
LINE 22     error NoConvertiblePositions();
LINE 23     error NotApprovedForAll();
MATCH_END
MATCH_BEGIN src/NegRiskAdapter.sol LINES 20 24
LINE 20     error LengthMismatch();
LINE 21     error UnexpectedCollateralToken();
LINE 22     error NoConvertiblePositions();
LINE 23     error NotApprovedForAll();
LINE 24 
MATCH_END
MATCH_BEGIN src/NegRiskAdapter.sol LINES 26 30
LINE 26     event QuestionPrepared(bytes32 indexed marketId, bytes32 indexed questionId, uint256 index, bytes data);
LINE 27     event OutcomeReported(bytes32 indexed marketId, bytes32 indexed questionId, bool outcome);
LINE 28     event PositionSplit(address indexed stakeholder, bytes32 indexed conditionId, uint256 amount);
LINE 29     event PositionsMerge(address indexed stakeholder, bytes32 indexed conditionId, uint256 amount);
LINE 30     event PositionsConverted(
MATCH_END
MATCH_BEGIN src/NegRiskAdapter.sol LINES 27 31
LINE 27     event OutcomeReported(bytes32 indexed marketId, bytes32 indexed questionId, bool outcome);
LINE 28     event PositionSplit(address indexed stakeholder, bytes32 indexed conditionId, uint256 amount);
LINE 29     event PositionsMerge(address indexed stakeholder, bytes32 indexed conditionId, uint256 amount);
LINE 30     event PositionsConverted(
LINE 31         address indexed stakeholder, bytes32 indexed marketId, uint256 indexed indexSet, uint256 amount
MATCH_END
MATCH_BEGIN src/NegRiskAdapter.sol LINES 28 32
LINE 28     event PositionSplit(address indexed stakeholder, bytes32 indexed conditionId, uint256 amount);
LINE 29     event PositionsMerge(address indexed stakeholder, bytes32 indexed conditionId, uint256 amount);
LINE 30     event PositionsConverted(
LINE 31         address indexed stakeholder, bytes32 indexed marketId, uint256 indexed indexSet, uint256 amount
LINE 32     );
MATCH_END
MATCH_BEGIN src/NegRiskAdapter.sol LINES 31 35
LINE 31         address indexed stakeholder, bytes32 indexed marketId, uint256 indexed indexSet, uint256 amount
LINE 32     );
LINE 33     event PayoutRedemption(address indexed redeemer, bytes32 indexed conditionId, uint256[] amounts, uint256 payout);
LINE 34 }
LINE 35 
MATCH_END
MATCH_BEGIN src/NegRiskAdapter.sol LINES 37 41
LINE 37 /// @notice Adapter for the CTF enabling the linking of a set binary markets where only one can resolve true
LINE 38 /// @notice The adapter prevents more than one question in the same multi-outcome market from resolving true
LINE 39 /// @notice And the adapter allows for the conversion of a set of no positions, to collateral plus the set of
LINE 40 /// complementary yes positions
LINE 41 /// @author Mike Shrieve (mike@polymarket.com)
MATCH_END
MATCH_BEGIN src/NegRiskAdapter.sol LINES 38 42
LINE 38 /// @notice The adapter prevents more than one question in the same multi-outcome market from resolving true
LINE 39 /// @notice And the adapter allows for the conversion of a set of no positions, to collateral plus the set of
LINE 40 /// complementary yes positions
LINE 41 /// @author Mike Shrieve (mike@polymarket.com)
LINE 42 contract NegRiskAdapter is ERC1155TokenReceiver, MarketStateManager, INegRiskAdapterEE, Auth {
MATCH_END
MATCH_BEGIN src/NegRiskAdapter.sol LINES 49 53
LINE 49     IConditionalTokens public immutable ctf;
LINE 50     ERC20 public immutable col;
LINE 51     WrappedCollateral public immutable wcol;
LINE 52     address public immutable vault;
LINE 53 
MATCH_END
MATCH_BEGIN src/NegRiskAdapter.sol LINES 60 64
LINE 60 
LINE 61     /// @param _ctf        - ConditionalTokens address
LINE 62     /// @param _collateral - collateral address
LINE 63     constructor(address _ctf, address _collateral, address _vault) {
LINE 64         ctf = IConditionalTokens(_ctf);
MATCH_END
MATCH_BEGIN src/NegRiskAdapter.sol LINES 61 65
LINE 61     /// @param _ctf        - ConditionalTokens address
LINE 62     /// @param _collateral - collateral address
LINE 63     constructor(address _ctf, address _collateral, address _vault) {
LINE 64         ctf = IConditionalTokens(_ctf);
LINE 65         col = ERC20(_collateral);
MATCH_END
MATCH_BEGIN src/NegRiskAdapter.sol LINES 63 67
LINE 63     constructor(address _ctf, address _collateral, address _vault) {
LINE 64         ctf = IConditionalTokens(_ctf);
LINE 65         col = ERC20(_collateral);
LINE 66         vault = _vault;
LINE 67 
MATCH_END
MATCH_BEGIN src/NegRiskAdapter.sol LINES 66 70
LINE 66         vault = _vault;
LINE 67 
LINE 68         wcol = new WrappedCollateral(_collateral, col.decimals());
LINE 69         // approve the ctf to transfer wcol on our behalf
LINE 70         wcol.approve(_ctf, type(uint256).max);
MATCH_END
MATCH_BEGIN src/NegRiskAdapter.sol LINES 69 73
LINE 69         // approve the ctf to transfer wcol on our behalf
LINE 70         wcol.approve(_ctf, type(uint256).max);
LINE 71         // approve wcol to transfer collateral on our behalf
LINE 72         col.approve(address(wcol), type(uint256).max);
LINE 73     }
MATCH_END
MATCH_BEGIN src/NegRiskAdapter.sol LINES 88 92
LINE 88     }
LINE 89 
LINE 90     /// @notice Returns the positionId for a given questionId and outcome
LINE 91     /// @param _questionId  - the questionId
LINE 92     /// @param _outcome     - the boolean outcome
MATCH_END
MATCH_BEGIN src/NegRiskAdapter.sol LINES 91 95
LINE 91     /// @param _questionId  - the questionId
LINE 92     /// @param _outcome     - the boolean outcome
LINE 93     /// @return positionId  - the corresponding positionId
LINE 94     function getPositionId(bytes32 _questionId, bool _outcome) public view returns (uint256) {
LINE 95         bytes32 collectionId = CTHelpers.getCollectionId(
MATCH_END
MATCH_BEGIN src/NegRiskAdapter.sol LINES 92 96
LINE 92     /// @param _outcome     - the boolean outcome
LINE 93     /// @return positionId  - the corresponding positionId
LINE 94     function getPositionId(bytes32 _questionId, bool _outcome) public view returns (uint256) {
LINE 95         bytes32 collectionId = CTHelpers.getCollectionId(
LINE 96             bytes32(0),
MATCH_END
MATCH_BEGIN src/NegRiskAdapter.sol LINES 99 103
LINE 99         );
LINE 100 
LINE 101         uint256 positionId = CTHelpers.getPositionId(address(wcol), collectionId);
LINE 102         return positionId;
LINE 103     }
MATCH_END
MATCH_BEGIN src/NegRiskAdapter.sol LINES 100 104
LINE 100 
LINE 101         uint256 positionId = CTHelpers.getPositionId(address(wcol), collectionId);
LINE 102         return positionId;
LINE 103     }
LINE 104 
MATCH_END
MATCH_BEGIN src/NegRiskAdapter.sol LINES 104 108
LINE 104 
LINE 105     /*//////////////////////////////////////////////////////////////
LINE 106                              SPLIT POSITION
LINE 107     //////////////////////////////////////////////////////////////*/
LINE 108 
MATCH_END
MATCH_BEGIN src/NegRiskAdapter.sol LINES 107 111
LINE 107     //////////////////////////////////////////////////////////////*/
LINE 108 
LINE 109     /// @notice Splits collateral to a complete set of conditional tokens for a single question
LINE 110     /// @notice This function signature is the same as the CTF's splitPosition
LINE 111     /// @param _collateralToken - the collateral token, must be the same as the adapter's collateral token
MATCH_END
MATCH_BEGIN src/NegRiskAdapter.sol LINES 108 112
LINE 108 
LINE 109     /// @notice Splits collateral to a complete set of conditional tokens for a single question
LINE 110     /// @notice This function signature is the same as the CTF's splitPosition
LINE 111     /// @param _collateralToken - the collateral token, must be the same as the adapter's collateral token
LINE 112     /// @param _conditionId - the conditionId for the question
MATCH_END
MATCH_BEGIN src/NegRiskAdapter.sol LINES 109 113
LINE 109     /// @notice Splits collateral to a complete set of conditional tokens for a single question
LINE 110     /// @notice This function signature is the same as the CTF's splitPosition
LINE 111     /// @param _collateralToken - the collateral token, must be the same as the adapter's collateral token
LINE 112     /// @param _conditionId - the conditionId for the question
LINE 113     /// @param _amount - the amount of collateral to split
MATCH_END
MATCH_BEGIN src/NegRiskAdapter.sol LINES 111 115
LINE 111     /// @param _collateralToken - the collateral token, must be the same as the adapter's collateral token
LINE 112     /// @param _conditionId - the conditionId for the question
LINE 113     /// @param _amount - the amount of collateral to split
LINE 114     function splitPosition(address _collateralToken, bytes32, bytes32 _conditionId, uint256[] calldata, uint256 _amount)
LINE 115         external
MATCH_END
MATCH_BEGIN src/NegRiskAdapter.sol LINES 112 116
LINE 112     /// @param _conditionId - the conditionId for the question
LINE 113     /// @param _amount - the amount of collateral to split
LINE 114     function splitPosition(address _collateralToken, bytes32, bytes32 _conditionId, uint256[] calldata, uint256 _amount)
LINE 115         external
LINE 116     {
MATCH_END
MATCH_BEGIN src/NegRiskAdapter.sol LINES 115 119
LINE 115         external
LINE 116     {
LINE 117         if (_collateralToken != address(col)) revert UnexpectedCollateralToken();
LINE 118         splitPosition(_conditionId, _amount);
LINE 119     }
MATCH_END
MATCH_BEGIN src/NegRiskAdapter.sol LINES 116 120
LINE 116     {
LINE 117         if (_collateralToken != address(col)) revert UnexpectedCollateralToken();
LINE 118         splitPosition(_conditionId, _amount);
LINE 119     }
LINE 120 
MATCH_END
MATCH_BEGIN src/NegRiskAdapter.sol LINES 119 123
LINE 119     }
LINE 120 
LINE 121     /// @notice Splits collateral to a complete set of conditional tokens for a single question
LINE 122     /// @param _conditionId - the conditionId for the question
LINE 123     /// @param _amount      - the amount of collateral to split
MATCH_END
MATCH_BEGIN src/NegRiskAdapter.sol LINES 121 125
LINE 121     /// @notice Splits collateral to a complete set of conditional tokens for a single question
LINE 122     /// @param _conditionId - the conditionId for the question
LINE 123     /// @param _amount      - the amount of collateral to split
LINE 124     function splitPosition(bytes32 _conditionId, uint256 _amount) public {
LINE 125         col.safeTransferFrom(msg.sender, address(this), _amount);
MATCH_END
MATCH_BEGIN src/NegRiskAdapter.sol LINES 122 126
LINE 122     /// @param _conditionId - the conditionId for the question
LINE 123     /// @param _amount      - the amount of collateral to split
LINE 124     function splitPosition(bytes32 _conditionId, uint256 _amount) public {
LINE 125         col.safeTransferFrom(msg.sender, address(this), _amount);
LINE 126         wcol.wrap(address(this), _amount);
MATCH_END
MATCH_BEGIN src/NegRiskAdapter.sol LINES 125 129
LINE 125         col.safeTransferFrom(msg.sender, address(this), _amount);
LINE 126         wcol.wrap(address(this), _amount);
LINE 127         ctf.splitPosition(address(wcol), bytes32(0), _conditionId, Helpers.partition(), _amount);
LINE 128         ctf.safeBatchTransferFrom(
LINE 129             address(this), msg.sender, Helpers.positionIds(address(wcol), _conditionId), Helpers.values(2, _amount), ""
MATCH_END
MATCH_BEGIN src/NegRiskAdapter.sol LINES 127 131
LINE 127         ctf.splitPosition(address(wcol), bytes32(0), _conditionId, Helpers.partition(), _amount);
LINE 128         ctf.safeBatchTransferFrom(
LINE 129             address(this), msg.sender, Helpers.positionIds(address(wcol), _conditionId), Helpers.values(2, _amount), ""
LINE 130         );
LINE 131 
MATCH_END
MATCH_BEGIN src/NegRiskAdapter.sol LINES 130 134
LINE 130         );
LINE 131 
LINE 132         emit PositionSplit(msg.sender, _conditionId, _amount);
LINE 133     }
LINE 134 
MATCH_END
MATCH_BEGIN src/NegRiskAdapter.sol LINES 134 138
LINE 134 
LINE 135     /*//////////////////////////////////////////////////////////////
LINE 136                             MERGE POSITIONS
LINE 137     //////////////////////////////////////////////////////////////*/
LINE 138 
MATCH_END
MATCH_BEGIN src/NegRiskAdapter.sol LINES 137 141
LINE 137     //////////////////////////////////////////////////////////////*/
LINE 138 
LINE 139     /// @notice Merges a complete set of conditional tokens for a single question to collateral
LINE 140     /// @notice This function signature is the same as the CTF's mergePositions
LINE 141     /// @param _collateralToken - the collateral token, must be the same as the adapter's collateral token
MATCH_END
MATCH_BEGIN src/NegRiskAdapter.sol LINES 138 142
LINE 138 
LINE 139     /// @notice Merges a complete set of conditional tokens for a single question to collateral
LINE 140     /// @notice This function signature is the same as the CTF's mergePositions
LINE 141     /// @param _collateralToken - the collateral token, must be the same as the adapter's collateral token
LINE 142     /// @param _conditionId     - the conditionId for the question
MATCH_END
MATCH_BEGIN src/NegRiskAdapter.sol LINES 139 143
LINE 139     /// @notice Merges a complete set of conditional tokens for a single question to collateral
LINE 140     /// @notice This function signature is the same as the CTF's mergePositions
LINE 141     /// @param _collateralToken - the collateral token, must be the same as the adapter's collateral token
LINE 142     /// @param _conditionId     - the conditionId for the question
LINE 143     /// @param _amount          - the amount of collateral to merge
MATCH_END
MATCH_BEGIN src/NegRiskAdapter.sol LINES 141 145
LINE 141     /// @param _collateralToken - the collateral token, must be the same as the adapter's collateral token
LINE 142     /// @param _conditionId     - the conditionId for the question
LINE 143     /// @param _amount          - the amount of collateral to merge
LINE 144     function mergePositions(
LINE 145         address _collateralToken,
MATCH_END
MATCH_BEGIN src/NegRiskAdapter.sol LINES 142 146
LINE 142     /// @param _conditionId     - the conditionId for the question
LINE 143     /// @param _amount          - the amount of collateral to merge
LINE 144     function mergePositions(
LINE 145         address _collateralToken,
LINE 146         bytes32,
MATCH_END
MATCH_BEGIN src/NegRiskAdapter.sol LINES 143 147
LINE 143     /// @param _amount          - the amount of collateral to merge
LINE 144     function mergePositions(
LINE 145         address _collateralToken,
LINE 146         bytes32,
LINE 147         bytes32 _conditionId,
MATCH_END
MATCH_BEGIN src/NegRiskAdapter.sol LINES 149 153
LINE 149         uint256 _amount
LINE 150     ) external {
LINE 151         if (_collateralToken != address(col)) revert UnexpectedCollateralToken();
LINE 152         mergePositions(_conditionId, _amount);
LINE 153     }
MATCH_END
MATCH_BEGIN src/NegRiskAdapter.sol LINES 150 154
LINE 150     ) external {
LINE 151         if (_collateralToken != address(col)) revert UnexpectedCollateralToken();
LINE 152         mergePositions(_conditionId, _amount);
LINE 153     }
LINE 154 
MATCH_END
MATCH_BEGIN src/NegRiskAdapter.sol LINES 153 157
LINE 153     }
LINE 154 
LINE 155     /// @notice Merges a complete set of conditional tokens for a single question to collateral
LINE 156     /// @param _conditionId - the conditionId for the question
LINE 157     /// @param _amount      - the amount of collateral to merge
MATCH_END
MATCH_BEGIN src/NegRiskAdapter.sol LINES 155 159
LINE 155     /// @notice Merges a complete set of conditional tokens for a single question to collateral
LINE 156     /// @param _conditionId - the conditionId for the question
LINE 157     /// @param _amount      - the amount of collateral to merge
LINE 158     function mergePositions(bytes32 _conditionId, uint256 _amount) public {
LINE 159         uint256[] memory positionIds = Helpers.positionIds(address(wcol), _conditionId);
MATCH_END
MATCH_BEGIN src/NegRiskAdapter.sol LINES 156 160
LINE 156     /// @param _conditionId - the conditionId for the question
LINE 157     /// @param _amount      - the amount of collateral to merge
LINE 158     function mergePositions(bytes32 _conditionId, uint256 _amount) public {
LINE 159         uint256[] memory positionIds = Helpers.positionIds(address(wcol), _conditionId);
LINE 160 
MATCH_END
MATCH_BEGIN src/NegRiskAdapter.sol LINES 157 161
LINE 157     /// @param _amount      - the amount of collateral to merge
LINE 158     function mergePositions(bytes32 _conditionId, uint256 _amount) public {
LINE 159         uint256[] memory positionIds = Helpers.positionIds(address(wcol), _conditionId);
LINE 160 
LINE 161         // get conditional tokens from sender
MATCH_END
MATCH_BEGIN src/NegRiskAdapter.sol LINES 160 164
LINE 160 
LINE 161         // get conditional tokens from sender
LINE 162         ctf.safeBatchTransferFrom(msg.sender, address(this), positionIds, Helpers.values(2, _amount), "");
LINE 163         ctf.mergePositions(address(wcol), bytes32(0), _conditionId, Helpers.partition(), _amount);
LINE 164         wcol.unwrap(msg.sender, _amount);
MATCH_END
MATCH_BEGIN src/NegRiskAdapter.sol LINES 161 165
LINE 161         // get conditional tokens from sender
LINE 162         ctf.safeBatchTransferFrom(msg.sender, address(this), positionIds, Helpers.values(2, _amount), "");
LINE 163         ctf.mergePositions(address(wcol), bytes32(0), _conditionId, Helpers.partition(), _amount);
LINE 164         wcol.unwrap(msg.sender, _amount);
LINE 165 
MATCH_END
MATCH_BEGIN src/NegRiskAdapter.sol LINES 164 168
LINE 164         wcol.unwrap(msg.sender, _amount);
LINE 165 
LINE 166         emit PositionsMerge(msg.sender, _conditionId, _amount);
LINE 167     }
LINE 168 
MATCH_END
MATCH_BEGIN src/NegRiskAdapter.sol LINES 173 177
LINE 173     /// @notice Proxies ERC1155 balanceOf to the CTF
LINE 174     /// @param _owner   - the owner of the tokens
LINE 175     /// @param _id      - the positionId
LINE 176     /// @return balance - the owner's balance
LINE 177     function balanceOf(address _owner, uint256 _id) external view returns (uint256) {
MATCH_END
MATCH_BEGIN src/NegRiskAdapter.sol LINES 181 185
LINE 181     /// @notice Proxies ERC1155 balanceOfBatch to the CTF
LINE 182     /// @param _owners   - the owners of the tokens
LINE 183     /// @param _ids      - the positionIds
LINE 184     /// @return balances - the owners' balances
LINE 185     function balanceOfBatch(address[] memory _owners, uint256[] memory _ids) external view returns (uint256[] memory) {
MATCH_END
MATCH_BEGIN src/NegRiskAdapter.sol LINES 193 197
LINE 193     /// @param _from  - the owner of the tokens
LINE 194     /// @param _to    - the recipient of the tokens
LINE 195     /// @param _id    - the positionId
LINE 196     /// @param _value - the amount of tokens to transfer
LINE 197     /// @param _data  - the data to pass to the recipient
MATCH_END
MATCH_BEGIN src/NegRiskAdapter.sol LINES 208 212
LINE 208 
LINE 209     /*//////////////////////////////////////////////////////////////
LINE 210                             REDEEM POSITION
LINE 211     //////////////////////////////////////////////////////////////*/
LINE 212 
MATCH_END
MATCH_BEGIN src/NegRiskAdapter.sol LINES 211 215
LINE 211     //////////////////////////////////////////////////////////////*/
LINE 212 
LINE 213     /// @notice Redeem a set of conditional tokens for collateral
LINE 214     /// @param _conditionId - conditionId of the conditional tokens to redeem
LINE 215     /// @param _amounts     - amounts of conditional tokens to redeem
MATCH_END
MATCH_BEGIN src/NegRiskAdapter.sol LINES 212 216
LINE 212 
LINE 213     /// @notice Redeem a set of conditional tokens for collateral
LINE 214     /// @param _conditionId - conditionId of the conditional tokens to redeem
LINE 215     /// @param _amounts     - amounts of conditional tokens to redeem
LINE 216     /// _amounts should always have length 2, with the first element being the amount of yes tokens to redeem and the
MATCH_END
MATCH_BEGIN src/NegRiskAdapter.sol LINES 213 217
LINE 213     /// @notice Redeem a set of conditional tokens for collateral
LINE 214     /// @param _conditionId - conditionId of the conditional tokens to redeem
LINE 215     /// @param _amounts     - amounts of conditional tokens to redeem
LINE 216     /// _amounts should always have length 2, with the first element being the amount of yes tokens to redeem and the
LINE 217     /// second element being the amount of no tokens to redeem
MATCH_END
MATCH_BEGIN src/NegRiskAdapter.sol LINES 214 218
LINE 214     /// @param _conditionId - conditionId of the conditional tokens to redeem
LINE 215     /// @param _amounts     - amounts of conditional tokens to redeem
LINE 216     /// _amounts should always have length 2, with the first element being the amount of yes tokens to redeem and the
LINE 217     /// second element being the amount of no tokens to redeem
LINE 218     function redeemPositions(bytes32 _conditionId, uint256[] calldata _amounts) public {
MATCH_END
MATCH_BEGIN src/NegRiskAdapter.sol LINES 215 219
LINE 215     /// @param _amounts     - amounts of conditional tokens to redeem
LINE 216     /// _amounts should always have length 2, with the first element being the amount of yes tokens to redeem and the
LINE 217     /// second element being the amount of no tokens to redeem
LINE 218     function redeemPositions(bytes32 _conditionId, uint256[] calldata _amounts) public {
LINE 219         uint256[] memory positionIds = Helpers.positionIds(address(wcol), _conditionId);
MATCH_END
MATCH_BEGIN src/NegRiskAdapter.sol LINES 216 220
LINE 216     /// _amounts should always have length 2, with the first element being the amount of yes tokens to redeem and the
LINE 217     /// second element being the amount of no tokens to redeem
LINE 218     function redeemPositions(bytes32 _conditionId, uint256[] calldata _amounts) public {
LINE 219         uint256[] memory positionIds = Helpers.positionIds(address(wcol), _conditionId);
LINE 220 
MATCH_END
MATCH_BEGIN src/NegRiskAdapter.sol LINES 217 221
LINE 217     /// second element being the amount of no tokens to redeem
LINE 218     function redeemPositions(bytes32 _conditionId, uint256[] calldata _amounts) public {
LINE 219         uint256[] memory positionIds = Helpers.positionIds(address(wcol), _conditionId);
LINE 220 
LINE 221         // get conditional tokens from sender
MATCH_END
MATCH_BEGIN src/NegRiskAdapter.sol LINES 220 224
LINE 220 
LINE 221         // get conditional tokens from sender
LINE 222         ctf.safeBatchTransferFrom(msg.sender, address(this), positionIds, _amounts, "");
LINE 223         ctf.redeemPositions(address(wcol), bytes32(0), _conditionId, Helpers.partition());
LINE 224 
MATCH_END
MATCH_BEGIN src/NegRiskAdapter.sol LINES 221 225
LINE 221         // get conditional tokens from sender
LINE 222         ctf.safeBatchTransferFrom(msg.sender, address(this), positionIds, _amounts, "");
LINE 223         ctf.redeemPositions(address(wcol), bytes32(0), _conditionId, Helpers.partition());
LINE 224 
LINE 225         uint256 payout = wcol.balanceOf(address(this));
MATCH_END
MATCH_BEGIN src/NegRiskAdapter.sol LINES 232 236
LINE 232 
LINE 233     /*//////////////////////////////////////////////////////////////
LINE 234                             CONVERT POSITIONS
LINE 235     //////////////////////////////////////////////////////////////*/
LINE 236 
MATCH_END
MATCH_BEGIN src/NegRiskAdapter.sol LINES 235 239
LINE 235     //////////////////////////////////////////////////////////////*/
LINE 236 
LINE 237     /// @notice Convert a set of no positions to the complementary set of yes positions plus collateral proportional to
LINE 238     /// (# of no positions - 1)
LINE 239     /// @notice If the market has a fee, the fee is taken from both collateral and the yes positions
MATCH_END
MATCH_BEGIN src/NegRiskAdapter.sol LINES 236 240
LINE 236 
LINE 237     /// @notice Convert a set of no positions to the complementary set of yes positions plus collateral proportional to
LINE 238     /// (# of no positions - 1)
LINE 239     /// @notice If the market has a fee, the fee is taken from both collateral and the yes positions
LINE 240     /// @param _marketId - the marketId
MATCH_END
MATCH_BEGIN src/NegRiskAdapter.sol LINES 237 241
LINE 237     /// @notice Convert a set of no positions to the complementary set of yes positions plus collateral proportional to
LINE 238     /// (# of no positions - 1)
LINE 239     /// @notice If the market has a fee, the fee is taken from both collateral and the yes positions
LINE 240     /// @param _marketId - the marketId
LINE 241     /// @param _indexSet - the set of positions to convert, expressed as an index set where the least significant bit is
MATCH_END
MATCH_BEGIN src/NegRiskAdapter.sol LINES 239 243
LINE 239     /// @notice If the market has a fee, the fee is taken from both collateral and the yes positions
LINE 240     /// @param _marketId - the marketId
LINE 241     /// @param _indexSet - the set of positions to convert, expressed as an index set where the least significant bit is
LINE 242     /// the first question (index zero)
LINE 243     /// @param _amount   - the amount of tokens to convert
MATCH_END
MATCH_BEGIN src/NegRiskAdapter.sol LINES 241 245
LINE 241     /// @param _indexSet - the set of positions to convert, expressed as an index set where the least significant bit is
LINE 242     /// the first question (index zero)
LINE 243     /// @param _amount   - the amount of tokens to convert
LINE 244     function convertPositions(bytes32 _marketId, uint256 _indexSet, uint256 _amount) external {
LINE 245         MarketData md = getMarketData(_marketId);
MATCH_END
MATCH_BEGIN src/NegRiskAdapter.sol LINES 242 246
LINE 242     /// the first question (index zero)
LINE 243     /// @param _amount   - the amount of tokens to convert
LINE 244     function convertPositions(bytes32 _marketId, uint256 _indexSet, uint256 _amount) external {
LINE 245         MarketData md = getMarketData(_marketId);
LINE 246         uint256 questionCount = md.questionCount();
MATCH_END
MATCH_BEGIN src/NegRiskAdapter.sol LINES 247 251
LINE 247 
LINE 248         if (md.oracle() == address(0)) revert MarketNotPrepared();
LINE 249         if (questionCount <= 1) revert NoConvertiblePositions();
LINE 250         if (_indexSet == 0) revert InvalidIndexSet();
LINE 251         if ((_indexSet >> questionCount) > 0) revert InvalidIndexSet();
MATCH_END
MATCH_BEGIN src/NegRiskAdapter.sol LINES 257 261
LINE 257 
LINE 258         uint256 index = 0;
LINE 259         uint256 noPositionCount;
LINE 260 
LINE 261         // count number of no positions
MATCH_END
MATCH_BEGIN src/NegRiskAdapter.sol LINES 259 263
LINE 259         uint256 noPositionCount;
LINE 260 
LINE 261         // count number of no positions
LINE 262         while (index < questionCount) {
LINE 263             unchecked {
MATCH_END
MATCH_BEGIN src/NegRiskAdapter.sol LINES 263 267
LINE 263             unchecked {
LINE 264                 if ((_indexSet & (1 << index)) > 0) {
LINE 265                     ++noPositionCount;
LINE 266                 }
LINE 267                 ++index;
MATCH_END
MATCH_BEGIN src/NegRiskAdapter.sol LINES 269 273
LINE 269         }
LINE 270 
LINE 271         uint256 yesPositionCount = questionCount - noPositionCount;
LINE 272         uint256[] memory noPositionIds = new uint256[](noPositionCount);
LINE 273         uint256[] memory yesPositionIds = new uint256[](yesPositionCount);
MATCH_END
MATCH_BEGIN src/NegRiskAdapter.sol LINES 270 274
LINE 270 
LINE 271         uint256 yesPositionCount = questionCount - noPositionCount;
LINE 272         uint256[] memory noPositionIds = new uint256[](noPositionCount);
LINE 273         uint256[] memory yesPositionIds = new uint256[](yesPositionCount);
LINE 274         uint256[] memory accumulatedNoPositionIds = new uint256[](yesPositionCount);
MATCH_END
MATCH_BEGIN src/NegRiskAdapter.sol LINES 271 275
LINE 271         uint256 yesPositionCount = questionCount - noPositionCount;
LINE 272         uint256[] memory noPositionIds = new uint256[](noPositionCount);
LINE 273         uint256[] memory yesPositionIds = new uint256[](yesPositionCount);
LINE 274         uint256[] memory accumulatedNoPositionIds = new uint256[](yesPositionCount);
LINE 275 
MATCH_END
MATCH_BEGIN src/NegRiskAdapter.sol LINES 272 276
LINE 272         uint256[] memory noPositionIds = new uint256[](noPositionCount);
LINE 273         uint256[] memory yesPositionIds = new uint256[](yesPositionCount);
LINE 274         uint256[] memory accumulatedNoPositionIds = new uint256[](yesPositionCount);
LINE 275 
LINE 276         // mint the amount of wcol required
MATCH_END
MATCH_BEGIN src/NegRiskAdapter.sol LINES 275 279
LINE 275 
LINE 276         // mint the amount of wcol required
LINE 277         wcol.mint(yesPositionCount * _amount);
LINE 278 
LINE 279         // populate noPositionIds and yesPositionIds
MATCH_END
MATCH_BEGIN src/NegRiskAdapter.sol LINES 277 281
LINE 277         wcol.mint(yesPositionCount * _amount);
LINE 278 
LINE 279         // populate noPositionIds and yesPositionIds
LINE 280         // split yes positions
LINE 281         {
MATCH_END
MATCH_BEGIN src/NegRiskAdapter.sol LINES 278 282
LINE 278 
LINE 279         // populate noPositionIds and yesPositionIds
LINE 280         // split yes positions
LINE 281         {
LINE 282             uint256 noIndex;
MATCH_END
MATCH_BEGIN src/NegRiskAdapter.sol LINES 289 293
LINE 289                 if ((_indexSet & (1 << index)) > 0) {
LINE 290                     // NO
LINE 291                     noPositionIds[noIndex] = getPositionId(questionId, false);
LINE 292 
LINE 293                     unchecked {
MATCH_END
MATCH_BEGIN src/NegRiskAdapter.sol LINES 296 300
LINE 296                 } else {
LINE 297                     // YES
LINE 298                     yesPositionIds[yesIndex] = getPositionId(questionId, true);
LINE 299                     accumulatedNoPositionIds[yesIndex] = getPositionId(questionId, false);
LINE 300 
MATCH_END
MATCH_BEGIN src/NegRiskAdapter.sol LINES 297 301
LINE 297                     // YES
LINE 298                     yesPositionIds[yesIndex] = getPositionId(questionId, true);
LINE 299                     accumulatedNoPositionIds[yesIndex] = getPositionId(questionId, false);
LINE 300 
LINE 301                     // split position to get yes and no tokens
MATCH_END
MATCH_BEGIN src/NegRiskAdapter.sol LINES 299 303
LINE 299                     accumulatedNoPositionIds[yesIndex] = getPositionId(questionId, false);
LINE 300 
LINE 301                     // split position to get yes and no tokens
LINE 302                     // the no tokens will be discarded
LINE 303                     _splitPosition(getConditionId(questionId), _amount);
MATCH_END
MATCH_BEGIN src/NegRiskAdapter.sol LINES 300 304
LINE 300 
LINE 301                     // split position to get yes and no tokens
LINE 302                     // the no tokens will be discarded
LINE 303                     _splitPosition(getConditionId(questionId), _amount);
LINE 304 
MATCH_END
MATCH_BEGIN src/NegRiskAdapter.sol LINES 301 305
LINE 301                     // split position to get yes and no tokens
LINE 302                     // the no tokens will be discarded
LINE 303                     _splitPosition(getConditionId(questionId), _amount);
LINE 304 
LINE 305                     unchecked {
MATCH_END
MATCH_BEGIN src/NegRiskAdapter.sol LINES 313 317
LINE 313         }
LINE 314 
LINE 315         // transfer the caller's no tokens _and_ accumulated no tokens to the burn address
LINE 316         // these must never be redeemed
LINE 317         {
MATCH_END
MATCH_BEGIN src/NegRiskAdapter.sol LINES 314 318
LINE 314 
LINE 315         // transfer the caller's no tokens _and_ accumulated no tokens to the burn address
LINE 316         // these must never be redeemed
LINE 317         {
LINE 318             ctf.safeBatchTransferFrom(
MATCH_END
MATCH_BEGIN src/NegRiskAdapter.sol LINES 317 321
LINE 317         {
LINE 318             ctf.safeBatchTransferFrom(
LINE 319                 msg.sender, NO_TOKEN_BURN_ADDRESS, noPositionIds, Helpers.values(noPositionIds.length, _amount), ""
LINE 320             );
LINE 321             ctf.safeBatchTransferFrom(
MATCH_END
MATCH_BEGIN src/NegRiskAdapter.sol LINES 322 326
LINE 322                 address(this),
LINE 323                 NO_TOKEN_BURN_ADDRESS,
LINE 324                 accumulatedNoPositionIds,
LINE 325                 Helpers.values(yesPositionCount, _amount),
LINE 326                 ""
MATCH_END
MATCH_BEGIN src/NegRiskAdapter.sol LINES 323 327
LINE 323                 NO_TOKEN_BURN_ADDRESS,
LINE 324                 accumulatedNoPositionIds,
LINE 325                 Helpers.values(yesPositionCount, _amount),
LINE 326                 ""
LINE 327             );
MATCH_END
MATCH_BEGIN src/NegRiskAdapter.sol LINES 331 335
LINE 331         uint256 amountOut = _amount - feeAmount;
LINE 332 
LINE 333         if (noPositionIds.length > 1) {
LINE 334             // collateral out is always proportional to the number of no positions minus 1
LINE 335             uint256 multiplier = noPositionIds.length - 1;
MATCH_END
MATCH_BEGIN src/NegRiskAdapter.sol LINES 332 336
LINE 332 
LINE 333         if (noPositionIds.length > 1) {
LINE 334             // collateral out is always proportional to the number of no positions minus 1
LINE 335             uint256 multiplier = noPositionIds.length - 1;
LINE 336             // transfer collateral fees to vault
MATCH_END
MATCH_BEGIN src/NegRiskAdapter.sol LINES 333 337
LINE 333         if (noPositionIds.length > 1) {
LINE 334             // collateral out is always proportional to the number of no positions minus 1
LINE 335             uint256 multiplier = noPositionIds.length - 1;
LINE 336             // transfer collateral fees to vault
LINE 337             if (feeAmount > 0) {
MATCH_END
MATCH_BEGIN src/NegRiskAdapter.sol LINES 334 338
LINE 334             // collateral out is always proportional to the number of no positions minus 1
LINE 335             uint256 multiplier = noPositionIds.length - 1;
LINE 336             // transfer collateral fees to vault
LINE 337             if (feeAmount > 0) {
LINE 338                 wcol.release(vault, multiplier * feeAmount);
MATCH_END
MATCH_BEGIN src/NegRiskAdapter.sol LINES 338 342
LINE 338                 wcol.release(vault, multiplier * feeAmount);
LINE 339             }
LINE 340             // transfer collateral to sender
LINE 341             wcol.release(msg.sender, multiplier * amountOut);
LINE 342         }
MATCH_END
MATCH_BEGIN src/NegRiskAdapter.sol LINES 342 346
LINE 342         }
LINE 343 
LINE 344         if (yesPositionIds.length > 0) {
LINE 345             if (feeAmount > 0) {
LINE 346                 // transfer yes token fees to vault
MATCH_END
MATCH_BEGIN src/NegRiskAdapter.sol LINES 346 350
LINE 346                 // transfer yes token fees to vault
LINE 347                 ctf.safeBatchTransferFrom(
LINE 348                     address(this), vault, yesPositionIds, Helpers.values(yesPositionIds.length, feeAmount), ""
LINE 349                 );
LINE 350             }
MATCH_END
MATCH_BEGIN src/NegRiskAdapter.sol LINES 350 354
LINE 350             }
LINE 351 
LINE 352             // transfer yes tokens to sender
LINE 353             ctf.safeBatchTransferFrom(
LINE 354                 address(this), msg.sender, yesPositionIds, Helpers.values(yesPositionIds.length, amountOut), ""
MATCH_END
MATCH_BEGIN src/NegRiskAdapter.sol LINES 352 356
LINE 352             // transfer yes tokens to sender
LINE 353             ctf.safeBatchTransferFrom(
LINE 354                 address(this), msg.sender, yesPositionIds, Helpers.values(yesPositionIds.length, amountOut), ""
LINE 355             );
LINE 356         }
MATCH_END
MATCH_BEGIN src/NegRiskAdapter.sol LINES 356 360
LINE 356         }
LINE 357 
LINE 358         emit PositionsConverted(msg.sender, _marketId, _indexSet, _amount);
LINE 359     }
LINE 360 
MATCH_END
MATCH_BEGIN src/NegRiskAdapter.sol LINES 416 420
LINE 416     //////////////////////////////////////////////////////////////*/
LINE 417 
LINE 418     /// @dev internal function to avoid stack too deep in convertPositions
LINE 419     function _splitPosition(bytes32 _conditionId, uint256 _amount) internal {
LINE 420         ctf.splitPosition(address(wcol), bytes32(0), _conditionId, Helpers.partition(), _amount);
MATCH_END
MATCH_BEGIN src/NegRiskAdapter.sol LINES 417 421
LINE 417 
LINE 418     /// @dev internal function to avoid stack too deep in convertPositions
LINE 419     function _splitPosition(bytes32 _conditionId, uint256 _amount) internal {
LINE 420         ctf.splitPosition(address(wcol), bytes32(0), _conditionId, Helpers.partition(), _amount);
LINE 421     }
MATCH_END
MATCH_BEGIN src/NegRiskAdapter.sol LINES 418 422
LINE 418     /// @dev internal function to avoid stack too deep in convertPositions
LINE 419     function _splitPosition(bytes32 _conditionId, uint256 _amount) internal {
LINE 420         ctf.splitPosition(address(wcol), bytes32(0), _conditionId, Helpers.partition(), _amount);
LINE 421     }
LINE 422 }
MATCH_END
MATCH_BEGIN src/NegRiskCtfExchange.sol LINES 9 13
LINE 9 /// @notice with added approvals for the NegRiskAdapter
LINE 10 contract NegRiskCtfExchange is CTFExchange {
LINE 11     constructor(address _collateral, address _ctf, address _negRiskAdapter, address _proxyFactory, address _safeFactory)
LINE 12         CTFExchange(_collateral, _negRiskAdapter, _proxyFactory, _safeFactory)
LINE 13     {
MATCH_END
MATCH_BEGIN src/NegRiskCtfExchange.sol LINES 10 14
LINE 10 contract NegRiskCtfExchange is CTFExchange {
LINE 11     constructor(address _collateral, address _ctf, address _negRiskAdapter, address _proxyFactory, address _safeFactory)
LINE 12         CTFExchange(_collateral, _negRiskAdapter, _proxyFactory, _safeFactory)
LINE 13     {
LINE 14         IConditionalTokens(_ctf).setApprovalForAll(_negRiskAdapter, true);
MATCH_END
MATCH_BEGIN src/NegRiskOperator.sol LINES 17 21
LINE 17     error OnlyFlagged();
LINE 18     error OnlyNotFlagged();
LINE 19     error NotEligibleForEmergencyResolution();
LINE 20     error DelayPeriodNotOver();
LINE 21     error ResultNotAvailable();
MATCH_END
MATCH_BEGIN src/NegRiskOperator.sol LINES 36 40
LINE 36     event QuestionReported(bytes32 indexed questionId, bytes32 requestId, bool result);
LINE 37     event QuestionResolved(bytes32 indexed questionId, bool result);
LINE 38     event QuestionEmergencyResolved(bytes32 indexed questionId, bool result);
LINE 39 }
LINE 40 
MATCH_END
MATCH_BEGIN src/NegRiskOperator.sol LINES 216 220
LINE 216     /// @param _questionId - the id of the question to be resolved
LINE 217     /// @param _result     - the boolean result of the question
LINE 218     function emergencyResolveQuestion(bytes32 _questionId, bool _result) external onlyAdmin {
LINE 219         uint256 flaggedAt_ = flaggedAt[_questionId];
LINE 220 
MATCH_END
MATCH_BEGIN src/NegRiskOperator.sol LINES 225 229
LINE 225 
LINE 226         nrAdapter.reportOutcome(_questionId, _result);
LINE 227         emit QuestionEmergencyResolved(_questionId, _result);
LINE 228     }
LINE 229 
MATCH_END
MATCH_BEGIN src/interfaces/INegRiskAdapter.sol LINES 13 17
LINE 13     error MarketAlreadyPrepared();
LINE 14     error MarketNotPrepared();
LINE 15     error NoConvertiblePositions();
LINE 16     error NotAdmin();
LINE 17     error NotApprovedForAll();
MATCH_END
MATCH_BEGIN src/interfaces/INegRiskAdapter.sol LINES 17 21
LINE 17     error NotApprovedForAll();
LINE 18     error OnlyOracle();
LINE 19     error UnexpectedCollateralToken();
LINE 20 
LINE 21     event MarketPrepared(bytes32 indexed marketId, address indexed oracle, uint256 feeBips, bytes data);
MATCH_END
MATCH_BEGIN src/interfaces/INegRiskAdapter.sol LINES 22 26
LINE 22     event NewAdmin(address indexed admin, address indexed newAdminAddress);
LINE 23     event OutcomeReported(bytes32 indexed marketId, bytes32 indexed questionId, bool outcome);
LINE 24     event PayoutRedemption(address indexed redeemer, bytes32 indexed conditionId, uint256[] amounts, uint256 payout);
LINE 25     event PositionSplit(address indexed stakeholder, bytes32 indexed conditionId, uint256 amount);
LINE 26     event PositionsConverted(
MATCH_END
MATCH_BEGIN src/interfaces/INegRiskAdapter.sol LINES 23 27
LINE 23     event OutcomeReported(bytes32 indexed marketId, bytes32 indexed questionId, bool outcome);
LINE 24     event PayoutRedemption(address indexed redeemer, bytes32 indexed conditionId, uint256[] amounts, uint256 payout);
LINE 25     event PositionSplit(address indexed stakeholder, bytes32 indexed conditionId, uint256 amount);
LINE 26     event PositionsConverted(
LINE 27         address indexed stakeholder, bytes32 indexed marketId, uint256 indexed indexSet, uint256 amount
MATCH_END
MATCH_BEGIN src/interfaces/INegRiskAdapter.sol LINES 24 28
LINE 24     event PayoutRedemption(address indexed redeemer, bytes32 indexed conditionId, uint256[] amounts, uint256 payout);
LINE 25     event PositionSplit(address indexed stakeholder, bytes32 indexed conditionId, uint256 amount);
LINE 26     event PositionsConverted(
LINE 27         address indexed stakeholder, bytes32 indexed marketId, uint256 indexed indexSet, uint256 amount
LINE 28     );
MATCH_END
MATCH_BEGIN src/interfaces/INegRiskAdapter.sol LINES 27 31
LINE 27         address indexed stakeholder, bytes32 indexed marketId, uint256 indexed indexSet, uint256 amount
LINE 28     );
LINE 29     event PositionsMerge(address indexed stakeholder, bytes32 indexed conditionId, uint256 amount);
LINE 30     event QuestionPrepared(bytes32 indexed marketId, bytes32 indexed questionId, uint256 index, bytes data);
LINE 31     event RemovedAdmin(address indexed admin, address indexed removedAdmin);
MATCH_END
MATCH_BEGIN src/interfaces/INegRiskAdapter.sol LINES 38 42
LINE 38     function balanceOfBatch(address[] memory _owners, uint256[] memory _ids) external view returns (uint256[] memory);
LINE 39     function col() external view returns (address);
LINE 40     function convertPositions(bytes32 _marketId, uint256 _indexSet, uint256 _amount) external;
LINE 41     function ctf() external view returns (address);
LINE 42     function getConditionId(bytes32 _questionId) external view returns (bytes32);
MATCH_END
MATCH_BEGIN src/interfaces/INegRiskAdapter.sol LINES 45 49
LINE 45     function getMarketData(bytes32 _marketId) external view returns (MarketData);
LINE 46     function getOracle(bytes32 _marketId) external view returns (address);
LINE 47     function getPositionId(bytes32 _questionId, bool _outcome) external view returns (uint256);
LINE 48     function getQuestionCount(bytes32 _marketId) external view returns (uint256);
LINE 49     function getResult(bytes32 _marketId) external view returns (uint256);
MATCH_END
MATCH_BEGIN src/interfaces/INegRiskAdapter.sol LINES 49 53
LINE 49     function getResult(bytes32 _marketId) external view returns (uint256);
LINE 50     function isAdmin(address addr) external view returns (bool);
LINE 51     function mergePositions(address _collateralToken, bytes32, bytes32 _conditionId, uint256[] memory, uint256 _amount)
LINE 52         external;
LINE 53     function mergePositions(bytes32 _conditionId, uint256 _amount) external;
MATCH_END
MATCH_BEGIN src/interfaces/INegRiskAdapter.sol LINES 51 55
LINE 51     function mergePositions(address _collateralToken, bytes32, bytes32 _conditionId, uint256[] memory, uint256 _amount)
LINE 52         external;
LINE 53     function mergePositions(bytes32 _conditionId, uint256 _amount) external;
LINE 54     function onERC1155BatchReceived(address, address, uint256[] memory, uint256[] memory, bytes memory)
LINE 55         external
MATCH_END
MATCH_BEGIN src/interfaces/INegRiskAdapter.sol LINES 58 62
LINE 58     function prepareMarket(uint256 _feeBips, bytes memory _metadata) external returns (bytes32);
LINE 59     function prepareQuestion(bytes32 _marketId, bytes memory _metadata) external returns (bytes32);
LINE 60     function redeemPositions(bytes32 _conditionId, uint256[] memory _amounts) external;
LINE 61     function removeAdmin(address admin) external;
LINE 62     function renounceAdmin() external;
MATCH_END
MATCH_BEGIN src/interfaces/INegRiskAdapter.sol LINES 63 67
LINE 63     function reportOutcome(bytes32 _questionId, bool _outcome) external;
LINE 64     function safeTransferFrom(address _from, address _to, uint256 _id, uint256 _value, bytes memory _data) external;
LINE 65     function splitPosition(address _collateralToken, bytes32, bytes32 _conditionId, uint256[] memory, uint256 _amount)
LINE 66         external;
LINE 67     function splitPosition(bytes32 _conditionId, uint256 _amount) external;
MATCH_END
MATCH_BEGIN src/interfaces/INegRiskAdapter.sol LINES 65 69
LINE 65     function splitPosition(address _collateralToken, bytes32, bytes32 _conditionId, uint256[] memory, uint256 _amount)
LINE 66         external;
LINE 67     function splitPosition(bytes32 _conditionId, uint256 _amount) external;
LINE 68     function vault() external view returns (address);
LINE 69     function wcol() external view returns (address);
MATCH_END
MATCH_BEGIN src/interfaces/IUmaCtfAdapter.sol LINES 12 16
LINE 12     /// @notice Custom liveness period
LINE 13     uint256 liveness;
LINE 14     /// @notice Emergency resolution timestamp, set when a market is flagged for emergency
LINE 15     /// resolution
LINE 16     uint256 emergencyResolutionTimestamp;
MATCH_END
MATCH_BEGIN src/interfaces/IUmaCtfAdapter.sol LINES 14 18
LINE 14     /// @notice Emergency resolution timestamp, set when a market is flagged for emergency
LINE 15     /// resolution
LINE 16     uint256 emergencyResolutionTimestamp;
LINE 17     /// @notice Flag marking whether a question is resolved
LINE 18     bool resolved;
MATCH_END
MATCH_BEGIN src/interfaces/IUmaCtfAdapter.sol LINES 62 66
LINE 62     event QuestionUnpaused(bytes32 indexed questionID);
LINE 63 
LINE 64     /// @notice Emitted when a question is flagged by an admin for emergency resolution
LINE 65     event QuestionFlagged(bytes32 indexed questionID);
LINE 66 
MATCH_END
MATCH_BEGIN src/interfaces/IUmaCtfAdapter.sol LINES 73 77
LINE 73     );
LINE 74 
LINE 75     /// @notice Emitted when a question is emergency resolved
LINE 76     event QuestionEmergencyResolved(bytes32 indexed questionID, uint256[] payouts);
LINE 77 }
MATCH_END
MATCH_BEGIN src/interfaces/IUmaCtfAdapter.sol LINES 74 78
LINE 74 
LINE 75     /// @notice Emitted when a question is emergency resolved
LINE 76     event QuestionEmergencyResolved(bytes32 indexed questionID, uint256[] payouts);
LINE 77 }
LINE 78 
MATCH_END
MATCH_BEGIN src/snapshots/NegRiskAdapter.snap.sol LINES 8 12
LINE 8 
LINE 9 import {NegRiskAdapter, INegRiskAdapterEE} from "src/NegRiskAdapter.sol";
LINE 10 import {WrappedCollateral} from "src/WrappedCollateral.sol";
LINE 11 
LINE 12 contract NegRiskAdapterSnapshots is TestHelper {
MATCH_END
MATCH_BEGIN src/snapshots/NegRiskAdapter.snap.sol LINES 13 17
LINE 13     NegRiskAdapter nrAdapter;
LINE 14     USDC usdc;
LINE 15     WrappedCollateral wcol;
LINE 16     IConditionalTokens ctf;
LINE 17     address oracle;
MATCH_END
MATCH_BEGIN src/snapshots/NegRiskAdapter.snap.sol LINES 57 61
LINE 57     }
LINE 58 
LINE 59     function test_snap_splitPosition() public {
LINE 60         uint256 amount = 10_000_000;
LINE 61         uint256 feeBips = 0;
MATCH_END
MATCH_BEGIN src/snapshots/NegRiskAdapter.snap.sol LINES 69 73
LINE 69         vm.stopPrank();
LINE 70 
LINE 71         // split position to alice
LINE 72 
LINE 73         vm.startPrank(alice);
MATCH_END
MATCH_BEGIN src/snapshots/NegRiskAdapter.snap.sol LINES 74 78
LINE 74         usdc.mint(alice, 3 * amount);
LINE 75         usdc.approve(address(nrAdapter), 2 * amount);
LINE 76         nrAdapter.splitPosition(conditionId, amount);
LINE 77 
LINE 78         // no balances should zero before _or_ after snap
MATCH_END
MATCH_BEGIN src/snapshots/NegRiskAdapter.snap.sol LINES 77 81
LINE 77 
LINE 78         // no balances should zero before _or_ after snap
LINE 79         vm.startSnapshotGas("NegRiskAdapter_splitPosition");
LINE 80         nrAdapter.splitPosition(conditionId, amount);
LINE 81         vm.stopSnapshotGas();
MATCH_END
MATCH_BEGIN src/snapshots/NegRiskAdapter.snap.sol LINES 78 82
LINE 78         // no balances should zero before _or_ after snap
LINE 79         vm.startSnapshotGas("NegRiskAdapter_splitPosition");
LINE 80         nrAdapter.splitPosition(conditionId, amount);
LINE 81         vm.stopSnapshotGas();
LINE 82     }
MATCH_END
MATCH_BEGIN src/snapshots/NegRiskAdapter.snap.sol LINES 82 86
LINE 82     }
LINE 83 
LINE 84     function test_snap_mergePositions() public {
LINE 85         uint256 amount = 10_000_000;
LINE 86         uint256 feeBips = 0;
MATCH_END
MATCH_BEGIN src/snapshots/NegRiskAdapter.snap.sol LINES 94 98
LINE 94         vm.stopPrank();
LINE 95 
LINE 96         // split position to alice
LINE 97         vm.startPrank(alice);
LINE 98         usdc.mint(alice, 4 * amount);
MATCH_END
MATCH_BEGIN src/snapshots/NegRiskAdapter.snap.sol LINES 98 102
LINE 98         usdc.mint(alice, 4 * amount);
LINE 99         usdc.approve(address(nrAdapter), 3 * amount);
LINE 100         nrAdapter.splitPosition(conditionId, 2 * amount);
LINE 101         ctf.setApprovalForAll(address(nrAdapter), true);
LINE 102 
MATCH_END
MATCH_BEGIN src/snapshots/NegRiskAdapter.snap.sol LINES 102 106
LINE 102 
LINE 103         // no balances should zero before _or_ after snap
LINE 104         vm.startSnapshotGas("NegRiskAdapter_mergePositions");
LINE 105         nrAdapter.mergePositions(conditionId, amount);
LINE 106         vm.stopSnapshotGas();
MATCH_END
MATCH_BEGIN src/snapshots/NegRiskAdapter.snap.sol LINES 103 107
LINE 103         // no balances should zero before _or_ after snap
LINE 104         vm.startSnapshotGas("NegRiskAdapter_mergePositions");
LINE 105         nrAdapter.mergePositions(conditionId, amount);
LINE 106         vm.stopSnapshotGas();
LINE 107     }
MATCH_END
MATCH_BEGIN src/snapshots/NegRiskAdapter.snap.sol LINES 107 111
LINE 107     }
LINE 108 
LINE 109     function test_snap_convertPositions_5() public {
LINE 110         uint256 amount = 10_000_000;
LINE 111         uint256 feeBips = 0;
MATCH_END
MATCH_BEGIN src/snapshots/NegRiskAdapter.snap.sol LINES 123 127
LINE 123             bytes32 conditionId = nrAdapter.getConditionId(questionId);
LINE 124 
LINE 125             // split position to alice
LINE 126             vm.startPrank(alice);
LINE 127             usdc.mint(alice, amount);
MATCH_END
MATCH_BEGIN src/snapshots/NegRiskAdapter.snap.sol LINES 127 131
LINE 127             usdc.mint(alice, amount);
LINE 128             usdc.approve(address(nrAdapter), amount);
LINE 129             nrAdapter.splitPosition(conditionId, amount);
LINE 130             vm.stopPrank();
LINE 131 
MATCH_END
MATCH_BEGIN src/snapshots/NegRiskAdapter.snap.sol LINES 136 140
LINE 136         ctf.setApprovalForAll(address(nrAdapter), true);
LINE 137 
LINE 138         vm.startSnapshotGas("NegRiskAdapter_convertPositions_5");
LINE 139         nrAdapter.convertPositions(marketId, 1, amount);
LINE 140         vm.stopSnapshotGas();
MATCH_END
MATCH_BEGIN src/snapshots/NegRiskAdapter.snap.sol LINES 137 141
LINE 137 
LINE 138         vm.startSnapshotGas("NegRiskAdapter_convertPositions_5");
LINE 139         nrAdapter.convertPositions(marketId, 1, amount);
LINE 140         vm.stopSnapshotGas();
LINE 141     }
MATCH_END
MATCH_BEGIN src/snapshots/NegRiskAdapter.snap.sol LINES 141 145
LINE 141     }
LINE 142 
LINE 143     function test_snap_convertPositions_32() public {
LINE 144         uint256 amount = 10_000_000;
LINE 145         uint256 feeBips = 0;
MATCH_END
MATCH_BEGIN src/snapshots/NegRiskAdapter.snap.sol LINES 157 161
LINE 157             bytes32 conditionId = nrAdapter.getConditionId(questionId);
LINE 158 
LINE 159             // split position to alice
LINE 160             vm.startPrank(alice);
LINE 161             usdc.mint(alice, amount);
MATCH_END
MATCH_BEGIN src/snapshots/NegRiskAdapter.snap.sol LINES 161 165
LINE 161             usdc.mint(alice, amount);
LINE 162             usdc.approve(address(nrAdapter), amount);
LINE 163             nrAdapter.splitPosition(conditionId, amount);
LINE 164             vm.stopPrank();
LINE 165 
MATCH_END
MATCH_BEGIN src/snapshots/NegRiskAdapter.snap.sol LINES 170 174
LINE 170         ctf.setApprovalForAll(address(nrAdapter), true);
LINE 171 
LINE 172         vm.startSnapshotGas("NegRiskAdapter_convertPositions_32");
LINE 173         nrAdapter.convertPositions(marketId, 1, amount);
LINE 174         vm.stopSnapshotGas();
MATCH_END
MATCH_BEGIN src/snapshots/NegRiskAdapter.snap.sol LINES 171 175
LINE 171 
LINE 172         vm.startSnapshotGas("NegRiskAdapter_convertPositions_32");
LINE 173         nrAdapter.convertPositions(marketId, 1, amount);
LINE 174         vm.stopSnapshotGas();
LINE 175     }
MATCH_END
MATCH_BEGIN src/snapshots/NegRiskAdapter.snap.sol LINES 175 179
LINE 175     }
LINE 176 
LINE 177     function test_snap_convertPositions_64() public {
LINE 178         uint256 amount = 10_000_000;
LINE 179         uint256 feeBips = 0;
MATCH_END
MATCH_BEGIN src/snapshots/NegRiskAdapter.snap.sol LINES 191 195
LINE 191             bytes32 conditionId = nrAdapter.getConditionId(questionId);
LINE 192 
LINE 193             // split position to alice
LINE 194             vm.startPrank(alice);
LINE 195             usdc.mint(alice, amount);
MATCH_END
MATCH_BEGIN src/snapshots/NegRiskAdapter.snap.sol LINES 195 199
LINE 195             usdc.mint(alice, amount);
LINE 196             usdc.approve(address(nrAdapter), amount);
LINE 197             nrAdapter.splitPosition(conditionId, amount);
LINE 198             vm.stopPrank();
LINE 199 
MATCH_END
MATCH_BEGIN src/snapshots/NegRiskAdapter.snap.sol LINES 204 208
LINE 204         ctf.setApprovalForAll(address(nrAdapter), true);
LINE 205 
LINE 206         vm.startSnapshotGas("NegRiskAdapter_convertPositions_64");
LINE 207         nrAdapter.convertPositions(marketId, 1, amount);
LINE 208         vm.stopSnapshotGas();
MATCH_END
MATCH_BEGIN src/snapshots/NegRiskAdapter.snap.sol LINES 205 209
LINE 205 
LINE 206         vm.startSnapshotGas("NegRiskAdapter_convertPositions_64");
LINE 207         nrAdapter.convertPositions(marketId, 1, amount);
LINE 208         vm.stopSnapshotGas();
LINE 209     }
MATCH_END
MATCH_BEGIN src/snapshots/NegRiskAdapter.snap.sol LINES 209 213
LINE 209     }
LINE 210 
LINE 211     function test_snap_convertPositions_96() public {
LINE 212         uint256 amount = 10_000_000;
LINE 213         uint256 feeBips = 0;
MATCH_END
MATCH_BEGIN src/snapshots/NegRiskAdapter.snap.sol LINES 225 229
LINE 225             bytes32 conditionId = nrAdapter.getConditionId(questionId);
LINE 226 
LINE 227             // split position to alice
LINE 228             vm.startPrank(alice);
LINE 229             usdc.mint(alice, amount);
MATCH_END
MATCH_BEGIN src/snapshots/NegRiskAdapter.snap.sol LINES 229 233
LINE 229             usdc.mint(alice, amount);
LINE 230             usdc.approve(address(nrAdapter), amount);
LINE 231             nrAdapter.splitPosition(conditionId, amount);
LINE 232             vm.stopPrank();
LINE 233 
MATCH_END
MATCH_BEGIN src/snapshots/NegRiskAdapter.snap.sol LINES 237 241
LINE 237         vm.startPrank(alice);
LINE 238         ctf.setApprovalForAll(address(nrAdapter), true);
LINE 239         vm.startSnapshotGas("NegRiskAdapter_convertPositions_96");
LINE 240         nrAdapter.convertPositions(marketId, 1, amount);
LINE 241         vm.stopSnapshotGas();
MATCH_END
MATCH_BEGIN src/snapshots/NegRiskAdapter.snap.sol LINES 238 242
LINE 238         ctf.setApprovalForAll(address(nrAdapter), true);
LINE 239         vm.startSnapshotGas("NegRiskAdapter_convertPositions_96");
LINE 240         nrAdapter.convertPositions(marketId, 1, amount);
LINE 241         vm.stopSnapshotGas();
LINE 242     }
MATCH_END
MATCH_BEGIN src/snapshots/NegRiskAdapter.snap.sol LINES 242 246
LINE 242     }
LINE 243 
LINE 244     function test_snap_convertPositions_128() public {
LINE 245         uint256 amount = 10_000_000;
LINE 246         uint256 feeBips = 0;
MATCH_END
MATCH_BEGIN src/snapshots/NegRiskAdapter.snap.sol LINES 258 262
LINE 258             bytes32 conditionId = nrAdapter.getConditionId(questionId);
LINE 259 
LINE 260             // split position to alice
LINE 261             vm.startPrank(alice);
LINE 262             usdc.mint(alice, amount);
MATCH_END
MATCH_BEGIN src/snapshots/NegRiskAdapter.snap.sol LINES 262 266
LINE 262             usdc.mint(alice, amount);
LINE 263             usdc.approve(address(nrAdapter), amount);
LINE 264             nrAdapter.splitPosition(conditionId, amount);
LINE 265             vm.stopPrank();
LINE 266 
MATCH_END
MATCH_BEGIN src/snapshots/NegRiskAdapter.snap.sol LINES 271 275
LINE 271         ctf.setApprovalForAll(address(nrAdapter), true);
LINE 272 
LINE 273         vm.startSnapshotGas("NegRiskAdapter_convertPositions_128");
LINE 274         nrAdapter.convertPositions(marketId, 1, amount);
LINE 275         vm.stopSnapshotGas();
MATCH_END
MATCH_BEGIN src/snapshots/NegRiskAdapter.snap.sol LINES 272 276
LINE 272 
LINE 273         vm.startSnapshotGas("NegRiskAdapter_convertPositions_128");
LINE 274         nrAdapter.convertPositions(marketId, 1, amount);
LINE 275         vm.stopSnapshotGas();
LINE 276     }
MATCH_END
MATCH_BEGIN src/snapshots/NegRiskAdapter.snap.sol LINES 276 280
LINE 276     }
LINE 277 
LINE 278     function test_snap_convertPositions_196() public {
LINE 279         uint256 amount = 10_000_000;
LINE 280         uint256 feeBips = 0;
MATCH_END
MATCH_BEGIN src/snapshots/NegRiskAdapter.snap.sol LINES 292 296
LINE 292             bytes32 conditionId = nrAdapter.getConditionId(questionId);
LINE 293 
LINE 294             // split position to alice
LINE 295             vm.startPrank(alice);
LINE 296             usdc.mint(alice, amount);
MATCH_END
MATCH_BEGIN src/snapshots/NegRiskAdapter.snap.sol LINES 296 300
LINE 296             usdc.mint(alice, amount);
LINE 297             usdc.approve(address(nrAdapter), amount);
LINE 298             nrAdapter.splitPosition(conditionId, amount);
LINE 299             vm.stopPrank();
LINE 300 
MATCH_END
MATCH_BEGIN src/snapshots/NegRiskAdapter.snap.sol LINES 305 309
LINE 305         ctf.setApprovalForAll(address(nrAdapter), true);
LINE 306 
LINE 307         vm.startSnapshotGas("NegRiskAdapter_convertPositions_196");
LINE 308         nrAdapter.convertPositions(marketId, 1, amount);
LINE 309         vm.stopSnapshotGas();
MATCH_END
MATCH_BEGIN src/snapshots/NegRiskAdapter.snap.sol LINES 306 310
LINE 306 
LINE 307         vm.startSnapshotGas("NegRiskAdapter_convertPositions_196");
LINE 308         nrAdapter.convertPositions(marketId, 1, amount);
LINE 309         vm.stopSnapshotGas();
LINE 310     }
MATCH_END
MATCH_BEGIN src/test/NegRiskAdapter/ConvertPositions.t.sol LINES 5 9
LINE 5 import {NegRiskIdLib} from "src/libraries/NegRiskIdLib.sol";
LINE 6 
LINE 7 contract NegRiskAdapter_ConvertPositions_Test is NegRiskAdapter_SetUp {
LINE 8     uint256 constant QUESTION_COUNT_MAX = 32;
LINE 9     bytes32 marketId;
MATCH_END
MATCH_BEGIN src/test/NegRiskAdapter/ConvertPositions.t.sol LINES 18 22
LINE 18         uint8 i = 0;
LINE 19 
LINE 20         // prepare questions and split initial liquidity to alice
LINE 21         while (i < _questionCount) {
LINE 22             vm.prank(oracle);
MATCH_END
MATCH_BEGIN src/test/NegRiskAdapter/ConvertPositions.t.sol LINES 24 28
LINE 24             bytes32 conditionId = nrAdapter.getConditionId(questionId);
LINE 25 
LINE 26             // // split position to alice
LINE 27             vm.startPrank(alice);
LINE 28             usdc.mint(alice, _amount);
MATCH_END
MATCH_BEGIN src/test/NegRiskAdapter/ConvertPositions.t.sol LINES 28 32
LINE 28             usdc.mint(alice, _amount);
LINE 29             usdc.approve(address(nrAdapter), _amount);
LINE 30             nrAdapter.splitPosition(conditionId, _amount);
LINE 31             vm.stopPrank();
LINE 32 
MATCH_END
MATCH_BEGIN src/test/NegRiskAdapter/ConvertPositions.t.sol LINES 36 40
LINE 36         assertEq(nrAdapter.getQuestionCount(marketId), _questionCount);
LINE 37 
LINE 38         // send no positions to brian
LINE 39         {
LINE 40             i = 0;
MATCH_END
MATCH_BEGIN src/test/NegRiskAdapter/ConvertPositions.t.sol LINES 42 46
LINE 42             while (i < _questionCount) {
LINE 43                 if (_indexSet & (1 << i) > 0) {
LINE 44                     uint256 positionId = nrAdapter.getPositionId(NegRiskIdLib.getQuestionId(marketId, i), false);
LINE 45                     ctf.balanceOf(alice, positionId);
LINE 46                     vm.prank(alice);
MATCH_END
MATCH_BEGIN src/test/NegRiskAdapter/ConvertPositions.t.sol LINES 43 47
LINE 43                 if (_indexSet & (1 << i) > 0) {
LINE 44                     uint256 positionId = nrAdapter.getPositionId(NegRiskIdLib.getQuestionId(marketId, i), false);
LINE 45                     ctf.balanceOf(alice, positionId);
LINE 46                     vm.prank(alice);
LINE 47                     ctf.safeTransferFrom(alice, brian, positionId, _amount, "");
MATCH_END
MATCH_BEGIN src/test/NegRiskAdapter/ConvertPositions.t.sol LINES 45 49
LINE 45                     ctf.balanceOf(alice, positionId);
LINE 46                     vm.prank(alice);
LINE 47                     ctf.safeTransferFrom(alice, brian, positionId, _amount, "");
LINE 48                     assertEq(ctf.balanceOf(brian, positionId), _amount);
LINE 49                 }
MATCH_END
MATCH_BEGIN src/test/NegRiskAdapter/ConvertPositions.t.sol LINES 46 50
LINE 46                     vm.prank(alice);
LINE 47                     ctf.safeTransferFrom(alice, brian, positionId, _amount, "");
LINE 48                     assertEq(ctf.balanceOf(brian, positionId), _amount);
LINE 49                 }
LINE 50                 ++i;
MATCH_END
MATCH_BEGIN src/test/NegRiskAdapter/ConvertPositions.t.sol LINES 60 64
LINE 60 
LINE 61             uint8 i = 0;
LINE 62             uint256 noPositionsCount;
LINE 63             uint256 yesPositionsCount;
LINE 64 
MATCH_END
MATCH_BEGIN src/test/NegRiskAdapter/ConvertPositions.t.sol LINES 61 65
LINE 61             uint8 i = 0;
LINE 62             uint256 noPositionsCount;
LINE 63             uint256 yesPositionsCount;
LINE 64 
LINE 65             while (i < _questionCount) {
MATCH_END
MATCH_BEGIN src/test/NegRiskAdapter/ConvertPositions.t.sol LINES 66 70
LINE 66                 if (_indexSet & (1 << i) > 0) {
LINE 67                     // NO
LINE 68                     uint256 yesPositionId = nrAdapter.getPositionId(NegRiskIdLib.getQuestionId(marketId, i), true);
LINE 69                     uint256 noPositionId = nrAdapter.getPositionId(NegRiskIdLib.getQuestionId(marketId, i), false);
LINE 70 
MATCH_END
MATCH_BEGIN src/test/NegRiskAdapter/ConvertPositions.t.sol LINES 67 71
LINE 67                     // NO
LINE 68                     uint256 yesPositionId = nrAdapter.getPositionId(NegRiskIdLib.getQuestionId(marketId, i), true);
LINE 69                     uint256 noPositionId = nrAdapter.getPositionId(NegRiskIdLib.getQuestionId(marketId, i), false);
LINE 70 
LINE 71                     // brian has no more of the no token
MATCH_END
MATCH_BEGIN src/test/NegRiskAdapter/ConvertPositions.t.sol LINES 70 74
LINE 70 
LINE 71                     // brian has no more of the no token
LINE 72                     assertEq(ctf.balanceOf(brian, noPositionId), 0);
LINE 73                     // they are all at the no token burn address
LINE 74                     assertEq(ctf.balanceOf(nrAdapter.NO_TOKEN_BURN_ADDRESS(), noPositionId), _amount);
MATCH_END
MATCH_BEGIN src/test/NegRiskAdapter/ConvertPositions.t.sol LINES 72 76
LINE 72                     assertEq(ctf.balanceOf(brian, noPositionId), 0);
LINE 73                     // they are all at the no token burn address
LINE 74                     assertEq(ctf.balanceOf(nrAdapter.NO_TOKEN_BURN_ADDRESS(), noPositionId), _amount);
LINE 75                     // nr adapter should have no conditional tokens
LINE 76                     assertEq(ctf.balanceOf(address(nrAdapter), yesPositionId), 0);
MATCH_END
MATCH_BEGIN src/test/NegRiskAdapter/ConvertPositions.t.sol LINES 74 78
LINE 74                     assertEq(ctf.balanceOf(nrAdapter.NO_TOKEN_BURN_ADDRESS(), noPositionId), _amount);
LINE 75                     // nr adapter should have no conditional tokens
LINE 76                     assertEq(ctf.balanceOf(address(nrAdapter), yesPositionId), 0);
LINE 77                     assertEq(ctf.balanceOf(address(nrAdapter), noPositionId), 0);
LINE 78                     ++noPositionsCount;
MATCH_END
MATCH_BEGIN src/test/NegRiskAdapter/ConvertPositions.t.sol LINES 75 79
LINE 75                     // nr adapter should have no conditional tokens
LINE 76                     assertEq(ctf.balanceOf(address(nrAdapter), yesPositionId), 0);
LINE 77                     assertEq(ctf.balanceOf(address(nrAdapter), noPositionId), 0);
LINE 78                     ++noPositionsCount;
LINE 79                 } else {
MATCH_END
MATCH_BEGIN src/test/NegRiskAdapter/ConvertPositions.t.sol LINES 76 80
LINE 76                     assertEq(ctf.balanceOf(address(nrAdapter), yesPositionId), 0);
LINE 77                     assertEq(ctf.balanceOf(address(nrAdapter), noPositionId), 0);
LINE 78                     ++noPositionsCount;
LINE 79                 } else {
LINE 80                     // YES
MATCH_END
MATCH_BEGIN src/test/NegRiskAdapter/ConvertPositions.t.sol LINES 79 83
LINE 79                 } else {
LINE 80                     // YES
LINE 81                     uint256 yesPositionId = nrAdapter.getPositionId(NegRiskIdLib.getQuestionId(marketId, i), true);
LINE 82                     uint256 noPositionId = nrAdapter.getPositionId(NegRiskIdLib.getQuestionId(marketId, i), false);
LINE 83 
MATCH_END
MATCH_BEGIN src/test/NegRiskAdapter/ConvertPositions.t.sol LINES 80 84
LINE 80                     // YES
LINE 81                     uint256 yesPositionId = nrAdapter.getPositionId(NegRiskIdLib.getQuestionId(marketId, i), true);
LINE 82                     uint256 noPositionId = nrAdapter.getPositionId(NegRiskIdLib.getQuestionId(marketId, i), false);
LINE 83 
LINE 84                     // brian has _amount of each yes token, after fees
MATCH_END
MATCH_BEGIN src/test/NegRiskAdapter/ConvertPositions.t.sol LINES 83 87
LINE 83 
LINE 84                     // brian has _amount of each yes token, after fees
LINE 85                     assertEq(ctf.balanceOf(brian, yesPositionId), _amount - feeAmount);
LINE 86                     // vault has the rest of yes tokens as fees
LINE 87                     assertEq(ctf.balanceOf(vault, yesPositionId), feeAmount);
MATCH_END
MATCH_BEGIN src/test/NegRiskAdapter/ConvertPositions.t.sol LINES 84 88
LINE 84                     // brian has _amount of each yes token, after fees
LINE 85                     assertEq(ctf.balanceOf(brian, yesPositionId), _amount - feeAmount);
LINE 86                     // vault has the rest of yes tokens as fees
LINE 87                     assertEq(ctf.balanceOf(vault, yesPositionId), feeAmount);
LINE 88                     // no tokens should be at the burn address
MATCH_END
MATCH_BEGIN src/test/NegRiskAdapter/ConvertPositions.t.sol LINES 85 89
LINE 85                     assertEq(ctf.balanceOf(brian, yesPositionId), _amount - feeAmount);
LINE 86                     // vault has the rest of yes tokens as fees
LINE 87                     assertEq(ctf.balanceOf(vault, yesPositionId), feeAmount);
LINE 88                     // no tokens should be at the burn address
LINE 89                     assertEq(ctf.balanceOf(nrAdapter.NO_TOKEN_BURN_ADDRESS(), noPositionId), _amount);
MATCH_END
MATCH_BEGIN src/test/NegRiskAdapter/ConvertPositions.t.sol LINES 86 90
LINE 86                     // vault has the rest of yes tokens as fees
LINE 87                     assertEq(ctf.balanceOf(vault, yesPositionId), feeAmount);
LINE 88                     // no tokens should be at the burn address
LINE 89                     assertEq(ctf.balanceOf(nrAdapter.NO_TOKEN_BURN_ADDRESS(), noPositionId), _amount);
LINE 90                     // nr adapter should have no conditional tokens
MATCH_END
MATCH_BEGIN src/test/NegRiskAdapter/ConvertPositions.t.sol LINES 87 91
LINE 87                     assertEq(ctf.balanceOf(vault, yesPositionId), feeAmount);
LINE 88                     // no tokens should be at the burn address
LINE 89                     assertEq(ctf.balanceOf(nrAdapter.NO_TOKEN_BURN_ADDRESS(), noPositionId), _amount);
LINE 90                     // nr adapter should have no conditional tokens
LINE 91                     assertEq(ctf.balanceOf(address(nrAdapter), yesPositionId), 0);
MATCH_END
MATCH_BEGIN src/test/NegRiskAdapter/ConvertPositions.t.sol LINES 89 93
LINE 89                     assertEq(ctf.balanceOf(nrAdapter.NO_TOKEN_BURN_ADDRESS(), noPositionId), _amount);
LINE 90                     // nr adapter should have no conditional tokens
LINE 91                     assertEq(ctf.balanceOf(address(nrAdapter), yesPositionId), 0);
LINE 92                     assertEq(ctf.balanceOf(address(nrAdapter), noPositionId), 0);
LINE 93                     ++yesPositionsCount;
MATCH_END
MATCH_BEGIN src/test/NegRiskAdapter/ConvertPositions.t.sol LINES 90 94
LINE 90                     // nr adapter should have no conditional tokens
LINE 91                     assertEq(ctf.balanceOf(address(nrAdapter), yesPositionId), 0);
LINE 92                     assertEq(ctf.balanceOf(address(nrAdapter), noPositionId), 0);
LINE 93                     ++yesPositionsCount;
LINE 94                 }
MATCH_END
MATCH_BEGIN src/test/NegRiskAdapter/ConvertPositions.t.sol LINES 91 95
LINE 91                     assertEq(ctf.balanceOf(address(nrAdapter), yesPositionId), 0);
LINE 92                     assertEq(ctf.balanceOf(address(nrAdapter), noPositionId), 0);
LINE 93                     ++yesPositionsCount;
LINE 94                 }
LINE 95                 ++i;
MATCH_END
MATCH_BEGIN src/test/NegRiskAdapter/ConvertPositions.t.sol LINES 96 100
LINE 96             }
LINE 97 
LINE 98             assertEq(noPositionsCount + yesPositionsCount, _questionCount);
LINE 99 
LINE 100             // brian should have (noPositionsCount -1) * amountOut USDC
MATCH_END
MATCH_BEGIN src/test/NegRiskAdapter/ConvertPositions.t.sol LINES 98 102
LINE 98             assertEq(noPositionsCount + yesPositionsCount, _questionCount);
LINE 99 
LINE 100             // brian should have (noPositionsCount -1) * amountOut USDC
LINE 101             assertEq(usdc.balanceOf(brian), (noPositionsCount - 1) * amountOut);
LINE 102 
MATCH_END
MATCH_BEGIN src/test/NegRiskAdapter/ConvertPositions.t.sol LINES 99 103
LINE 99 
LINE 100             // brian should have (noPositionsCount -1) * amountOut USDC
LINE 101             assertEq(usdc.balanceOf(brian), (noPositionsCount - 1) * amountOut);
LINE 102 
LINE 103             // the ctf should have (questionCount + yesPositionCount)*_amount WCOL
MATCH_END
MATCH_BEGIN src/test/NegRiskAdapter/ConvertPositions.t.sol LINES 101 105
LINE 101             assertEq(usdc.balanceOf(brian), (noPositionsCount - 1) * amountOut);
LINE 102 
LINE 103             // the ctf should have (questionCount + yesPositionCount)*_amount WCOL
LINE 104             assertEq(wcol.balanceOf(address(ctf)), _amount * (_questionCount + yesPositionsCount));
LINE 105         }
MATCH_END
MATCH_BEGIN src/test/NegRiskAdapter/ConvertPositions.t.sol LINES 102 106
LINE 102 
LINE 103             // the ctf should have (questionCount + yesPositionCount)*_amount WCOL
LINE 104             assertEq(wcol.balanceOf(address(ctf)), _amount * (_questionCount + yesPositionsCount));
LINE 105         }
LINE 106     }
MATCH_END
MATCH_BEGIN src/test/NegRiskAdapter/ConvertPositions.t.sol LINES 106 110
LINE 106     }
LINE 107 
LINE 108     function test_convertPositions(uint256 _questionCount, uint256 _feeBips, uint256 _indexSet, uint128 _amount)
LINE 109         public
LINE 110     {
MATCH_END
MATCH_BEGIN src/test/NegRiskAdapter/ConvertPositions.t.sol LINES 117 121
LINE 117         _before(_questionCount, _feeBips, _indexSet, _amount);
LINE 118 
LINE 119         // convert positions
LINE 120         {
LINE 121             vm.startPrank(brian);
MATCH_END
MATCH_BEGIN src/test/NegRiskAdapter/ConvertPositions.t.sol LINES 123 127
LINE 123 
LINE 124             vm.expectEmit();
LINE 125             emit PositionsConverted(brian, marketId, _indexSet, _amount);
LINE 126             nrAdapter.convertPositions(marketId, _indexSet, _amount);
LINE 127         }
MATCH_END
MATCH_BEGIN src/test/NegRiskAdapter/ConvertPositions.t.sol LINES 124 128
LINE 124             vm.expectEmit();
LINE 125             emit PositionsConverted(brian, marketId, _indexSet, _amount);
LINE 126             nrAdapter.convertPositions(marketId, _indexSet, _amount);
LINE 127         }
LINE 128 
MATCH_END
MATCH_BEGIN src/test/NegRiskAdapter/ConvertPositions.t.sol LINES 130 134
LINE 130     }
LINE 131 
LINE 132     function test_convertPositions_singleIndex(
LINE 133         uint256 _questionCount,
LINE 134         uint256 _feeBips,
MATCH_END
MATCH_BEGIN src/test/NegRiskAdapter/ConvertPositions.t.sol LINES 145 149
LINE 145         _before(_questionCount, _feeBips, _indexSet, _amount);
LINE 146 
LINE 147         // convert positions
LINE 148         {
LINE 149             vm.startPrank(brian);
MATCH_END
MATCH_BEGIN src/test/NegRiskAdapter/ConvertPositions.t.sol LINES 151 155
LINE 151 
LINE 152             vm.expectEmit();
LINE 153             emit PositionsConverted(brian, marketId, _indexSet, _amount);
LINE 154             nrAdapter.convertPositions(marketId, _indexSet, _amount);
LINE 155         }
MATCH_END
MATCH_BEGIN src/test/NegRiskAdapter/ConvertPositions.t.sol LINES 152 156
LINE 152             vm.expectEmit();
LINE 153             emit PositionsConverted(brian, marketId, _indexSet, _amount);
LINE 154             nrAdapter.convertPositions(marketId, _indexSet, _amount);
LINE 155         }
LINE 156 
MATCH_END
MATCH_BEGIN src/test/NegRiskAdapter/ConvertPositions.t.sol LINES 158 162
LINE 158     }
LINE 159 
LINE 160     function test_convertPositions_allIndices(uint256 _questionCount, uint256 _feeBips, uint128 _amount) public {
LINE 161         vm.assume(_amount > 0);
LINE 162 
MATCH_END
MATCH_BEGIN src/test/NegRiskAdapter/ConvertPositions.t.sol LINES 167 171
LINE 167         _before(_questionCount, _feeBips, _indexSet, _amount);
LINE 168 
LINE 169         // convert positions
LINE 170         {
LINE 171             vm.startPrank(brian);
MATCH_END
MATCH_BEGIN src/test/NegRiskAdapter/ConvertPositions.t.sol LINES 173 177
LINE 173 
LINE 174             vm.expectEmit();
LINE 175             emit PositionsConverted(brian, marketId, _indexSet, _amount);
LINE 176             nrAdapter.convertPositions(marketId, _indexSet, _amount);
LINE 177         }
MATCH_END
MATCH_BEGIN src/test/NegRiskAdapter/ConvertPositions.t.sol LINES 174 178
LINE 174             vm.expectEmit();
LINE 175             emit PositionsConverted(brian, marketId, _indexSet, _amount);
LINE 176             nrAdapter.convertPositions(marketId, _indexSet, _amount);
LINE 177         }
LINE 178 
MATCH_END
MATCH_BEGIN src/test/NegRiskAdapter/ConvertPositions.t.sol LINES 180 184
LINE 180     }
LINE 181 
LINE 182     function test_convertPositions_zeroAmount(uint256 _a, uint256 _b) public {
LINE 183         uint256 amount = 0;
LINE 184 
MATCH_END
MATCH_BEGIN src/test/NegRiskAdapter/ConvertPositions.t.sol LINES 192 196
LINE 192             vm.prank(brian);
LINE 193 
LINE 194             nrAdapter.convertPositions(marketId, indexSet, amount);
LINE 195         }
LINE 196     }
MATCH_END
MATCH_BEGIN src/test/NegRiskAdapter/ConvertPositions.t.sol LINES 196 200
LINE 196     }
LINE 197 
LINE 198     function test_revert_convertPositions_marketNotPrepared(bytes32 _marketId) public {
LINE 199         vm.expectRevert(MarketNotPrepared.selector);
LINE 200         nrAdapter.convertPositions(_marketId, 0, 0);
MATCH_END
MATCH_BEGIN src/test/NegRiskAdapter/ConvertPositions.t.sol LINES 198 202
LINE 198     function test_revert_convertPositions_marketNotPrepared(bytes32 _marketId) public {
LINE 199         vm.expectRevert(MarketNotPrepared.selector);
LINE 200         nrAdapter.convertPositions(_marketId, 0, 0);
LINE 201     }
LINE 202 
MATCH_END
MATCH_BEGIN src/test/NegRiskAdapter/ConvertPositions.t.sol LINES 201 205
LINE 201     }
LINE 202 
LINE 203     function test_revert_convertPositions_noConvertiblePositions() public {
LINE 204         vm.prank(oracle);
LINE 205         marketId = nrAdapter.prepareMarket(0, "");
MATCH_END
MATCH_BEGIN src/test/NegRiskAdapter/ConvertPositions.t.sol LINES 206 210
LINE 206 
LINE 207         // 0 questions prepared
LINE 208         vm.expectRevert(NoConvertiblePositions.selector);
LINE 209         nrAdapter.convertPositions(marketId, 0, 0);
LINE 210 
MATCH_END
MATCH_BEGIN src/test/NegRiskAdapter/ConvertPositions.t.sol LINES 207 211
LINE 207         // 0 questions prepared
LINE 208         vm.expectRevert(NoConvertiblePositions.selector);
LINE 209         nrAdapter.convertPositions(marketId, 0, 0);
LINE 210 
LINE 211         vm.prank(oracle);
MATCH_END
MATCH_BEGIN src/test/NegRiskAdapter/ConvertPositions.t.sol LINES 213 217
LINE 213 
LINE 214         // 1 question prepared
LINE 215         vm.expectRevert(NoConvertiblePositions.selector);
LINE 216         nrAdapter.convertPositions(marketId, 0, 0);
LINE 217 
MATCH_END
MATCH_BEGIN src/test/NegRiskAdapter/ConvertPositions.t.sol LINES 214 218
LINE 214         // 1 question prepared
LINE 215         vm.expectRevert(NoConvertiblePositions.selector);
LINE 216         nrAdapter.convertPositions(marketId, 0, 0);
LINE 217 
LINE 218         vm.prank(oracle);
MATCH_END
MATCH_BEGIN src/test/NegRiskAdapter/ConvertPositions.t.sol LINES 219 223
LINE 219         nrAdapter.prepareQuestion(marketId, "");
LINE 220 
LINE 221         // 2 positions prepared
LINE 222         vm.expectRevert(InvalidIndexSet.selector);
LINE 223         nrAdapter.convertPositions(marketId, 0, 0);
MATCH_END
MATCH_BEGIN src/test/NegRiskAdapter/ConvertPositions.t.sol LINES 221 225
LINE 221         // 2 positions prepared
LINE 222         vm.expectRevert(InvalidIndexSet.selector);
LINE 223         nrAdapter.convertPositions(marketId, 0, 0);
LINE 224     }
LINE 225 
MATCH_END
MATCH_BEGIN src/test/NegRiskAdapter/ConvertPositions.t.sol LINES 224 228
LINE 224     }
LINE 225 
LINE 226     function test_revert_convertPositions_invalidIndexSet(uint256 _a, uint256 _b, uint256 _c, uint128 _amount) public {
LINE 227         vm.assume(_amount > 0);
LINE 228 
MATCH_END
MATCH_BEGIN src/test/NegRiskAdapter/ConvertPositions.t.sol LINES 238 242
LINE 238         uint256 zeroIndexSet = 0;
LINE 239         vm.expectRevert(InvalidIndexSet.selector);
LINE 240         nrAdapter.convertPositions(marketId, zeroIndexSet, 0);
LINE 241 
LINE 242         uint256 invalidIndexSet = bound(_c, 2 ** questionCount, type(uint256).max);
MATCH_END
MATCH_BEGIN src/test/NegRiskAdapter/ConvertPositions.t.sol LINES 242 246
LINE 242         uint256 invalidIndexSet = bound(_c, 2 ** questionCount, type(uint256).max);
LINE 243         vm.expectRevert(InvalidIndexSet.selector);
LINE 244         nrAdapter.convertPositions(marketId, invalidIndexSet, 0);
LINE 245     }
LINE 246 }
MATCH_END
MATCH_BEGIN src/test/NegRiskAdapter/MergePositions.t.sol LINES 5 9
LINE 5 import {IConditionalTokens} from "src/interfaces/IConditionalTokens.sol";
LINE 6 
LINE 7 contract NegRiskAdapter_MergePositions_Test is NegRiskAdapter_SetUp {
LINE 8     bytes32 marketId;
LINE 9     bytes32 questionId;
MATCH_END
MATCH_BEGIN src/test/NegRiskAdapter/MergePositions.t.sol LINES 9 13
LINE 9     bytes32 questionId;
LINE 10     bytes32 conditionId;
LINE 11     uint256 positionIdFalse;
LINE 12     uint256 positionIdTrue;
LINE 13 
MATCH_END
MATCH_BEGIN src/test/NegRiskAdapter/MergePositions.t.sol LINES 10 14
LINE 10     bytes32 conditionId;
LINE 11     uint256 positionIdFalse;
LINE 12     uint256 positionIdTrue;
LINE 13 
LINE 14     function _before(uint256 _amount) public {
MATCH_END
MATCH_BEGIN src/test/NegRiskAdapter/MergePositions.t.sol LINES 23 27
LINE 23         vm.stopPrank();
LINE 24 
LINE 25         // split position to alice
LINE 26         vm.startPrank(alice);
LINE 27         usdc.mint(alice, _amount);
MATCH_END
MATCH_BEGIN src/test/NegRiskAdapter/MergePositions.t.sol LINES 27 31
LINE 27         usdc.mint(alice, _amount);
LINE 28         usdc.approve(address(nrAdapter), _amount);
LINE 29         nrAdapter.splitPosition(conditionId, _amount);
LINE 30 
LINE 31         positionIdFalse = nrAdapter.getPositionId(questionId, false);
MATCH_END
MATCH_BEGIN src/test/NegRiskAdapter/MergePositions.t.sol LINES 29 33
LINE 29         nrAdapter.splitPosition(conditionId, _amount);
LINE 30 
LINE 31         positionIdFalse = nrAdapter.getPositionId(questionId, false);
LINE 32         ctf.safeTransferFrom(alice, brian, positionIdFalse, _amount, "");
LINE 33 
MATCH_END
MATCH_BEGIN src/test/NegRiskAdapter/MergePositions.t.sol LINES 30 34
LINE 30 
LINE 31         positionIdFalse = nrAdapter.getPositionId(questionId, false);
LINE 32         ctf.safeTransferFrom(alice, brian, positionIdFalse, _amount, "");
LINE 33 
LINE 34         positionIdTrue = nrAdapter.getPositionId(questionId, true);
MATCH_END
MATCH_BEGIN src/test/NegRiskAdapter/MergePositions.t.sol LINES 32 36
LINE 32         ctf.safeTransferFrom(alice, brian, positionIdFalse, _amount, "");
LINE 33 
LINE 34         positionIdTrue = nrAdapter.getPositionId(questionId, true);
LINE 35         ctf.safeTransferFrom(alice, brian, positionIdTrue, _amount, "");
LINE 36 
MATCH_END
MATCH_BEGIN src/test/NegRiskAdapter/MergePositions.t.sol LINES 33 37
LINE 33 
LINE 34         positionIdTrue = nrAdapter.getPositionId(questionId, true);
LINE 35         ctf.safeTransferFrom(alice, brian, positionIdTrue, _amount, "");
LINE 36 
LINE 37         vm.stopPrank();
MATCH_END
MATCH_BEGIN src/test/NegRiskAdapter/MergePositions.t.sol LINES 44 48
LINE 44         assertEq(usdc.balanceOf(brian), _amount);
LINE 45         assertEq(wcol.totalSupply(), 0);
LINE 46         assertEq(ctf.balanceOf(brian, positionIdFalse), 0);
LINE 47         assertEq(ctf.balanceOf(brian, positionIdTrue), 0);
LINE 48     }
MATCH_END
MATCH_BEGIN src/test/NegRiskAdapter/MergePositions.t.sol LINES 45 49
LINE 45         assertEq(wcol.totalSupply(), 0);
LINE 46         assertEq(ctf.balanceOf(brian, positionIdFalse), 0);
LINE 47         assertEq(ctf.balanceOf(brian, positionIdTrue), 0);
LINE 48     }
LINE 49 
MATCH_END
MATCH_BEGIN src/test/NegRiskAdapter/MergePositions.t.sol LINES 48 52
LINE 48     }
LINE 49 
LINE 50     function test_mergePositions(uint256 _amount) public {
LINE 51         _before(_amount);
LINE 52 
MATCH_END
MATCH_BEGIN src/test/NegRiskAdapter/MergePositions.t.sol LINES 52 56
LINE 52 
LINE 53         vm.prank(brian);
LINE 54         nrAdapter.mergePositions(conditionId, _amount);
LINE 55 
LINE 56         _after(_amount);
MATCH_END
MATCH_BEGIN src/test/NegRiskAdapter/MergePositions.t.sol LINES 57 61
LINE 57     }
LINE 58 
LINE 59     function test_mergePositions_asCtf(uint256 _amount) public {
LINE 60         _before(_amount);
LINE 61 
MATCH_END
MATCH_BEGIN src/test/NegRiskAdapter/MergePositions.t.sol LINES 65 69
LINE 65 
LINE 66         vm.prank(brian);
LINE 67         IConditionalTokens(address(nrAdapter)).mergePositions(
LINE 68             address(usdc), bytes32(0), conditionId, partition, _amount
LINE 69         );
MATCH_END
MATCH_BEGIN src/test/NegRiskAdapter/MergePositions.t.sol LINES 72 76
LINE 72     }
LINE 73 
LINE 74     function test_revert_mergePositions_asCTF_wrongCollateralType(uint256 _amount, address _collateral) public {
LINE 75         vm.assume(_collateral != address(usdc));
LINE 76 
MATCH_END
MATCH_BEGIN src/test/NegRiskAdapter/MergePositions.t.sol LINES 73 77
LINE 73 
LINE 74     function test_revert_mergePositions_asCTF_wrongCollateralType(uint256 _amount, address _collateral) public {
LINE 75         vm.assume(_collateral != address(usdc));
LINE 76 
LINE 77         _before(_amount);
MATCH_END
MATCH_BEGIN src/test/NegRiskAdapter/MergePositions.t.sol LINES 81 85
LINE 81         partition[1] = 2;
LINE 82 
LINE 83         vm.expectRevert(UnexpectedCollateralToken.selector);
LINE 84         IConditionalTokens(address(nrAdapter)).mergePositions(_collateral, bytes32(0), conditionId, partition, _amount);
LINE 85     }
MATCH_END
MATCH_BEGIN src/test/NegRiskAdapter/MergePositions.t.sol LINES 82 86
LINE 82 
LINE 83         vm.expectRevert(UnexpectedCollateralToken.selector);
LINE 84         IConditionalTokens(address(nrAdapter)).mergePositions(_collateral, bytes32(0), conditionId, partition, _amount);
LINE 85     }
LINE 86 }
MATCH_END
MATCH_BEGIN src/test/NegRiskAdapter/NegRiskAdapter.invariant.t.sol LINES 7 11
LINE 7 
LINE 8 import {NegRiskAdapter, INegRiskAdapterEE} from "src/NegRiskAdapter.sol";
LINE 9 import {WrappedCollateral} from "src/WrappedCollateral.sol";
LINE 10 import {DeployLib} from "src/dev/libraries/DeployLib.sol";
LINE 11 import {USDC} from "src/test/mock/USDC.sol";
MATCH_END
MATCH_BEGIN src/test/NegRiskAdapter/NegRiskAdapter.invariant.t.sol LINES 27 31
LINE 27     }
LINE 28 
LINE 29     function split(uint8 _index, uint256 _amount) public {
LINE 30         _index %= 16;
LINE 31 
MATCH_END
MATCH_BEGIN src/test/NegRiskAdapter/NegRiskAdapter.invariant.t.sol LINES 36 40
LINE 36         bytes32 questionId = NegRiskIdLib.getQuestionId(marketId, _index);
LINE 37         bytes32 conditionId = nra.getConditionId(questionId);
LINE 38         nra.splitPosition(conditionId, _amount);
LINE 39         // vm.stopPrank();
LINE 40     }
MATCH_END
MATCH_BEGIN src/test/NegRiskAdapter/NegRiskAdapter.invariant.t.sol LINES 40 44
LINE 40     }
LINE 41 
LINE 42     function merge(uint8 _index, uint256 _amount) public {
LINE 43         _index %= 16;
LINE 44 
MATCH_END
MATCH_BEGIN src/test/NegRiskAdapter/NegRiskAdapter.invariant.t.sol LINES 47 51
LINE 47         bytes32 questionId = NegRiskIdLib.getQuestionId(marketId, _index);
LINE 48         bytes32 conditionId = nra.getConditionId(questionId);
LINE 49         nra.splitPosition(conditionId, _amount);
LINE 50         // vm.stopPrank();
LINE 51     }
MATCH_END
MATCH_BEGIN src/test/NegRiskAdapter/NegRiskAdapter.invariant.t.sol LINES 51 55
LINE 51     }
LINE 52 
LINE 53     function convert(uint16 _indexSet, uint256 _amount) public {
LINE 54         nra.convertPositions(marketId, _indexSet, _amount);
LINE 55     }
MATCH_END
MATCH_BEGIN src/test/NegRiskAdapter/NegRiskAdapter.invariant.t.sol LINES 52 56
LINE 52 
LINE 53     function convert(uint16 _indexSet, uint256 _amount) public {
LINE 54         nra.convertPositions(marketId, _indexSet, _amount);
LINE 55     }
LINE 56 
MATCH_END
MATCH_BEGIN src/test/NegRiskAdapter/NegRiskAdapter.invariant.t.sol LINES 55 59
LINE 55     }
LINE 56 
LINE 57     function convert2(uint256 _amount) public {}
LINE 58 }
LINE 59 
MATCH_END
MATCH_BEGIN src/test/NegRiskAdapter/NegRiskAdapter.invariant.t.sol LINES 61 65
LINE 61     NegRiskAdapter nrAdapter;
LINE 62     USDC usdc;
LINE 63     WrappedCollateral wcol;
LINE 64     IConditionalTokens ctf;
LINE 65     NegRiskAdapterInvariantsHandler handler;
MATCH_END
MATCH_BEGIN src/test/NegRiskAdapter/NegRiskAdapter.invariant.t.sol LINES 95 99
LINE 95 
LINE 96     // this is only true if no conversions have been made
LINE 97     function invariant_collateral() public {
LINE 98         assertEq(usdc.balanceOf(address(wcol)), wcol.balanceOf(address(ctf)));
LINE 99     }
MATCH_END
MATCH_BEGIN src/test/NegRiskAdapter/NegRiskAdapterSetUp.sol LINES 5 9
LINE 5 
LINE 6 import {NegRiskAdapter, INegRiskAdapterEE} from "../../NegRiskAdapter.sol";
LINE 7 import {WrappedCollateral} from "../../WrappedCollateral.sol";
LINE 8 import {DeployLib} from "../../dev/libraries/DeployLib.sol";
LINE 9 import {USDC} from "../../test/mock/USDC.sol";
MATCH_END
MATCH_BEGIN src/test/NegRiskAdapter/NegRiskAdapterSetUp.sol LINES 13 17
LINE 13     NegRiskAdapter nrAdapter;
LINE 14     USDC usdc;
LINE 15     WrappedCollateral wcol;
LINE 16     IConditionalTokens ctf;
LINE 17     address oracle;
MATCH_END
MATCH_BEGIN src/test/NegRiskAdapter/RedeemPositions.t.sol LINES 5 9
LINE 5 import {NegRiskIdLib} from "src/libraries/NegRiskIdLib.sol";
LINE 6 
LINE 7 contract NegRiskAdapter_RedeemPositions_Test is NegRiskAdapter_SetUp {
LINE 8     bytes32 marketId;
LINE 9     bytes32 questionId;
MATCH_END
MATCH_BEGIN src/test/NegRiskAdapter/RedeemPositions.t.sol LINES 25 29
LINE 25     }
LINE 26 
LINE 27     function test_redeemPositions(uint256 _amount) public {
LINE 28         // split position to alice
LINE 29         // distribute yes positions to brian
MATCH_END
MATCH_BEGIN src/test/NegRiskAdapter/RedeemPositions.t.sol LINES 26 30
LINE 26 
LINE 27     function test_redeemPositions(uint256 _amount) public {
LINE 28         // split position to alice
LINE 29         // distribute yes positions to brian
LINE 30         // distribute no positions to carly
MATCH_END
MATCH_BEGIN src/test/NegRiskAdapter/RedeemPositions.t.sol LINES 27 31
LINE 27     function test_redeemPositions(uint256 _amount) public {
LINE 28         // split position to alice
LINE 29         // distribute yes positions to brian
LINE 30         // distribute no positions to carly
LINE 31         {
MATCH_END
MATCH_BEGIN src/test/NegRiskAdapter/RedeemPositions.t.sol LINES 28 32
LINE 28         // split position to alice
LINE 29         // distribute yes positions to brian
LINE 30         // distribute no positions to carly
LINE 31         {
LINE 32             vm.startPrank(alice);
MATCH_END
MATCH_BEGIN src/test/NegRiskAdapter/RedeemPositions.t.sol LINES 33 37
LINE 33             usdc.mint(alice, _amount);
LINE 34             usdc.approve(address(nrAdapter), _amount);
LINE 35             nrAdapter.splitPosition(conditionId, _amount);
LINE 36 
LINE 37             uint256 positionIdTrue = nrAdapter.getPositionId(questionId, true);
MATCH_END
MATCH_BEGIN src/test/NegRiskAdapter/RedeemPositions.t.sol LINES 35 39
LINE 35             nrAdapter.splitPosition(conditionId, _amount);
LINE 36 
LINE 37             uint256 positionIdTrue = nrAdapter.getPositionId(questionId, true);
LINE 38             uint256 positionIdFalse = nrAdapter.getPositionId(questionId, false);
LINE 39 
MATCH_END
MATCH_BEGIN src/test/NegRiskAdapter/RedeemPositions.t.sol LINES 36 40
LINE 36 
LINE 37             uint256 positionIdTrue = nrAdapter.getPositionId(questionId, true);
LINE 38             uint256 positionIdFalse = nrAdapter.getPositionId(questionId, false);
LINE 39 
LINE 40             ctf.safeTransferFrom(alice, brian, positionIdTrue, _amount, "");
MATCH_END
MATCH_BEGIN src/test/NegRiskAdapter/RedeemPositions.t.sol LINES 38 42
LINE 38             uint256 positionIdFalse = nrAdapter.getPositionId(questionId, false);
LINE 39 
LINE 40             ctf.safeTransferFrom(alice, brian, positionIdTrue, _amount, "");
LINE 41             ctf.safeTransferFrom(alice, carly, positionIdFalse, _amount, "");
LINE 42             vm.stopPrank();
MATCH_END
MATCH_BEGIN src/test/NegRiskAdapter/RedeemPositions.t.sol LINES 39 43
LINE 39 
LINE 40             ctf.safeTransferFrom(alice, brian, positionIdTrue, _amount, "");
LINE 41             ctf.safeTransferFrom(alice, carly, positionIdFalse, _amount, "");
LINE 42             vm.stopPrank();
LINE 43         }
MATCH_END
MATCH_BEGIN src/test/NegRiskAdapter/RedeemPositions.t.sol LINES 49 53
LINE 49         }
LINE 50 
LINE 51         // redeem worthless positions
LINE 52         {
LINE 53             vm.startPrank(brian);
MATCH_END
MATCH_BEGIN src/test/NegRiskAdapter/RedeemPositions.t.sol LINES 55 59
LINE 55             uint256[] memory amounts = new uint256[](2);
LINE 56             amounts[0] = _amount;
LINE 57             nrAdapter.redeemPositions(conditionId, amounts);
LINE 58             // these were worthless
LINE 59             assertEq(usdc.balanceOf(brian), 0);
MATCH_END
MATCH_BEGIN src/test/NegRiskAdapter/RedeemPositions.t.sol LINES 61 65
LINE 61         }
LINE 62 
LINE 63         // redeem valuable positions
LINE 64         {
LINE 65             vm.startPrank(carly);
MATCH_END
MATCH_BEGIN src/test/NegRiskAdapter/RedeemPositions.t.sol LINES 67 71
LINE 67             uint256[] memory amounts = new uint256[](2);
LINE 68             amounts[1] = _amount;
LINE 69             nrAdapter.redeemPositions(conditionId, amounts);
LINE 70             // these were worthless
LINE 71             assertEq(usdc.balanceOf(carly), _amount);
MATCH_END
MATCH_BEGIN src/test/NegRiskAdapter/SplitPosition.t.sol LINES 5 9
LINE 5 import {IConditionalTokens} from "src/interfaces/IConditionalTokens.sol";
LINE 6 
LINE 7 contract NegRiskAdapter_SplitPosition_Test is NegRiskAdapter_SetUp {
LINE 8     bytes32 marketId;
LINE 9     bytes32 questionId;
MATCH_END
MATCH_BEGIN src/test/NegRiskAdapter/SplitPosition.t.sol LINES 20 24
LINE 20         conditionId = nrAdapter.getConditionId(questionId);
LINE 21         vm.stopPrank();
LINE 22         // split position to alice
LINE 23 
LINE 24         usdc.mint(alice, _amount);
MATCH_END
MATCH_BEGIN src/test/NegRiskAdapter/SplitPosition.t.sol LINES 29 33
LINE 29 
LINE 30     function _after(uint256 _amount) internal {
LINE 31         // check collateral balances
LINE 32         assertEq(usdc.balanceOf(address(wcol)), _amount);
LINE 33         assertEq(wcol.totalSupply(), _amount);
MATCH_END
MATCH_BEGIN src/test/NegRiskAdapter/SplitPosition.t.sol LINES 34 38
LINE 34         assertEq(wcol.balanceOf(address(ctf)), _amount);
LINE 35 
LINE 36         // check position token balances
LINE 37         uint256 positionIdFalse = nrAdapter.getPositionId(questionId, false);
LINE 38         assertEq(ctf.balanceOf(alice, positionIdFalse), _amount);
MATCH_END
MATCH_BEGIN src/test/NegRiskAdapter/SplitPosition.t.sol LINES 35 39
LINE 35 
LINE 36         // check position token balances
LINE 37         uint256 positionIdFalse = nrAdapter.getPositionId(questionId, false);
LINE 38         assertEq(ctf.balanceOf(alice, positionIdFalse), _amount);
LINE 39         uint256 positionIdTrue = nrAdapter.getPositionId(questionId, true);
MATCH_END
MATCH_BEGIN src/test/NegRiskAdapter/SplitPosition.t.sol LINES 36 40
LINE 36         // check position token balances
LINE 37         uint256 positionIdFalse = nrAdapter.getPositionId(questionId, false);
LINE 38         assertEq(ctf.balanceOf(alice, positionIdFalse), _amount);
LINE 39         uint256 positionIdTrue = nrAdapter.getPositionId(questionId, true);
LINE 40         assertEq(ctf.balanceOf(alice, positionIdTrue), _amount);
MATCH_END
MATCH_BEGIN src/test/NegRiskAdapter/SplitPosition.t.sol LINES 37 41
LINE 37         uint256 positionIdFalse = nrAdapter.getPositionId(questionId, false);
LINE 38         assertEq(ctf.balanceOf(alice, positionIdFalse), _amount);
LINE 39         uint256 positionIdTrue = nrAdapter.getPositionId(questionId, true);
LINE 40         assertEq(ctf.balanceOf(alice, positionIdTrue), _amount);
LINE 41     }
MATCH_END
MATCH_BEGIN src/test/NegRiskAdapter/SplitPosition.t.sol LINES 38 42
LINE 38         assertEq(ctf.balanceOf(alice, positionIdFalse), _amount);
LINE 39         uint256 positionIdTrue = nrAdapter.getPositionId(questionId, true);
LINE 40         assertEq(ctf.balanceOf(alice, positionIdTrue), _amount);
LINE 41     }
LINE 42 
MATCH_END
MATCH_BEGIN src/test/NegRiskAdapter/SplitPosition.t.sol LINES 41 45
LINE 41     }
LINE 42 
LINE 43     function test_splitPosition(uint256 _amount) public {
LINE 44         _before(_amount);
LINE 45 
MATCH_END
MATCH_BEGIN src/test/NegRiskAdapter/SplitPosition.t.sol LINES 45 49
LINE 45 
LINE 46         vm.prank(alice);
LINE 47         nrAdapter.splitPosition(conditionId, _amount);
LINE 48 
LINE 49         _after(_amount);
MATCH_END
MATCH_BEGIN src/test/NegRiskAdapter/SplitPosition.t.sol LINES 50 54
LINE 50     }
LINE 51 
LINE 52     function test_splitPosition_asCTF(uint256 _amount) public {
LINE 53         _before(_amount);
LINE 54 
MATCH_END
MATCH_BEGIN src/test/NegRiskAdapter/SplitPosition.t.sol LINES 58 62
LINE 58 
LINE 59         vm.prank(alice);
LINE 60         IConditionalTokens(address(nrAdapter)).splitPosition(address(usdc), bytes32(0), conditionId, partition, _amount);
LINE 61 
LINE 62         _after(_amount);
MATCH_END
MATCH_BEGIN src/test/NegRiskAdapter/SplitPosition.t.sol LINES 63 67
LINE 63     }
LINE 64 
LINE 65     function test_revert_splitPosition_asCTF_wrongCollateralType(uint256 _amount, address _collateral) public {
LINE 66         vm.assume(_collateral != address(usdc));
LINE 67 
MATCH_END
MATCH_BEGIN src/test/NegRiskAdapter/SplitPosition.t.sol LINES 64 68
LINE 64 
LINE 65     function test_revert_splitPosition_asCTF_wrongCollateralType(uint256 _amount, address _collateral) public {
LINE 66         vm.assume(_collateral != address(usdc));
LINE 67 
LINE 68         _before(_amount);
MATCH_END
MATCH_BEGIN src/test/NegRiskAdapter/SplitPosition.t.sol LINES 72 76
LINE 72         partition[1] = 2;
LINE 73 
LINE 74         vm.expectRevert(UnexpectedCollateralToken.selector);
LINE 75         IConditionalTokens(address(nrAdapter)).splitPosition(_collateral, bytes32(0), conditionId, partition, _amount);
LINE 76     }
MATCH_END
MATCH_BEGIN src/test/NegRiskAdapter/SplitPosition.t.sol LINES 73 77
LINE 73 
LINE 74         vm.expectRevert(UnexpectedCollateralToken.selector);
LINE 75         IConditionalTokens(address(nrAdapter)).splitPosition(_collateral, bytes32(0), conditionId, partition, _amount);
LINE 76     }
LINE 77 }
MATCH_END
MATCH_BEGIN src/test/NegRiskCtfExchange/NegRiskCtfExchange.t.sol LINES 14 18
LINE 14         conditionId = INegRiskAdapter(negRiskAdapter).getConditionId(questionId);
LINE 15 
LINE 16         yesPositionId = INegRiskAdapter(negRiskAdapter).getPositionId(questionId, true);
LINE 17         noPositionId = INegRiskAdapter(negRiskAdapter).getPositionId(questionId, false);
LINE 18 
MATCH_END
MATCH_BEGIN src/test/NegRiskCtfExchange/NegRiskCtfExchange.t.sol LINES 15 19
LINE 15 
LINE 16         yesPositionId = INegRiskAdapter(negRiskAdapter).getPositionId(questionId, true);
LINE 17         noPositionId = INegRiskAdapter(negRiskAdapter).getPositionId(questionId, false);
LINE 18 
LINE 19         vm.prank(admin.addr);
MATCH_END
MATCH_BEGIN src/test/NegRiskCtfExchange/NegRiskCtfExchange.t.sol LINES 18 22
LINE 18 
LINE 19         vm.prank(admin.addr);
LINE 20         ICTFExchange(negRiskCtfExchange).registerToken(yesPositionId, noPositionId, conditionId);
LINE 21     }
LINE 22 
MATCH_END
MATCH_BEGIN src/test/NegRiskCtfExchange/NegRiskCtfExchange.t.sol LINES 35 39
LINE 35         IERC20(usdc).approve(negRiskCtfExchange, USDC_AMOUNT);
LINE 36 
LINE 37         // split initial tokens
LINE 38         vm.startPrank(carly.addr);
LINE 39         _dealERC20(usdc, carly.addr, TOKEN_AMOUNT);
MATCH_END
MATCH_BEGIN src/test/NegRiskCtfExchange/NegRiskCtfExchange.t.sol LINES 39 43
LINE 39         _dealERC20(usdc, carly.addr, TOKEN_AMOUNT);
LINE 40         IERC20(usdc).approve(negRiskAdapter, TOKEN_AMOUNT);
LINE 41         INegRiskAdapter(negRiskAdapter).splitPosition(usdc, bytes32(0), conditionId, partition, TOKEN_AMOUNT);
LINE 42         IConditionalTokens(ctf).safeTransferFrom(carly.addr, operator.addr, yesPositionId, TOKEN_AMOUNT, "");
LINE 43         vm.stopPrank();
MATCH_END
MATCH_BEGIN src/test/NegRiskCtfExchange/NegRiskCtfExchange.t.sol LINES 40 44
LINE 40         IERC20(usdc).approve(negRiskAdapter, TOKEN_AMOUNT);
LINE 41         INegRiskAdapter(negRiskAdapter).splitPosition(usdc, bytes32(0), conditionId, partition, TOKEN_AMOUNT);
LINE 42         IConditionalTokens(ctf).safeTransferFrom(carly.addr, operator.addr, yesPositionId, TOKEN_AMOUNT, "");
LINE 43         vm.stopPrank();
LINE 44 
MATCH_END
MATCH_BEGIN src/test/NegRiskCtfExchange/NegRiskCtfExchange.t.sol LINES 50 54
LINE 50             _exchange: negRiskCtfExchange,
LINE 51             _pk: alice.privateKey,
LINE 52             _tokenId: yesPositionId,
LINE 53             _makerAmount: USDC_AMOUNT,
LINE 54             _takerAmount: TOKEN_AMOUNT,
MATCH_END
MATCH_BEGIN src/test/NegRiskCtfExchange/NegRiskCtfExchange.t.sol LINES 57 61
LINE 57 
LINE 58         // before
LINE 59         assertEq(IConditionalTokens(ctf).balanceOf(alice.addr, yesPositionId), 0);
LINE 60         assertEq(IConditionalTokens(ctf).balanceOf(operator.addr, yesPositionId), TOKEN_AMOUNT);
LINE 61         assertEq(IERC20(usdc).balanceOf(alice.addr), USDC_AMOUNT);
MATCH_END
MATCH_BEGIN src/test/NegRiskCtfExchange/NegRiskCtfExchange.t.sol LINES 58 62
LINE 58         // before
LINE 59         assertEq(IConditionalTokens(ctf).balanceOf(alice.addr, yesPositionId), 0);
LINE 60         assertEq(IConditionalTokens(ctf).balanceOf(operator.addr, yesPositionId), TOKEN_AMOUNT);
LINE 61         assertEq(IERC20(usdc).balanceOf(alice.addr), USDC_AMOUNT);
LINE 62         assertEq(IERC20(usdc).balanceOf(operator.addr), 0);
MATCH_END
MATCH_BEGIN src/test/NegRiskCtfExchange/NegRiskCtfExchange.t.sol LINES 67 71
LINE 67 
LINE 68         // after
LINE 69         assertEq(IConditionalTokens(ctf).balanceOf(alice.addr, yesPositionId), TOKEN_AMOUNT);
LINE 70         assertEq(IConditionalTokens(ctf).balanceOf(operator.addr, yesPositionId), 0);
LINE 71         assertEq(IERC20(usdc).balanceOf(alice.addr), 0);
MATCH_END
MATCH_BEGIN src/test/NegRiskCtfExchange/NegRiskCtfExchange.t.sol LINES 68 72
LINE 68         // after
LINE 69         assertEq(IConditionalTokens(ctf).balanceOf(alice.addr, yesPositionId), TOKEN_AMOUNT);
LINE 70         assertEq(IConditionalTokens(ctf).balanceOf(operator.addr, yesPositionId), 0);
LINE 71         assertEq(IERC20(usdc).balanceOf(alice.addr), 0);
LINE 72         assertEq(IERC20(usdc).balanceOf(operator.addr), USDC_AMOUNT);
MATCH_END
MATCH_BEGIN src/test/NegRiskCtfExchange/NegRiskCtfExchange.t.sol LINES 88 92
LINE 88         vm.stopPrank();
LINE 89 
LINE 90         // split initial tokens
LINE 91         vm.startPrank(carly.addr);
LINE 92         _dealERC20(usdc, carly.addr, TOKEN_AMOUNT);
MATCH_END
MATCH_BEGIN src/test/NegRiskCtfExchange/NegRiskCtfExchange.t.sol LINES 92 96
LINE 92         _dealERC20(usdc, carly.addr, TOKEN_AMOUNT);
LINE 93         IERC20(usdc).approve(negRiskAdapter, TOKEN_AMOUNT);
LINE 94         INegRiskAdapter(negRiskAdapter).splitPosition(usdc, bytes32(0), conditionId, partition, TOKEN_AMOUNT);
LINE 95         IConditionalTokens(ctf).safeTransferFrom(carly.addr, alice.addr, yesPositionId, TOKEN_AMOUNT, "");
LINE 96         vm.stopPrank();
MATCH_END
MATCH_BEGIN src/test/NegRiskCtfExchange/NegRiskCtfExchange.t.sol LINES 93 97
LINE 93         IERC20(usdc).approve(negRiskAdapter, TOKEN_AMOUNT);
LINE 94         INegRiskAdapter(negRiskAdapter).splitPosition(usdc, bytes32(0), conditionId, partition, TOKEN_AMOUNT);
LINE 95         IConditionalTokens(ctf).safeTransferFrom(carly.addr, alice.addr, yesPositionId, TOKEN_AMOUNT, "");
LINE 96         vm.stopPrank();
LINE 97 
MATCH_END
MATCH_BEGIN src/test/NegRiskCtfExchange/NegRiskCtfExchange.t.sol LINES 103 107
LINE 103             _exchange: negRiskCtfExchange,
LINE 104             _pk: alice.privateKey,
LINE 105             _tokenId: yesPositionId,
LINE 106             _makerAmount: TOKEN_AMOUNT,
LINE 107             _takerAmount: USDC_AMOUNT,
MATCH_END
MATCH_BEGIN src/test/NegRiskCtfExchange/NegRiskCtfExchange.t.sol LINES 110 114
LINE 110 
LINE 111         // before
LINE 112         assertEq(IConditionalTokens(ctf).balanceOf(alice.addr, yesPositionId), TOKEN_AMOUNT);
LINE 113         assertEq(IConditionalTokens(ctf).balanceOf(operator.addr, yesPositionId), 0);
LINE 114         assertEq(IERC20(usdc).balanceOf(alice.addr), 0);
MATCH_END
MATCH_BEGIN src/test/NegRiskCtfExchange/NegRiskCtfExchange.t.sol LINES 111 115
LINE 111         // before
LINE 112         assertEq(IConditionalTokens(ctf).balanceOf(alice.addr, yesPositionId), TOKEN_AMOUNT);
LINE 113         assertEq(IConditionalTokens(ctf).balanceOf(operator.addr, yesPositionId), 0);
LINE 114         assertEq(IERC20(usdc).balanceOf(alice.addr), 0);
LINE 115         assertEq(IERC20(usdc).balanceOf(operator.addr), USDC_AMOUNT);
MATCH_END
MATCH_BEGIN src/test/NegRiskCtfExchange/NegRiskCtfExchange.t.sol LINES 120 124
LINE 120 
LINE 121         // after
LINE 122         assertEq(IConditionalTokens(ctf).balanceOf(alice.addr, yesPositionId), 0);
LINE 123         assertEq(IConditionalTokens(ctf).balanceOf(operator.addr, yesPositionId), TOKEN_AMOUNT);
LINE 124         assertEq(IERC20(usdc).balanceOf(alice.addr), USDC_AMOUNT);
MATCH_END
MATCH_BEGIN src/test/NegRiskCtfExchange/NegRiskCtfExchange.t.sol LINES 121 125
LINE 121         // after
LINE 122         assertEq(IConditionalTokens(ctf).balanceOf(alice.addr, yesPositionId), 0);
LINE 123         assertEq(IConditionalTokens(ctf).balanceOf(operator.addr, yesPositionId), TOKEN_AMOUNT);
LINE 124         assertEq(IERC20(usdc).balanceOf(alice.addr), USDC_AMOUNT);
LINE 125         assertEq(IERC20(usdc).balanceOf(operator.addr), 0);
MATCH_END
MATCH_BEGIN src/test/NegRiskCtfExchange/NegRiskCtfExchange.t.sol LINES 141 145
LINE 141         vm.stopPrank();
LINE 142 
LINE 143         // split initial tokens + usdc distribution
LINE 144         vm.startPrank(carly.addr);
LINE 145         _dealERC20(usdc, carly.addr, TOKEN_AMOUNT);
MATCH_END
MATCH_BEGIN src/test/NegRiskCtfExchange/NegRiskCtfExchange.t.sol LINES 145 149
LINE 145         _dealERC20(usdc, carly.addr, TOKEN_AMOUNT);
LINE 146         IERC20(usdc).approve(negRiskAdapter, TOKEN_AMOUNT);
LINE 147         INegRiskAdapter(negRiskAdapter).splitPosition(usdc, bytes32(0), conditionId, partition, TOKEN_AMOUNT);
LINE 148         // transfer yes tokens to brian
LINE 149         IConditionalTokens(ctf).safeTransferFrom(carly.addr, brian.addr, yesPositionId, TOKEN_AMOUNT, "");
MATCH_END
MATCH_BEGIN src/test/NegRiskCtfExchange/NegRiskCtfExchange.t.sol LINES 146 150
LINE 146         IERC20(usdc).approve(negRiskAdapter, TOKEN_AMOUNT);
LINE 147         INegRiskAdapter(negRiskAdapter).splitPosition(usdc, bytes32(0), conditionId, partition, TOKEN_AMOUNT);
LINE 148         // transfer yes tokens to brian
LINE 149         IConditionalTokens(ctf).safeTransferFrom(carly.addr, brian.addr, yesPositionId, TOKEN_AMOUNT, "");
LINE 150         // deal USDC to alice
MATCH_END
MATCH_BEGIN src/test/NegRiskCtfExchange/NegRiskCtfExchange.t.sol LINES 147 151
LINE 147         INegRiskAdapter(negRiskAdapter).splitPosition(usdc, bytes32(0), conditionId, partition, TOKEN_AMOUNT);
LINE 148         // transfer yes tokens to brian
LINE 149         IConditionalTokens(ctf).safeTransferFrom(carly.addr, brian.addr, yesPositionId, TOKEN_AMOUNT, "");
LINE 150         // deal USDC to alice
LINE 151         _dealERC20(usdc, alice.addr, USDC_AMOUNT);
MATCH_END
MATCH_BEGIN src/test/NegRiskCtfExchange/NegRiskCtfExchange.t.sol LINES 156 160
LINE 156             _exchange: negRiskCtfExchange,
LINE 157             _pk: alice.privateKey,
LINE 158             _tokenId: yesPositionId,
LINE 159             _makerAmount: USDC_AMOUNT,
LINE 160             _takerAmount: TOKEN_AMOUNT,
MATCH_END
MATCH_BEGIN src/test/NegRiskCtfExchange/NegRiskCtfExchange.t.sol LINES 166 170
LINE 166             _exchange: negRiskCtfExchange,
LINE 167             _pk: brian.privateKey,
LINE 168             _tokenId: yesPositionId,
LINE 169             _makerAmount: TOKEN_AMOUNT,
LINE 170             _takerAmount: USDC_AMOUNT,
MATCH_END
MATCH_BEGIN src/test/NegRiskCtfExchange/NegRiskCtfExchange.t.sol LINES 183 187
LINE 183 
LINE 184         // before
LINE 185         assertEq(IConditionalTokens(ctf).balanceOf(alice.addr, yesPositionId), 0);
LINE 186         assertEq(IConditionalTokens(ctf).balanceOf(brian.addr, yesPositionId), TOKEN_AMOUNT);
LINE 187         assertEq(IERC20(usdc).balanceOf(alice.addr), USDC_AMOUNT);
MATCH_END
MATCH_BEGIN src/test/NegRiskCtfExchange/NegRiskCtfExchange.t.sol LINES 184 188
LINE 184         // before
LINE 185         assertEq(IConditionalTokens(ctf).balanceOf(alice.addr, yesPositionId), 0);
LINE 186         assertEq(IConditionalTokens(ctf).balanceOf(brian.addr, yesPositionId), TOKEN_AMOUNT);
LINE 187         assertEq(IERC20(usdc).balanceOf(alice.addr), USDC_AMOUNT);
LINE 188         assertEq(IERC20(usdc).balanceOf(brian.addr), 0);
MATCH_END
MATCH_BEGIN src/test/NegRiskCtfExchange/NegRiskCtfExchange.t.sol LINES 193 197
LINE 193 
LINE 194         // after
LINE 195         assertEq(IConditionalTokens(ctf).balanceOf(alice.addr, yesPositionId), TOKEN_AMOUNT);
LINE 196         assertEq(IConditionalTokens(ctf).balanceOf(brian.addr, yesPositionId), 0);
LINE 197         assertEq(IERC20(usdc).balanceOf(alice.addr), 0);
MATCH_END
MATCH_BEGIN src/test/NegRiskCtfExchange/NegRiskCtfExchange.t.sol LINES 194 198
LINE 194         // after
LINE 195         assertEq(IConditionalTokens(ctf).balanceOf(alice.addr, yesPositionId), TOKEN_AMOUNT);
LINE 196         assertEq(IConditionalTokens(ctf).balanceOf(brian.addr, yesPositionId), 0);
LINE 197         assertEq(IERC20(usdc).balanceOf(alice.addr), 0);
LINE 198         assertEq(IERC20(usdc).balanceOf(brian.addr), USDC_AMOUNT);
MATCH_END
MATCH_BEGIN src/test/NegRiskCtfExchange/NegRiskCtfExchange.t.sol LINES 215 219
LINE 215         vm.stopPrank();
LINE 216 
LINE 217         // split initial tokens + usdc distribution
LINE 218         vm.startPrank(carly.addr);
LINE 219         _dealERC20(usdc, carly.addr, TOKEN_AMOUNT);
MATCH_END
MATCH_BEGIN src/test/NegRiskCtfExchange/NegRiskCtfExchange.t.sol LINES 219 223
LINE 219         _dealERC20(usdc, carly.addr, TOKEN_AMOUNT);
LINE 220         IERC20(usdc).approve(negRiskAdapter, TOKEN_AMOUNT);
LINE 221         INegRiskAdapter(negRiskAdapter).splitPosition(usdc, bytes32(0), conditionId, partition, TOKEN_AMOUNT);
LINE 222         // transfer yes tokens to brian
LINE 223         IConditionalTokens(ctf).safeTransferFrom(carly.addr, brian.addr, yesPositionId, TOKEN_AMOUNT, "");
MATCH_END
MATCH_BEGIN src/test/NegRiskCtfExchange/NegRiskCtfExchange.t.sol LINES 220 224
LINE 220         IERC20(usdc).approve(negRiskAdapter, TOKEN_AMOUNT);
LINE 221         INegRiskAdapter(negRiskAdapter).splitPosition(usdc, bytes32(0), conditionId, partition, TOKEN_AMOUNT);
LINE 222         // transfer yes tokens to brian
LINE 223         IConditionalTokens(ctf).safeTransferFrom(carly.addr, brian.addr, yesPositionId, TOKEN_AMOUNT, "");
LINE 224         // deal USDC to alice
MATCH_END
MATCH_BEGIN src/test/NegRiskCtfExchange/NegRiskCtfExchange.t.sol LINES 221 225
LINE 221         INegRiskAdapter(negRiskAdapter).splitPosition(usdc, bytes32(0), conditionId, partition, TOKEN_AMOUNT);
LINE 222         // transfer yes tokens to brian
LINE 223         IConditionalTokens(ctf).safeTransferFrom(carly.addr, brian.addr, yesPositionId, TOKEN_AMOUNT, "");
LINE 224         // deal USDC to alice
LINE 225         _dealERC20(usdc, alice.addr, USDC_AMOUNT);
MATCH_END
MATCH_BEGIN src/test/NegRiskCtfExchange/NegRiskCtfExchange.t.sol LINES 230 234
LINE 230             _exchange: negRiskCtfExchange,
LINE 231             _pk: alice.privateKey,
LINE 232             _tokenId: yesPositionId,
LINE 233             _makerAmount: USDC_AMOUNT,
LINE 234             _takerAmount: TOKEN_AMOUNT,
MATCH_END
MATCH_BEGIN src/test/NegRiskCtfExchange/NegRiskCtfExchange.t.sol LINES 240 244
LINE 240             _exchange: negRiskCtfExchange,
LINE 241             _pk: brian.privateKey,
LINE 242             _tokenId: yesPositionId,
LINE 243             _makerAmount: TOKEN_AMOUNT,
LINE 244             _takerAmount: USDC_AMOUNT,
MATCH_END
MATCH_BEGIN src/test/NegRiskCtfExchange/NegRiskCtfExchange.t.sol LINES 257 261
LINE 257 
LINE 258         // before
LINE 259         assertEq(IConditionalTokens(ctf).balanceOf(alice.addr, yesPositionId), 0);
LINE 260         assertEq(IConditionalTokens(ctf).balanceOf(brian.addr, yesPositionId), TOKEN_AMOUNT);
LINE 261         assertEq(IERC20(usdc).balanceOf(alice.addr), USDC_AMOUNT);
MATCH_END
MATCH_BEGIN src/test/NegRiskCtfExchange/NegRiskCtfExchange.t.sol LINES 258 262
LINE 258         // before
LINE 259         assertEq(IConditionalTokens(ctf).balanceOf(alice.addr, yesPositionId), 0);
LINE 260         assertEq(IConditionalTokens(ctf).balanceOf(brian.addr, yesPositionId), TOKEN_AMOUNT);
LINE 261         assertEq(IERC20(usdc).balanceOf(alice.addr), USDC_AMOUNT);
LINE 262         assertEq(IERC20(usdc).balanceOf(brian.addr), 0);
MATCH_END
MATCH_BEGIN src/test/NegRiskCtfExchange/NegRiskCtfExchange.t.sol LINES 267 271
LINE 267 
LINE 268         // after
LINE 269         assertEq(IConditionalTokens(ctf).balanceOf(alice.addr, yesPositionId), TOKEN_AMOUNT);
LINE 270         assertEq(IConditionalTokens(ctf).balanceOf(brian.addr, yesPositionId), 0);
LINE 271         assertEq(IERC20(usdc).balanceOf(alice.addr), 0);
MATCH_END
MATCH_BEGIN src/test/NegRiskCtfExchange/NegRiskCtfExchange.t.sol LINES 268 272
LINE 268         // after
LINE 269         assertEq(IConditionalTokens(ctf).balanceOf(alice.addr, yesPositionId), TOKEN_AMOUNT);
LINE 270         assertEq(IConditionalTokens(ctf).balanceOf(brian.addr, yesPositionId), 0);
LINE 271         assertEq(IERC20(usdc).balanceOf(alice.addr), 0);
LINE 272         assertEq(IERC20(usdc).balanceOf(brian.addr), USDC_AMOUNT);
MATCH_END
MATCH_BEGIN src/test/NegRiskCtfExchange/NegRiskCtfExchange.t.sol LINES 294 298
LINE 294             _exchange: negRiskCtfExchange,
LINE 295             _pk: alice.privateKey,
LINE 296             _tokenId: yesPositionId,
LINE 297             _makerAmount: USDC_AMOUNT,
LINE 298             _takerAmount: TOKEN_AMOUNT,
MATCH_END
MATCH_BEGIN src/test/NegRiskCtfExchange/NegRiskCtfExchange.t.sol LINES 303 307
LINE 303             _exchange: negRiskCtfExchange,
LINE 304             _pk: brian.privateKey,
LINE 305             _tokenId: noPositionId,
LINE 306             _makerAmount: USDC_AMOUNT,
LINE 307             _takerAmount: TOKEN_AMOUNT,
MATCH_END
MATCH_BEGIN src/test/NegRiskCtfExchange/NegRiskCtfExchange.t.sol LINES 318 322
LINE 318 
LINE 319         // before
LINE 320         assertEq(IConditionalTokens(ctf).balanceOf(alice.addr, yesPositionId), 0);
LINE 321         assertEq(IConditionalTokens(ctf).balanceOf(brian.addr, yesPositionId), 0);
LINE 322         assertEq(IConditionalTokens(ctf).balanceOf(alice.addr, noPositionId), 0);
MATCH_END
MATCH_BEGIN src/test/NegRiskCtfExchange/NegRiskCtfExchange.t.sol LINES 319 323
LINE 319         // before
LINE 320         assertEq(IConditionalTokens(ctf).balanceOf(alice.addr, yesPositionId), 0);
LINE 321         assertEq(IConditionalTokens(ctf).balanceOf(brian.addr, yesPositionId), 0);
LINE 322         assertEq(IConditionalTokens(ctf).balanceOf(alice.addr, noPositionId), 0);
LINE 323         assertEq(IConditionalTokens(ctf).balanceOf(brian.addr, noPositionId), 0);
MATCH_END
MATCH_BEGIN src/test/NegRiskCtfExchange/NegRiskCtfExchange.t.sol LINES 320 324
LINE 320         assertEq(IConditionalTokens(ctf).balanceOf(alice.addr, yesPositionId), 0);
LINE 321         assertEq(IConditionalTokens(ctf).balanceOf(brian.addr, yesPositionId), 0);
LINE 322         assertEq(IConditionalTokens(ctf).balanceOf(alice.addr, noPositionId), 0);
LINE 323         assertEq(IConditionalTokens(ctf).balanceOf(brian.addr, noPositionId), 0);
LINE 324         assertEq(IERC20(usdc).balanceOf(alice.addr), USDC_AMOUNT);
MATCH_END
MATCH_BEGIN src/test/NegRiskCtfExchange/NegRiskCtfExchange.t.sol LINES 321 325
LINE 321         assertEq(IConditionalTokens(ctf).balanceOf(brian.addr, yesPositionId), 0);
LINE 322         assertEq(IConditionalTokens(ctf).balanceOf(alice.addr, noPositionId), 0);
LINE 323         assertEq(IConditionalTokens(ctf).balanceOf(brian.addr, noPositionId), 0);
LINE 324         assertEq(IERC20(usdc).balanceOf(alice.addr), USDC_AMOUNT);
LINE 325         assertEq(IERC20(usdc).balanceOf(brian.addr), USDC_AMOUNT);
MATCH_END
MATCH_BEGIN src/test/NegRiskCtfExchange/NegRiskCtfExchange.t.sol LINES 330 334
LINE 330 
LINE 331         // after
LINE 332         assertEq(IConditionalTokens(ctf).balanceOf(alice.addr, yesPositionId), TOKEN_AMOUNT);
LINE 333         assertEq(IConditionalTokens(ctf).balanceOf(brian.addr, yesPositionId), 0);
LINE 334         assertEq(IConditionalTokens(ctf).balanceOf(alice.addr, noPositionId), 0);
MATCH_END
MATCH_BEGIN src/test/NegRiskCtfExchange/NegRiskCtfExchange.t.sol LINES 331 335
LINE 331         // after
LINE 332         assertEq(IConditionalTokens(ctf).balanceOf(alice.addr, yesPositionId), TOKEN_AMOUNT);
LINE 333         assertEq(IConditionalTokens(ctf).balanceOf(brian.addr, yesPositionId), 0);
LINE 334         assertEq(IConditionalTokens(ctf).balanceOf(alice.addr, noPositionId), 0);
LINE 335         assertEq(IConditionalTokens(ctf).balanceOf(brian.addr, noPositionId), TOKEN_AMOUNT);
MATCH_END
MATCH_BEGIN src/test/NegRiskCtfExchange/NegRiskCtfExchange.t.sol LINES 332 336
LINE 332         assertEq(IConditionalTokens(ctf).balanceOf(alice.addr, yesPositionId), TOKEN_AMOUNT);
LINE 333         assertEq(IConditionalTokens(ctf).balanceOf(brian.addr, yesPositionId), 0);
LINE 334         assertEq(IConditionalTokens(ctf).balanceOf(alice.addr, noPositionId), 0);
LINE 335         assertEq(IConditionalTokens(ctf).balanceOf(brian.addr, noPositionId), TOKEN_AMOUNT);
LINE 336         assertEq(IERC20(usdc).balanceOf(alice.addr), 0);
MATCH_END
MATCH_BEGIN src/test/NegRiskCtfExchange/NegRiskCtfExchange.t.sol LINES 333 337
LINE 333         assertEq(IConditionalTokens(ctf).balanceOf(brian.addr, yesPositionId), 0);
LINE 334         assertEq(IConditionalTokens(ctf).balanceOf(alice.addr, noPositionId), 0);
LINE 335         assertEq(IConditionalTokens(ctf).balanceOf(brian.addr, noPositionId), TOKEN_AMOUNT);
LINE 336         assertEq(IERC20(usdc).balanceOf(alice.addr), 0);
LINE 337         assertEq(IERC20(usdc).balanceOf(brian.addr), 0);
MATCH_END
MATCH_BEGIN src/test/NegRiskCtfExchange/NegRiskCtfExchange.t.sol LINES 354 358
LINE 354         vm.stopPrank();
LINE 355 
LINE 356         // split initial tokens
LINE 357         vm.startPrank(carly.addr);
LINE 358         _dealERC20(usdc, carly.addr, TOKEN_AMOUNT);
MATCH_END
MATCH_BEGIN src/test/NegRiskCtfExchange/NegRiskCtfExchange.t.sol LINES 358 362
LINE 358         _dealERC20(usdc, carly.addr, TOKEN_AMOUNT);
LINE 359         IERC20(usdc).approve(negRiskAdapter, TOKEN_AMOUNT);
LINE 360         INegRiskAdapter(negRiskAdapter).splitPosition(usdc, bytes32(0), conditionId, partition, TOKEN_AMOUNT);
LINE 361         // transfer yes tokens to alice
LINE 362         IConditionalTokens(ctf).safeTransferFrom(carly.addr, alice.addr, yesPositionId, TOKEN_AMOUNT, "");
MATCH_END
MATCH_BEGIN src/test/NegRiskCtfExchange/NegRiskCtfExchange.t.sol LINES 359 363
LINE 359         IERC20(usdc).approve(negRiskAdapter, TOKEN_AMOUNT);
LINE 360         INegRiskAdapter(negRiskAdapter).splitPosition(usdc, bytes32(0), conditionId, partition, TOKEN_AMOUNT);
LINE 361         // transfer yes tokens to alice
LINE 362         IConditionalTokens(ctf).safeTransferFrom(carly.addr, alice.addr, yesPositionId, TOKEN_AMOUNT, "");
LINE 363         // transfer no tokens to brian
MATCH_END
MATCH_BEGIN src/test/NegRiskCtfExchange/NegRiskCtfExchange.t.sol LINES 360 364
LINE 360         INegRiskAdapter(negRiskAdapter).splitPosition(usdc, bytes32(0), conditionId, partition, TOKEN_AMOUNT);
LINE 361         // transfer yes tokens to alice
LINE 362         IConditionalTokens(ctf).safeTransferFrom(carly.addr, alice.addr, yesPositionId, TOKEN_AMOUNT, "");
LINE 363         // transfer no tokens to brian
LINE 364         IConditionalTokens(ctf).safeTransferFrom(carly.addr, brian.addr, noPositionId, TOKEN_AMOUNT, "");
MATCH_END
MATCH_BEGIN src/test/NegRiskCtfExchange/NegRiskCtfExchange.t.sol LINES 361 365
LINE 361         // transfer yes tokens to alice
LINE 362         IConditionalTokens(ctf).safeTransferFrom(carly.addr, alice.addr, yesPositionId, TOKEN_AMOUNT, "");
LINE 363         // transfer no tokens to brian
LINE 364         IConditionalTokens(ctf).safeTransferFrom(carly.addr, brian.addr, noPositionId, TOKEN_AMOUNT, "");
LINE 365         vm.stopPrank();
MATCH_END
MATCH_BEGIN src/test/NegRiskCtfExchange/NegRiskCtfExchange.t.sol LINES 362 366
LINE 362         IConditionalTokens(ctf).safeTransferFrom(carly.addr, alice.addr, yesPositionId, TOKEN_AMOUNT, "");
LINE 363         // transfer no tokens to brian
LINE 364         IConditionalTokens(ctf).safeTransferFrom(carly.addr, brian.addr, noPositionId, TOKEN_AMOUNT, "");
LINE 365         vm.stopPrank();
LINE 366 
MATCH_END
MATCH_BEGIN src/test/NegRiskCtfExchange/NegRiskCtfExchange.t.sol LINES 369 373
LINE 369             _exchange: negRiskCtfExchange,
LINE 370             _pk: alice.privateKey,
LINE 371             _tokenId: yesPositionId,
LINE 372             _makerAmount: TOKEN_AMOUNT,
LINE 373             _takerAmount: USDC_AMOUNT,
MATCH_END
MATCH_BEGIN src/test/NegRiskCtfExchange/NegRiskCtfExchange.t.sol LINES 379 383
LINE 379             _exchange: negRiskCtfExchange,
LINE 380             _pk: brian.privateKey,
LINE 381             _tokenId: noPositionId,
LINE 382             _makerAmount: TOKEN_AMOUNT,
LINE 383             _takerAmount: USDC_AMOUNT,
MATCH_END
MATCH_BEGIN src/test/NegRiskCtfExchange/NegRiskCtfExchange.t.sol LINES 396 400
LINE 396 
LINE 397         // before
LINE 398         assertEq(IConditionalTokens(ctf).balanceOf(alice.addr, yesPositionId), TOKEN_AMOUNT);
LINE 399         assertEq(IConditionalTokens(ctf).balanceOf(brian.addr, yesPositionId), 0);
LINE 400         assertEq(IConditionalTokens(ctf).balanceOf(alice.addr, noPositionId), 0);
MATCH_END
MATCH_BEGIN src/test/NegRiskCtfExchange/NegRiskCtfExchange.t.sol LINES 397 401
LINE 397         // before
LINE 398         assertEq(IConditionalTokens(ctf).balanceOf(alice.addr, yesPositionId), TOKEN_AMOUNT);
LINE 399         assertEq(IConditionalTokens(ctf).balanceOf(brian.addr, yesPositionId), 0);
LINE 400         assertEq(IConditionalTokens(ctf).balanceOf(alice.addr, noPositionId), 0);
LINE 401         assertEq(IConditionalTokens(ctf).balanceOf(brian.addr, noPositionId), TOKEN_AMOUNT);
MATCH_END
MATCH_BEGIN src/test/NegRiskCtfExchange/NegRiskCtfExchange.t.sol LINES 398 402
LINE 398         assertEq(IConditionalTokens(ctf).balanceOf(alice.addr, yesPositionId), TOKEN_AMOUNT);
LINE 399         assertEq(IConditionalTokens(ctf).balanceOf(brian.addr, yesPositionId), 0);
LINE 400         assertEq(IConditionalTokens(ctf).balanceOf(alice.addr, noPositionId), 0);
LINE 401         assertEq(IConditionalTokens(ctf).balanceOf(brian.addr, noPositionId), TOKEN_AMOUNT);
LINE 402         assertEq(IERC20(usdc).balanceOf(alice.addr), 0);
MATCH_END
MATCH_BEGIN src/test/NegRiskCtfExchange/NegRiskCtfExchange.t.sol LINES 399 403
LINE 399         assertEq(IConditionalTokens(ctf).balanceOf(brian.addr, yesPositionId), 0);
LINE 400         assertEq(IConditionalTokens(ctf).balanceOf(alice.addr, noPositionId), 0);
LINE 401         assertEq(IConditionalTokens(ctf).balanceOf(brian.addr, noPositionId), TOKEN_AMOUNT);
LINE 402         assertEq(IERC20(usdc).balanceOf(alice.addr), 0);
LINE 403         assertEq(IERC20(usdc).balanceOf(brian.addr), 0);
MATCH_END
MATCH_BEGIN src/test/NegRiskCtfExchange/NegRiskCtfExchange.t.sol LINES 408 412
LINE 408 
LINE 409         // after
LINE 410         assertEq(IConditionalTokens(ctf).balanceOf(alice.addr, yesPositionId), 0);
LINE 411         assertEq(IConditionalTokens(ctf).balanceOf(brian.addr, yesPositionId), 0);
LINE 412         assertEq(IConditionalTokens(ctf).balanceOf(alice.addr, noPositionId), 0);
MATCH_END
MATCH_BEGIN src/test/NegRiskCtfExchange/NegRiskCtfExchange.t.sol LINES 409 413
LINE 409         // after
LINE 410         assertEq(IConditionalTokens(ctf).balanceOf(alice.addr, yesPositionId), 0);
LINE 411         assertEq(IConditionalTokens(ctf).balanceOf(brian.addr, yesPositionId), 0);
LINE 412         assertEq(IConditionalTokens(ctf).balanceOf(alice.addr, noPositionId), 0);
LINE 413         assertEq(IConditionalTokens(ctf).balanceOf(brian.addr, noPositionId), 0);
MATCH_END
MATCH_BEGIN src/test/NegRiskCtfExchange/NegRiskCtfExchange.t.sol LINES 410 414
LINE 410         assertEq(IConditionalTokens(ctf).balanceOf(alice.addr, yesPositionId), 0);
LINE 411         assertEq(IConditionalTokens(ctf).balanceOf(brian.addr, yesPositionId), 0);
LINE 412         assertEq(IConditionalTokens(ctf).balanceOf(alice.addr, noPositionId), 0);
LINE 413         assertEq(IConditionalTokens(ctf).balanceOf(brian.addr, noPositionId), 0);
LINE 414         assertEq(IERC20(usdc).balanceOf(alice.addr), USDC_AMOUNT);
MATCH_END
MATCH_BEGIN src/test/NegRiskCtfExchange/NegRiskCtfExchange.t.sol LINES 411 415
LINE 411         assertEq(IConditionalTokens(ctf).balanceOf(brian.addr, yesPositionId), 0);
LINE 412         assertEq(IConditionalTokens(ctf).balanceOf(alice.addr, noPositionId), 0);
LINE 413         assertEq(IConditionalTokens(ctf).balanceOf(brian.addr, noPositionId), 0);
LINE 414         assertEq(IERC20(usdc).balanceOf(alice.addr), USDC_AMOUNT);
LINE 415         assertEq(IERC20(usdc).balanceOf(brian.addr), USDC_AMOUNT);
MATCH_END
MATCH_BEGIN src/test/NegRiskCtfExchange/NegRiskCtfExchangeAdmin.t.sol LINES 19 23
LINE 19         ctf = DeployLib.deployConditionalTokens();
LINE 20         usdc = address(new USDC());
LINE 21         negRiskAdapter = DeployLib.deployNegRiskAdapter({_ctf: ctf, _collateral: usdc, _vault: vault});
LINE 22         negRiskCtfExchange = DeployLib.deployNegRiskCtfExchange({
LINE 23             _collateral: usdc,
MATCH_END
MATCH_BEGIN src/test/NegRiskCtfExchange/NegRiskCtfExchangeAdmin.t.sol LINES 21 25
LINE 21         negRiskAdapter = DeployLib.deployNegRiskAdapter({_ctf: ctf, _collateral: usdc, _vault: vault});
LINE 22         negRiskCtfExchange = DeployLib.deployNegRiskCtfExchange({
LINE 23             _collateral: usdc,
LINE 24             _ctf: ctf,
LINE 25             _negRiskAdapter: negRiskAdapter,
MATCH_END
MATCH_BEGIN src/test/NegRiskCtfExchange/NegRiskCtfExchangeTestHelper.sol LINES 30 34
LINE 30     bytes32 conditionId;
LINE 31 
LINE 32     uint256 yesPositionId;
LINE 33     uint256 noPositionId;
LINE 34 
MATCH_END
MATCH_BEGIN src/test/NegRiskCtfExchange/NegRiskCtfExchangeTestHelper.sol LINES 31 35
LINE 31 
LINE 32     uint256 yesPositionId;
LINE 33     uint256 noPositionId;
LINE 34 
LINE 35     constructor() {
MATCH_END
MATCH_BEGIN src/test/NegRiskCtfExchange/NegRiskCtfExchangeTestHelper.sol LINES 54 58
LINE 54         negRiskAdapter = address(new NegRiskAdapter(ctf, usdc, vault));
LINE 55         negRiskCtfExchange = DeployLib.deployNegRiskCtfExchange({
LINE 56             _collateral: usdc,
LINE 57             _ctf: ctf,
LINE 58             _negRiskAdapter: negRiskAdapter,
MATCH_END
MATCH_BEGIN src/test/NegRiskFeeModule/NegRiskFeeModule.t.sol LINES 14 18
LINE 14         conditionId = INegRiskAdapter(negRiskAdapter).getConditionId(questionId);
LINE 15 
LINE 16         yesPositionId = INegRiskAdapter(negRiskAdapter).getPositionId(questionId, true);
LINE 17         noPositionId = INegRiskAdapter(negRiskAdapter).getPositionId(questionId, false);
LINE 18 
MATCH_END
MATCH_BEGIN src/test/NegRiskFeeModule/NegRiskFeeModule.t.sol LINES 15 19
LINE 15 
LINE 16         yesPositionId = INegRiskAdapter(negRiskAdapter).getPositionId(questionId, true);
LINE 17         noPositionId = INegRiskAdapter(negRiskAdapter).getPositionId(questionId, false);
LINE 18 
LINE 19         vm.prank(admin.addr);
MATCH_END
MATCH_BEGIN src/test/NegRiskFeeModule/NegRiskFeeModule.t.sol LINES 18 22
LINE 18 
LINE 19         vm.prank(admin.addr);
LINE 20         ICTFExchange(negRiskCtfExchange).registerToken(yesPositionId, noPositionId, conditionId);
LINE 21     }
LINE 22 
MATCH_END
MATCH_BEGIN src/test/NegRiskFeeModule/NegRiskFeeModule.t.sol LINES 46 50
LINE 46         vm.stopPrank();
LINE 47 
LINE 48         // split initial tokens + usdc distribution
LINE 49         vm.startPrank(carly.addr);
LINE 50         _dealERC20(usdc, carly.addr, TOKEN_AMOUNT);
MATCH_END
MATCH_BEGIN src/test/NegRiskFeeModule/NegRiskFeeModule.t.sol LINES 50 54
LINE 50         _dealERC20(usdc, carly.addr, TOKEN_AMOUNT);
LINE 51         IERC20(usdc).approve(negRiskAdapter, TOKEN_AMOUNT);
LINE 52         INegRiskAdapter(negRiskAdapter).splitPosition(usdc, bytes32(0), conditionId, partition, TOKEN_AMOUNT);
LINE 53         IConditionalTokens(ctf).setApprovalForAll(negRiskAdapter, true);
LINE 54         // deal USDC to alice
MATCH_END
MATCH_BEGIN src/test/NegRiskFeeModule/NegRiskFeeModule.t.sol LINES 54 58
LINE 54         // deal USDC to alice
LINE 55         _dealERC20(usdc, alice.addr, USDC_AMOUNT);
LINE 56         // transfer yes tokens to brian
LINE 57         IConditionalTokens(ctf).safeTransferFrom(carly.addr, brian.addr, yesPositionId, TOKEN_AMOUNT, "");
LINE 58         vm.stopPrank();
MATCH_END
MATCH_BEGIN src/test/NegRiskFeeModule/NegRiskFeeModule.t.sol LINES 55 59
LINE 55         _dealERC20(usdc, alice.addr, USDC_AMOUNT);
LINE 56         // transfer yes tokens to brian
LINE 57         IConditionalTokens(ctf).safeTransferFrom(carly.addr, brian.addr, yesPositionId, TOKEN_AMOUNT, "");
LINE 58         vm.stopPrank();
LINE 59 
MATCH_END
MATCH_BEGIN src/test/NegRiskFeeModule/NegRiskFeeModule.t.sol LINES 62 66
LINE 62             _exchange: negRiskCtfExchange,
LINE 63             _pk: alice.privateKey,
LINE 64             _tokenId: yesPositionId,
LINE 65             _makerAmount: USDC_AMOUNT,
LINE 66             _takerAmount: TOKEN_AMOUNT,
MATCH_END
MATCH_BEGIN src/test/NegRiskFeeModule/NegRiskFeeModule.t.sol LINES 72 76
LINE 72             _exchange: negRiskCtfExchange,
LINE 73             _pk: brian.privateKey,
LINE 74             _tokenId: yesPositionId,
LINE 75             _makerAmount: TOKEN_AMOUNT,
LINE 76             _takerAmount: USDC_AMOUNT,
MATCH_END
MATCH_BEGIN src/test/NegRiskFeeModule/NegRiskFeeModule.t.sol LINES 89 93
LINE 89 
LINE 90         // before
LINE 91         assertEq(IConditionalTokens(ctf).balanceOf(alice.addr, yesPositionId), 0);
LINE 92         assertEq(IConditionalTokens(ctf).balanceOf(brian.addr, yesPositionId), TOKEN_AMOUNT);
LINE 93         assertEq(IERC20(usdc).balanceOf(alice.addr), USDC_AMOUNT);
MATCH_END
MATCH_BEGIN src/test/NegRiskFeeModule/NegRiskFeeModule.t.sol LINES 90 94
LINE 90         // before
LINE 91         assertEq(IConditionalTokens(ctf).balanceOf(alice.addr, yesPositionId), 0);
LINE 92         assertEq(IConditionalTokens(ctf).balanceOf(brian.addr, yesPositionId), TOKEN_AMOUNT);
LINE 93         assertEq(IERC20(usdc).balanceOf(alice.addr), USDC_AMOUNT);
LINE 94         assertEq(IERC20(usdc).balanceOf(brian.addr), 0);
MATCH_END
MATCH_BEGIN src/test/NegRiskFeeModule/NegRiskFeeModule.t.sol LINES 99 103
LINE 99 
LINE 100         // after
LINE 101         assertEq(IConditionalTokens(ctf).balanceOf(alice.addr, yesPositionId), TOKEN_AMOUNT);
LINE 102         assertEq(IConditionalTokens(ctf).balanceOf(brian.addr, yesPositionId), 0);
LINE 103         assertEq(IERC20(usdc).balanceOf(alice.addr), 0);
MATCH_END
MATCH_BEGIN src/test/NegRiskFeeModule/NegRiskFeeModule.t.sol LINES 100 104
LINE 100         // after
LINE 101         assertEq(IConditionalTokens(ctf).balanceOf(alice.addr, yesPositionId), TOKEN_AMOUNT);
LINE 102         assertEq(IConditionalTokens(ctf).balanceOf(brian.addr, yesPositionId), 0);
LINE 103         assertEq(IERC20(usdc).balanceOf(alice.addr), 0);
LINE 104         assertEq(IERC20(usdc).balanceOf(brian.addr), USDC_AMOUNT);
MATCH_END
MATCH_BEGIN src/test/NegRiskFeeModule/NegRiskFeeModule.t.sol LINES 121 125
LINE 121         vm.stopPrank();
LINE 122 
LINE 123         // split initial tokens + usdc distribution
LINE 124         vm.startPrank(carly.addr);
LINE 125         _dealERC20(usdc, carly.addr, TOKEN_AMOUNT);
MATCH_END
MATCH_BEGIN src/test/NegRiskFeeModule/NegRiskFeeModule.t.sol LINES 125 129
LINE 125         _dealERC20(usdc, carly.addr, TOKEN_AMOUNT);
LINE 126         IERC20(usdc).approve(negRiskAdapter, TOKEN_AMOUNT);
LINE 127         IConditionalTokens(negRiskAdapter).splitPosition(usdc, bytes32(0), conditionId, partition, TOKEN_AMOUNT);
LINE 128         IConditionalTokens(ctf).setApprovalForAll(negRiskAdapter, true);
LINE 129         // deal USDC to alice
MATCH_END
MATCH_BEGIN src/test/NegRiskFeeModule/NegRiskFeeModule.t.sol LINES 129 133
LINE 129         // deal USDC to alice
LINE 130         _dealERC20(usdc, alice.addr, USDC_AMOUNT);
LINE 131         // transfer yes tokens to brian
LINE 132         IConditionalTokens(ctf).safeTransferFrom(carly.addr, brian.addr, yesPositionId, TOKEN_AMOUNT, "");
LINE 133         vm.stopPrank();
MATCH_END
MATCH_BEGIN src/test/NegRiskFeeModule/NegRiskFeeModule.t.sol LINES 130 134
LINE 130         _dealERC20(usdc, alice.addr, USDC_AMOUNT);
LINE 131         // transfer yes tokens to brian
LINE 132         IConditionalTokens(ctf).safeTransferFrom(carly.addr, brian.addr, yesPositionId, TOKEN_AMOUNT, "");
LINE 133         vm.stopPrank();
LINE 134 
MATCH_END
MATCH_BEGIN src/test/NegRiskFeeModule/NegRiskFeeModule.t.sol LINES 137 141
LINE 137             _exchange: negRiskCtfExchange,
LINE 138             _pk: alice.privateKey,
LINE 139             _tokenId: yesPositionId,
LINE 140             _makerAmount: USDC_AMOUNT,
LINE 141             _takerAmount: TOKEN_AMOUNT,
MATCH_END
MATCH_BEGIN src/test/NegRiskFeeModule/NegRiskFeeModule.t.sol LINES 147 151
LINE 147             _exchange: negRiskCtfExchange,
LINE 148             _pk: brian.privateKey,
LINE 149             _tokenId: yesPositionId,
LINE 150             _makerAmount: TOKEN_AMOUNT,
LINE 151             _takerAmount: USDC_AMOUNT,
MATCH_END
MATCH_BEGIN src/test/NegRiskFeeModule/NegRiskFeeModule.t.sol LINES 164 168
LINE 164 
LINE 165         // before
LINE 166         assertEq(IConditionalTokens(ctf).balanceOf(alice.addr, yesPositionId), 0);
LINE 167         assertEq(IConditionalTokens(ctf).balanceOf(brian.addr, yesPositionId), TOKEN_AMOUNT);
LINE 168         assertEq(IERC20(usdc).balanceOf(alice.addr), USDC_AMOUNT);
MATCH_END
MATCH_BEGIN src/test/NegRiskFeeModule/NegRiskFeeModule.t.sol LINES 165 169
LINE 165         // before
LINE 166         assertEq(IConditionalTokens(ctf).balanceOf(alice.addr, yesPositionId), 0);
LINE 167         assertEq(IConditionalTokens(ctf).balanceOf(brian.addr, yesPositionId), TOKEN_AMOUNT);
LINE 168         assertEq(IERC20(usdc).balanceOf(alice.addr), USDC_AMOUNT);
LINE 169         assertEq(IERC20(usdc).balanceOf(brian.addr), 0);
MATCH_END
MATCH_BEGIN src/test/NegRiskFeeModule/NegRiskFeeModule.t.sol LINES 174 178
LINE 174 
LINE 175         // after
LINE 176         assertEq(IConditionalTokens(ctf).balanceOf(alice.addr, yesPositionId), TOKEN_AMOUNT);
LINE 177         assertEq(IConditionalTokens(ctf).balanceOf(brian.addr, yesPositionId), 0);
LINE 178         assertEq(IERC20(usdc).balanceOf(alice.addr), 0);
MATCH_END
MATCH_BEGIN src/test/NegRiskFeeModule/NegRiskFeeModule.t.sol LINES 175 179
LINE 175         // after
LINE 176         assertEq(IConditionalTokens(ctf).balanceOf(alice.addr, yesPositionId), TOKEN_AMOUNT);
LINE 177         assertEq(IConditionalTokens(ctf).balanceOf(brian.addr, yesPositionId), 0);
LINE 178         assertEq(IERC20(usdc).balanceOf(alice.addr), 0);
LINE 179         assertEq(IERC20(usdc).balanceOf(brian.addr), USDC_AMOUNT);
MATCH_END
MATCH_BEGIN src/test/NegRiskFeeModule/NegRiskFeeModule.t.sol LINES 201 205
LINE 201             _exchange: negRiskCtfExchange,
LINE 202             _pk: alice.privateKey,
LINE 203             _tokenId: yesPositionId,
LINE 204             _makerAmount: USDC_AMOUNT,
LINE 205             _takerAmount: TOKEN_AMOUNT,
MATCH_END
MATCH_BEGIN src/test/NegRiskFeeModule/NegRiskFeeModule.t.sol LINES 210 214
LINE 210             _exchange: negRiskCtfExchange,
LINE 211             _pk: brian.privateKey,
LINE 212             _tokenId: noPositionId,
LINE 213             _makerAmount: USDC_AMOUNT,
LINE 214             _takerAmount: TOKEN_AMOUNT,
MATCH_END
MATCH_BEGIN src/test/NegRiskFeeModule/NegRiskFeeModule.t.sol LINES 225 229
LINE 225 
LINE 226         // before
LINE 227         assertEq(IConditionalTokens(ctf).balanceOf(alice.addr, yesPositionId), 0);
LINE 228         assertEq(IConditionalTokens(ctf).balanceOf(brian.addr, yesPositionId), 0);
LINE 229         assertEq(IConditionalTokens(ctf).balanceOf(alice.addr, noPositionId), 0);
MATCH_END
MATCH_BEGIN src/test/NegRiskFeeModule/NegRiskFeeModule.t.sol LINES 226 230
LINE 226         // before
LINE 227         assertEq(IConditionalTokens(ctf).balanceOf(alice.addr, yesPositionId), 0);
LINE 228         assertEq(IConditionalTokens(ctf).balanceOf(brian.addr, yesPositionId), 0);
LINE 229         assertEq(IConditionalTokens(ctf).balanceOf(alice.addr, noPositionId), 0);
LINE 230         assertEq(IConditionalTokens(ctf).balanceOf(brian.addr, noPositionId), 0);
MATCH_END
MATCH_BEGIN src/test/NegRiskFeeModule/NegRiskFeeModule.t.sol LINES 227 231
LINE 227         assertEq(IConditionalTokens(ctf).balanceOf(alice.addr, yesPositionId), 0);
LINE 228         assertEq(IConditionalTokens(ctf).balanceOf(brian.addr, yesPositionId), 0);
LINE 229         assertEq(IConditionalTokens(ctf).balanceOf(alice.addr, noPositionId), 0);
LINE 230         assertEq(IConditionalTokens(ctf).balanceOf(brian.addr, noPositionId), 0);
LINE 231         assertEq(IERC20(usdc).balanceOf(alice.addr), USDC_AMOUNT);
MATCH_END
MATCH_BEGIN src/test/NegRiskFeeModule/NegRiskFeeModule.t.sol LINES 228 232
LINE 228         assertEq(IConditionalTokens(ctf).balanceOf(brian.addr, yesPositionId), 0);
LINE 229         assertEq(IConditionalTokens(ctf).balanceOf(alice.addr, noPositionId), 0);
LINE 230         assertEq(IConditionalTokens(ctf).balanceOf(brian.addr, noPositionId), 0);
LINE 231         assertEq(IERC20(usdc).balanceOf(alice.addr), USDC_AMOUNT);
LINE 232         assertEq(IERC20(usdc).balanceOf(brian.addr), USDC_AMOUNT);
MATCH_END
MATCH_BEGIN src/test/NegRiskFeeModule/NegRiskFeeModule.t.sol LINES 237 241
LINE 237 
LINE 238         // after
LINE 239         assertEq(IConditionalTokens(ctf).balanceOf(alice.addr, yesPositionId), TOKEN_AMOUNT);
LINE 240         assertEq(IConditionalTokens(ctf).balanceOf(brian.addr, yesPositionId), 0);
LINE 241         assertEq(IConditionalTokens(ctf).balanceOf(alice.addr, noPositionId), 0);
MATCH_END
MATCH_BEGIN src/test/NegRiskFeeModule/NegRiskFeeModule.t.sol LINES 238 242
LINE 238         // after
LINE 239         assertEq(IConditionalTokens(ctf).balanceOf(alice.addr, yesPositionId), TOKEN_AMOUNT);
LINE 240         assertEq(IConditionalTokens(ctf).balanceOf(brian.addr, yesPositionId), 0);
LINE 241         assertEq(IConditionalTokens(ctf).balanceOf(alice.addr, noPositionId), 0);
LINE 242         assertEq(IConditionalTokens(ctf).balanceOf(brian.addr, noPositionId), TOKEN_AMOUNT);
MATCH_END
MATCH_BEGIN src/test/NegRiskFeeModule/NegRiskFeeModule.t.sol LINES 239 243
LINE 239         assertEq(IConditionalTokens(ctf).balanceOf(alice.addr, yesPositionId), TOKEN_AMOUNT);
LINE 240         assertEq(IConditionalTokens(ctf).balanceOf(brian.addr, yesPositionId), 0);
LINE 241         assertEq(IConditionalTokens(ctf).balanceOf(alice.addr, noPositionId), 0);
LINE 242         assertEq(IConditionalTokens(ctf).balanceOf(brian.addr, noPositionId), TOKEN_AMOUNT);
LINE 243         assertEq(IERC20(usdc).balanceOf(alice.addr), 0);
MATCH_END
MATCH_BEGIN src/test/NegRiskFeeModule/NegRiskFeeModule.t.sol LINES 240 244
LINE 240         assertEq(IConditionalTokens(ctf).balanceOf(brian.addr, yesPositionId), 0);
LINE 241         assertEq(IConditionalTokens(ctf).balanceOf(alice.addr, noPositionId), 0);
LINE 242         assertEq(IConditionalTokens(ctf).balanceOf(brian.addr, noPositionId), TOKEN_AMOUNT);
LINE 243         assertEq(IERC20(usdc).balanceOf(alice.addr), 0);
LINE 244         assertEq(IERC20(usdc).balanceOf(brian.addr), 0);
MATCH_END
MATCH_BEGIN src/test/NegRiskFeeModule/NegRiskFeeModule.t.sol LINES 261 265
LINE 261         vm.stopPrank();
LINE 262 
LINE 263         // split initial tokens
LINE 264         vm.startPrank(carly.addr);
LINE 265         _dealERC20(usdc, carly.addr, TOKEN_AMOUNT);
MATCH_END
MATCH_BEGIN src/test/NegRiskFeeModule/NegRiskFeeModule.t.sol LINES 265 269
LINE 265         _dealERC20(usdc, carly.addr, TOKEN_AMOUNT);
LINE 266         IERC20(usdc).approve(negRiskAdapter, TOKEN_AMOUNT);
LINE 267         INegRiskAdapter(negRiskAdapter).splitPosition(usdc, bytes32(0), conditionId, partition, TOKEN_AMOUNT);
LINE 268         // transfer yes tokens to alice
LINE 269         IConditionalTokens(ctf).safeTransferFrom(carly.addr, alice.addr, yesPositionId, TOKEN_AMOUNT, "");
MATCH_END
MATCH_BEGIN src/test/NegRiskFeeModule/NegRiskFeeModule.t.sol LINES 266 270
LINE 266         IERC20(usdc).approve(negRiskAdapter, TOKEN_AMOUNT);
LINE 267         INegRiskAdapter(negRiskAdapter).splitPosition(usdc, bytes32(0), conditionId, partition, TOKEN_AMOUNT);
LINE 268         // transfer yes tokens to alice
LINE 269         IConditionalTokens(ctf).safeTransferFrom(carly.addr, alice.addr, yesPositionId, TOKEN_AMOUNT, "");
LINE 270         // transfer no tokens to brian
MATCH_END
MATCH_BEGIN src/test/NegRiskFeeModule/NegRiskFeeModule.t.sol LINES 267 271
LINE 267         INegRiskAdapter(negRiskAdapter).splitPosition(usdc, bytes32(0), conditionId, partition, TOKEN_AMOUNT);
LINE 268         // transfer yes tokens to alice
LINE 269         IConditionalTokens(ctf).safeTransferFrom(carly.addr, alice.addr, yesPositionId, TOKEN_AMOUNT, "");
LINE 270         // transfer no tokens to brian
LINE 271         IConditionalTokens(ctf).safeTransferFrom(carly.addr, brian.addr, noPositionId, TOKEN_AMOUNT, "");
MATCH_END
MATCH_BEGIN src/test/NegRiskFeeModule/NegRiskFeeModule.t.sol LINES 268 272
LINE 268         // transfer yes tokens to alice
LINE 269         IConditionalTokens(ctf).safeTransferFrom(carly.addr, alice.addr, yesPositionId, TOKEN_AMOUNT, "");
LINE 270         // transfer no tokens to brian
LINE 271         IConditionalTokens(ctf).safeTransferFrom(carly.addr, brian.addr, noPositionId, TOKEN_AMOUNT, "");
LINE 272         vm.stopPrank();
MATCH_END
MATCH_BEGIN src/test/NegRiskFeeModule/NegRiskFeeModule.t.sol LINES 269 273
LINE 269         IConditionalTokens(ctf).safeTransferFrom(carly.addr, alice.addr, yesPositionId, TOKEN_AMOUNT, "");
LINE 270         // transfer no tokens to brian
LINE 271         IConditionalTokens(ctf).safeTransferFrom(carly.addr, brian.addr, noPositionId, TOKEN_AMOUNT, "");
LINE 272         vm.stopPrank();
LINE 273 
MATCH_END
MATCH_BEGIN src/test/NegRiskFeeModule/NegRiskFeeModule.t.sol LINES 276 280
LINE 276             _exchange: negRiskCtfExchange,
LINE 277             _pk: alice.privateKey,
LINE 278             _tokenId: yesPositionId,
LINE 279             _makerAmount: TOKEN_AMOUNT,
LINE 280             _takerAmount: USDC_AMOUNT,
MATCH_END
MATCH_BEGIN src/test/NegRiskFeeModule/NegRiskFeeModule.t.sol LINES 286 290
LINE 286             _exchange: negRiskCtfExchange,
LINE 287             _pk: brian.privateKey,
LINE 288             _tokenId: noPositionId,
LINE 289             _makerAmount: TOKEN_AMOUNT,
LINE 290             _takerAmount: USDC_AMOUNT,
MATCH_END
MATCH_BEGIN src/test/NegRiskFeeModule/NegRiskFeeModule.t.sol LINES 303 307
LINE 303 
LINE 304         // before
LINE 305         assertEq(IConditionalTokens(ctf).balanceOf(alice.addr, yesPositionId), TOKEN_AMOUNT);
LINE 306         assertEq(IConditionalTokens(ctf).balanceOf(brian.addr, yesPositionId), 0);
LINE 307         assertEq(IConditionalTokens(ctf).balanceOf(alice.addr, noPositionId), 0);
MATCH_END
MATCH_BEGIN src/test/NegRiskFeeModule/NegRiskFeeModule.t.sol LINES 304 308
LINE 304         // before
LINE 305         assertEq(IConditionalTokens(ctf).balanceOf(alice.addr, yesPositionId), TOKEN_AMOUNT);
LINE 306         assertEq(IConditionalTokens(ctf).balanceOf(brian.addr, yesPositionId), 0);
LINE 307         assertEq(IConditionalTokens(ctf).balanceOf(alice.addr, noPositionId), 0);
LINE 308         assertEq(IConditionalTokens(ctf).balanceOf(brian.addr, noPositionId), TOKEN_AMOUNT);
MATCH_END
MATCH_BEGIN src/test/NegRiskFeeModule/NegRiskFeeModule.t.sol LINES 305 309
LINE 305         assertEq(IConditionalTokens(ctf).balanceOf(alice.addr, yesPositionId), TOKEN_AMOUNT);
LINE 306         assertEq(IConditionalTokens(ctf).balanceOf(brian.addr, yesPositionId), 0);
LINE 307         assertEq(IConditionalTokens(ctf).balanceOf(alice.addr, noPositionId), 0);
LINE 308         assertEq(IConditionalTokens(ctf).balanceOf(brian.addr, noPositionId), TOKEN_AMOUNT);
LINE 309         assertEq(IERC20(usdc).balanceOf(alice.addr), 0);
MATCH_END
MATCH_BEGIN src/test/NegRiskFeeModule/NegRiskFeeModule.t.sol LINES 306 310
LINE 306         assertEq(IConditionalTokens(ctf).balanceOf(brian.addr, yesPositionId), 0);
LINE 307         assertEq(IConditionalTokens(ctf).balanceOf(alice.addr, noPositionId), 0);
LINE 308         assertEq(IConditionalTokens(ctf).balanceOf(brian.addr, noPositionId), TOKEN_AMOUNT);
LINE 309         assertEq(IERC20(usdc).balanceOf(alice.addr), 0);
LINE 310         assertEq(IERC20(usdc).balanceOf(brian.addr), 0);
MATCH_END
MATCH_BEGIN src/test/NegRiskFeeModule/NegRiskFeeModule.t.sol LINES 315 319
LINE 315 
LINE 316         // after
LINE 317         assertEq(IConditionalTokens(ctf).balanceOf(alice.addr, yesPositionId), 0);
LINE 318         assertEq(IConditionalTokens(ctf).balanceOf(brian.addr, yesPositionId), 0);
LINE 319         assertEq(IConditionalTokens(ctf).balanceOf(alice.addr, noPositionId), 0);
MATCH_END
MATCH_BEGIN src/test/NegRiskFeeModule/NegRiskFeeModule.t.sol LINES 316 320
LINE 316         // after
LINE 317         assertEq(IConditionalTokens(ctf).balanceOf(alice.addr, yesPositionId), 0);
LINE 318         assertEq(IConditionalTokens(ctf).balanceOf(brian.addr, yesPositionId), 0);
LINE 319         assertEq(IConditionalTokens(ctf).balanceOf(alice.addr, noPositionId), 0);
LINE 320         assertEq(IConditionalTokens(ctf).balanceOf(brian.addr, noPositionId), 0);
MATCH_END
MATCH_BEGIN src/test/NegRiskFeeModule/NegRiskFeeModule.t.sol LINES 317 321
LINE 317         assertEq(IConditionalTokens(ctf).balanceOf(alice.addr, yesPositionId), 0);
LINE 318         assertEq(IConditionalTokens(ctf).balanceOf(brian.addr, yesPositionId), 0);
LINE 319         assertEq(IConditionalTokens(ctf).balanceOf(alice.addr, noPositionId), 0);
LINE 320         assertEq(IConditionalTokens(ctf).balanceOf(brian.addr, noPositionId), 0);
LINE 321         assertEq(IERC20(usdc).balanceOf(alice.addr), USDC_AMOUNT);
MATCH_END
MATCH_BEGIN src/test/NegRiskFeeModule/NegRiskFeeModule.t.sol LINES 318 322
LINE 318         assertEq(IConditionalTokens(ctf).balanceOf(brian.addr, yesPositionId), 0);
LINE 319         assertEq(IConditionalTokens(ctf).balanceOf(alice.addr, noPositionId), 0);
LINE 320         assertEq(IConditionalTokens(ctf).balanceOf(brian.addr, noPositionId), 0);
LINE 321         assertEq(IERC20(usdc).balanceOf(alice.addr), USDC_AMOUNT);
LINE 322         assertEq(IERC20(usdc).balanceOf(brian.addr), USDC_AMOUNT);
MATCH_END
MATCH_BEGIN src/test/NegRiskFeeModule/NegRiskFeeModuleAdmin.t.sol LINES 19 23
LINE 19         ctf = DeployLib.deployConditionalTokens();
LINE 20         usdc = address(new USDC());
LINE 21         negRiskAdapter = DeployLib.deployNegRiskAdapter({_ctf: ctf, _collateral: usdc, _vault: vault});
LINE 22         negRiskCtfExchange = DeployLib.deployNegRiskCtfExchange({
LINE 23             _collateral: usdc,
MATCH_END
MATCH_BEGIN src/test/NegRiskFeeModule/NegRiskFeeModuleAdmin.t.sol LINES 21 25
LINE 21         negRiskAdapter = DeployLib.deployNegRiskAdapter({_ctf: ctf, _collateral: usdc, _vault: vault});
LINE 22         negRiskCtfExchange = DeployLib.deployNegRiskCtfExchange({
LINE 23             _collateral: usdc,
LINE 24             _ctf: ctf,
LINE 25             _negRiskAdapter: negRiskAdapter,
MATCH_END
MATCH_BEGIN src/test/NegRiskFeeModule/NegRiskFeeModuleTestHelper.sol LINES 31 35
LINE 31     bytes32 conditionId;
LINE 32 
LINE 33     uint256 yesPositionId;
LINE 34     uint256 noPositionId;
LINE 35 
MATCH_END
MATCH_BEGIN src/test/NegRiskFeeModule/NegRiskFeeModuleTestHelper.sol LINES 32 36
LINE 32 
LINE 33     uint256 yesPositionId;
LINE 34     uint256 noPositionId;
LINE 35 
LINE 36     constructor() {
MATCH_END
MATCH_BEGIN src/test/NegRiskFeeModule/NegRiskFeeModuleTestHelper.sol LINES 54 58
LINE 54         negRiskAdapter = address(new NegRiskAdapter(ctf, usdc, vault));
LINE 55         negRiskCtfExchange = DeployLib.deployNegRiskCtfExchange({
LINE 56             _collateral: usdc,
LINE 57             _ctf: ctf,
LINE 58             _negRiskAdapter: negRiskAdapter,
MATCH_END
MATCH_BEGIN src/test/NegRiskOperator.t.sol LINES 5 9
LINE 5 
LINE 6 import {NegRiskAdapter, INegRiskAdapterEE} from "src/NegRiskAdapter.sol";
LINE 7 import {WrappedCollateral} from "src/WrappedCollateral.sol";
LINE 8 import {DeployLib} from "src/dev/libraries/DeployLib.sol";
LINE 9 import {USDC} from "src/test/mock/USDC.sol";
MATCH_END
MATCH_BEGIN src/test/NegRiskOperator.t.sol LINES 16 20
LINE 16     NegRiskOperator nrOperator;
LINE 17     USDC usdc;
LINE 18     WrappedCollateral wcol;
LINE 19     IConditionalTokens ctf;
LINE 20     address oracle;
MATCH_END
MATCH_BEGIN src/test/NegRiskOperator.t.sol LINES 328 332
LINE 328 
LINE 329     /*//////////////////////////////////////////////////////////////
LINE 330                        EMERGENCY RESOLVE QUESTION
LINE 331     //////////////////////////////////////////////////////////////*/
LINE 332 
MATCH_END
MATCH_BEGIN src/test/NegRiskOperator.t.sol LINES 331 335
LINE 331     //////////////////////////////////////////////////////////////*/
LINE 332 
LINE 333     function test_emergencyResolveQuestion(bytes32 _requestId, bool _result) public {
LINE 334         bytes memory data = new bytes(0);
LINE 335         uint256 feeBips = 0;
MATCH_END
MATCH_BEGIN src/test/NegRiskOperator.t.sol LINES 347 351
LINE 347 
LINE 348         vm.expectEmit();
LINE 349         emit QuestionEmergencyResolved(questionId, _result);
LINE 350 
LINE 351         vm.prank(alice);
MATCH_END
MATCH_BEGIN src/test/NegRiskOperator.t.sol LINES 350 354
LINE 350 
LINE 351         vm.prank(alice);
LINE 352         nrOperator.emergencyResolveQuestion(questionId, _result);
LINE 353     }
LINE 354 
MATCH_END
MATCH_BEGIN src/test/NegRiskOperator.t.sol LINES 353 357
LINE 353     }
LINE 354 
LINE 355     function test_revert_emergencyResolveQuestion_onlyFlagged(bytes32 _questionId, bool _result) public {
LINE 356         vm.prank(alice);
LINE 357         vm.expectRevert(OnlyFlagged.selector);
MATCH_END
MATCH_BEGIN src/test/NegRiskOperator.t.sol LINES 356 360
LINE 356         vm.prank(alice);
LINE 357         vm.expectRevert(OnlyFlagged.selector);
LINE 358         nrOperator.emergencyResolveQuestion(_questionId, _result);
LINE 359     }
LINE 360 
MATCH_END
MATCH_BEGIN src/test/NegRiskOperator.t.sol LINES 359 363
LINE 359     }
LINE 360 
LINE 361     function test_revert_emergencyResolveQuestion_delayPeriodNotOver(
LINE 362         bytes32 _requestId,
LINE 363         bool _result,
MATCH_END
MATCH_BEGIN src/test/NegRiskOperator.t.sol LINES 380 384
LINE 380         vm.prank(alice);
LINE 381         vm.expectRevert(DelayPeriodNotOver.selector);
LINE 382         nrOperator.emergencyResolveQuestion(questionId, _result);
LINE 383     }
LINE 384 
MATCH_END
FINDING_COUNT 451
FUNCTION_HIT_COUNT 270
FUNCTION_HIT convert PATH README.md LINES 5 9
FUNCTION_LINE [Contract Documentation](./docs/index.md)
FUNCTION_LINE 
FUNCTION_LINE As an example, consider an election with candidates A, B, and C. For each candidate there is a binary YES/NO market, and exactly one candidate will win, i.e., exactly one market will resolve YES, and the rest NO. Consider a position consisting of 1 NO A and 1 NO B.
FUNCTION_LINE If A wins, the position is worth 1 USDC. If B wins, the position is again worth 1 USDC. If C wins, the position is worth 2 USDC, as both NO tokens are redeemable for 1 USDC each. We can see that the position is equivalent to 1 USDC and 1 YES C, as the value of the two positions is equal in all three cases. The NegRiskAdapter is designed precisely to allow a position of 1 or more NO tokens to be converted to the equivalent position of YES tokens plus some amount of USDC.
FUNCTION_LINE 
FUNCTION_HIT convert PATH README.md LINES 6 10
FUNCTION_LINE 
FUNCTION_LINE As an example, consider an election with candidates A, B, and C. For each candidate there is a binary YES/NO market, and exactly one candidate will win, i.e., exactly one market will resolve YES, and the rest NO. Consider a position consisting of 1 NO A and 1 NO B.
FUNCTION_LINE If A wins, the position is worth 1 USDC. If B wins, the position is again worth 1 USDC. If C wins, the position is worth 2 USDC, as both NO tokens are redeemable for 1 USDC each. We can see that the position is equivalent to 1 USDC and 1 YES C, as the value of the two positions is equal in all three cases. The NegRiskAdapter is designed precisely to allow a position of 1 or more NO tokens to be converted to the equivalent position of YES tokens plus some amount of USDC.
FUNCTION_LINE 
FUNCTION_LINE The underlying binary markets are implemented using Gnosis’s [Conditional Tokens contracts](https://github.com/gnosis/conditional-tokens-contracts). Once collateral is split into position tokens, there are only two ways to recover it, either by merging complete sets, or by redeeming positions after resolution. So, in order to allow USDC to be released as part of a conversion from a NO position to a YES position, we wrap USDC into WrappedCollateral, which is then used to collateralize all underlying markets. This enables the NegRiskAdapter to manage USDC separately from the ConditionalTokens contract.
FUNCTION_HIT convert PATH README.md LINES 8 12
FUNCTION_LINE If A wins, the position is worth 1 USDC. If B wins, the position is again worth 1 USDC. If C wins, the position is worth 2 USDC, as both NO tokens are redeemable for 1 USDC each. We can see that the position is equivalent to 1 USDC and 1 YES C, as the value of the two positions is equal in all three cases. The NegRiskAdapter is designed precisely to allow a position of 1 or more NO tokens to be converted to the equivalent position of YES tokens plus some amount of USDC.
FUNCTION_LINE 
FUNCTION_LINE The underlying binary markets are implemented using Gnosis’s [Conditional Tokens contracts](https://github.com/gnosis/conditional-tokens-contracts). Once collateral is split into position tokens, there are only two ways to recover it, either by merging complete sets, or by redeeming positions after resolution. So, in order to allow USDC to be released as part of a conversion from a NO position to a YES position, we wrap USDC into WrappedCollateral, which is then used to collateralize all underlying markets. This enables the NegRiskAdapter to manage USDC separately from the ConditionalTokens contract.
FUNCTION_LINE 
FUNCTION_LINE The NegRiskOperator is designed to allow admin accounts to prepare questions and markets, as well as to integrate with resolution sources.
FUNCTION_HIT convert PATH README.md LINES 12 16
FUNCTION_LINE The NegRiskOperator is designed to allow admin accounts to prepare questions and markets, as well as to integrate with resolution sources.
FUNCTION_LINE 
FUNCTION_LINE The Vault holds USDC and Yes tokens which are collected as fees from users who choose to convert NO positions, given a positive fee rate.
FUNCTION_LINE 
FUNCTION_LINE ## Use with the UmaCtfAdapter
FUNCTION_HIT convert PATH docs/NegRiskAdapter.md LINES 1 5
FUNCTION_LINE # NegRiskAdapter
FUNCTION_LINE 
FUNCTION_LINE `NegRiskAdapter` provides an adapter interface for the Gnosis Conditional Tokens Framework (CTF) which allows users to _convert_ collections of NO tokens in mutually-exclusive binary markets into a corresponding position of YES tokens and collateral.
FUNCTION_LINE 
FUNCTION_LINE In this contract, _markets_ refer to collections of mutually-exclusive binary conditions, and _questions_ (or their corresponding _positions_) refer to the invidual conditions themselves.
FUNCTION_HIT convert PATH docs/NegRiskAdapter.md LINES 3 7
FUNCTION_LINE `NegRiskAdapter` provides an adapter interface for the Gnosis Conditional Tokens Framework (CTF) which allows users to _convert_ collections of NO tokens in mutually-exclusive binary markets into a corresponding position of YES tokens and collateral.
FUNCTION_LINE 
FUNCTION_LINE In this contract, _markets_ refer to collections of mutually-exclusive binary conditions, and _questions_ (or their corresponding _positions_) refer to the invidual conditions themselves.
FUNCTION_LINE 
FUNCTION_LINE ## Constructor
FUNCTION_HIT splitPosition PATH docs/NegRiskAdapter.md LINES 19 23
FUNCTION_LINE ```
FUNCTION_LINE 
FUNCTION_LINE ## `splitPosition`
FUNCTION_LINE 
FUNCTION_LINE Splits collateral into complete sets of YES and NO tokens.
FUNCTION_HIT splitPosition PATH docs/NegRiskAdapter.md LINES 21 25
FUNCTION_LINE ## `splitPosition`
FUNCTION_LINE 
FUNCTION_LINE Splits collateral into complete sets of YES and NO tokens.
FUNCTION_LINE 
FUNCTION_LINE Wrapped collateral is minted to collateralize the tokens.
FUNCTION_HIT mergePositions PATH docs/NegRiskAdapter.md LINES 34 38
FUNCTION_LINE Note: Overloaded with a version with a signature matching the equivalent function on the CTF. This ensures that the exchange can be used with this contract without modification.
FUNCTION_LINE 
FUNCTION_LINE ## `mergePositions`
FUNCTION_LINE 
FUNCTION_LINE Merges complete sets of YES and NO tokens into collateral.
FUNCTION_HIT merge PATH docs/NegRiskAdapter.md LINES 34 38
FUNCTION_LINE Note: Overloaded with a version with a signature matching the equivalent function on the CTF. This ensures that the exchange can be used with this contract without modification.
FUNCTION_LINE 
FUNCTION_LINE ## `mergePositions`
FUNCTION_LINE 
FUNCTION_LINE Merges complete sets of YES and NO tokens into collateral.
FUNCTION_HIT mergePositions PATH docs/NegRiskAdapter.md LINES 36 40
FUNCTION_LINE ## `mergePositions`
FUNCTION_LINE 
FUNCTION_LINE Merges complete sets of YES and NO tokens into collateral.
FUNCTION_LINE 
FUNCTION_LINE _Unwraps_ the wrapped collateral return from the CTF into the original collateral before returning to the user.
FUNCTION_HIT merge PATH docs/NegRiskAdapter.md LINES 36 40
FUNCTION_LINE ## `mergePositions`
FUNCTION_LINE 
FUNCTION_LINE Merges complete sets of YES and NO tokens into collateral.
FUNCTION_LINE 
FUNCTION_LINE _Unwraps_ the wrapped collateral return from the CTF into the original collateral before returning to the user.
FUNCTION_HIT redeemPositions PATH docs/NegRiskAdapter.md LINES 55 59
FUNCTION_LINE In order to transfer tokens this way, the owner must approve this contract _and_ the calling contract.
FUNCTION_LINE 
FUNCTION_LINE ## `redeemPositions`
FUNCTION_LINE 
FUNCTION_LINE Redeems a pair of YES and NO tokens for their underlying collateral, once the question is resolved.
FUNCTION_HIT redeemPositions PATH docs/NegRiskAdapter.md LINES 57 61
FUNCTION_LINE ## `redeemPositions`
FUNCTION_LINE 
FUNCTION_LINE Redeems a pair of YES and NO tokens for their underlying collateral, once the question is resolved.
FUNCTION_LINE 
FUNCTION_LINE Unwraps the resulting wrapped collateral into the original collateral before returning to the user.
FUNCTION_HIT convertPositions PATH docs/NegRiskAdapter.md LINES 68 72
FUNCTION_LINE ```
FUNCTION_LINE 
FUNCTION_LINE ## `convertPositions`
FUNCTION_LINE 
FUNCTION_LINE Converts a set of NO tokens in the same market into a corresponding position of YES tokens and collateral.
FUNCTION_HIT convert PATH docs/NegRiskAdapter.md LINES 68 72
FUNCTION_LINE ```
FUNCTION_LINE 
FUNCTION_LINE ## `convertPositions`
FUNCTION_LINE 
FUNCTION_LINE Converts a set of NO tokens in the same market into a corresponding position of YES tokens and collateral.
FUNCTION_HIT convertPositions PATH docs/NegRiskAdapter.md LINES 70 74
FUNCTION_LINE ## `convertPositions`
FUNCTION_LINE 
FUNCTION_LINE Converts a set of NO tokens in the same market into a corresponding position of YES tokens and collateral.
FUNCTION_LINE 
FUNCTION_LINE The user must hold at least `_amount` of each NO token.
FUNCTION_HIT convert PATH docs/NegRiskAdapter.md LINES 70 74
FUNCTION_LINE ## `convertPositions`
FUNCTION_LINE 
FUNCTION_LINE Converts a set of NO tokens in the same market into a corresponding position of YES tokens and collateral.
FUNCTION_LINE 
FUNCTION_LINE The user must hold at least `_amount` of each NO token.
FUNCTION_HIT convert PATH docs/NegRiskAdapter.md LINES 74 78
FUNCTION_LINE The user must hold at least `_amount` of each NO token.
FUNCTION_LINE 
FUNCTION_LINE If the market has `n` questions, and the user converts `_amount` of `m` NO tokens, the user receive `_amount * (m-1)` collateral and `_amount` each of the complimentary YES tokens.
FUNCTION_LINE 
FUNCTION_LINE Supposing that exactly one questions resolves true, these two positions have equivalent final values. In the event that all questions resolve false, the resulting position is worth _less_ than the original position. It is not possible for more than one question to resolve true.
FUNCTION_HIT convert PATH docs/NegRiskAdapter.md LINES 76 80
FUNCTION_LINE If the market has `n` questions, and the user converts `_amount` of `m` NO tokens, the user receive `_amount * (m-1)` collateral and `_amount` each of the complimentary YES tokens.
FUNCTION_LINE 
FUNCTION_LINE Supposing that exactly one questions resolves true, these two positions have equivalent final values. In the event that all questions resolve false, the resulting position is worth _less_ than the original position. It is not possible for more than one question to resolve true.
FUNCTION_LINE 
FUNCTION_LINE There is an optional `feeRate` market parameter which exists to implement a fee on the conversion. Collected fees are sent to the `vault` address.
FUNCTION_HIT merge PATH docs/NegRiskOperator.md LINES 3 7
FUNCTION_LINE The NegRiskOperator is a permissioned controller for interacting with the NegRiskAdapter. The NegRiskOperator serves as the creator and maintainer for Polymarket's neg risk markets and questions.
FUNCTION_LINE 
FUNCTION_LINE The admin may flag individual questions, which will prevent them from resolving normally. Additionally, flagged questions may be _emergency resolved_ manually by the admin, after a one hour delay.
FUNCTION_LINE 
FUNCTION_LINE ## Constuctor
FUNCTION_HIT splitPosition PATH src/NegRiskAdapter.sol LINES 107 111
FUNCTION_LINE     //////////////////////////////////////////////////////////////*/
FUNCTION_LINE 
FUNCTION_LINE     /// @notice Splits collateral to a complete set of conditional tokens for a single question
FUNCTION_LINE     /// @notice This function signature is the same as the CTF's splitPosition
FUNCTION_LINE     /// @param _collateralToken - the collateral token, must be the same as the adapter's collateral token
FUNCTION_HIT splitPosition PATH src/NegRiskAdapter.sol LINES 108 112
FUNCTION_LINE 
FUNCTION_LINE     /// @notice Splits collateral to a complete set of conditional tokens for a single question
FUNCTION_LINE     /// @notice This function signature is the same as the CTF's splitPosition
FUNCTION_LINE     /// @param _collateralToken - the collateral token, must be the same as the adapter's collateral token
FUNCTION_LINE     /// @param _conditionId - the conditionId for the question
FUNCTION_HIT splitPosition PATH src/NegRiskAdapter.sol LINES 109 113
FUNCTION_LINE     /// @notice Splits collateral to a complete set of conditional tokens for a single question
FUNCTION_LINE     /// @notice This function signature is the same as the CTF's splitPosition
FUNCTION_LINE     /// @param _collateralToken - the collateral token, must be the same as the adapter's collateral token
FUNCTION_LINE     /// @param _conditionId - the conditionId for the question
FUNCTION_LINE     /// @param _amount - the amount of collateral to split
FUNCTION_HIT splitPosition PATH src/NegRiskAdapter.sol LINES 111 115
FUNCTION_LINE     /// @param _collateralToken - the collateral token, must be the same as the adapter's collateral token
FUNCTION_LINE     /// @param _conditionId - the conditionId for the question
FUNCTION_LINE     /// @param _amount - the amount of collateral to split
FUNCTION_LINE     function splitPosition(address _collateralToken, bytes32, bytes32 _conditionId, uint256[] calldata, uint256 _amount)
FUNCTION_LINE         external
FUNCTION_HIT splitPosition PATH src/NegRiskAdapter.sol LINES 112 116
FUNCTION_LINE     /// @param _conditionId - the conditionId for the question
FUNCTION_LINE     /// @param _amount - the amount of collateral to split
FUNCTION_LINE     function splitPosition(address _collateralToken, bytes32, bytes32 _conditionId, uint256[] calldata, uint256 _amount)
FUNCTION_LINE         external
FUNCTION_LINE     {
FUNCTION_HIT splitPosition PATH src/NegRiskAdapter.sol LINES 115 119
FUNCTION_LINE         external
FUNCTION_LINE     {
FUNCTION_LINE         if (_collateralToken != address(col)) revert UnexpectedCollateralToken();
FUNCTION_LINE         splitPosition(_conditionId, _amount);
FUNCTION_LINE     }
FUNCTION_HIT splitPosition PATH src/NegRiskAdapter.sol LINES 116 120
FUNCTION_LINE     {
FUNCTION_LINE         if (_collateralToken != address(col)) revert UnexpectedCollateralToken();
FUNCTION_LINE         splitPosition(_conditionId, _amount);
FUNCTION_LINE     }
FUNCTION_LINE 
FUNCTION_HIT splitPosition PATH src/NegRiskAdapter.sol LINES 121 125
FUNCTION_LINE     /// @notice Splits collateral to a complete set of conditional tokens for a single question
FUNCTION_LINE     /// @param _conditionId - the conditionId for the question
FUNCTION_LINE     /// @param _amount      - the amount of collateral to split
FUNCTION_LINE     function splitPosition(bytes32 _conditionId, uint256 _amount) public {
FUNCTION_LINE         col.safeTransferFrom(msg.sender, address(this), _amount);
FUNCTION_HIT splitPosition PATH src/NegRiskAdapter.sol LINES 122 126
FUNCTION_LINE     /// @param _conditionId - the conditionId for the question
FUNCTION_LINE     /// @param _amount      - the amount of collateral to split
FUNCTION_LINE     function splitPosition(bytes32 _conditionId, uint256 _amount) public {
FUNCTION_LINE         col.safeTransferFrom(msg.sender, address(this), _amount);
FUNCTION_LINE         wcol.wrap(address(this), _amount);
FUNCTION_HIT splitPosition PATH src/NegRiskAdapter.sol LINES 125 129
FUNCTION_LINE         col.safeTransferFrom(msg.sender, address(this), _amount);
FUNCTION_LINE         wcol.wrap(address(this), _amount);
FUNCTION_LINE         ctf.splitPosition(address(wcol), bytes32(0), _conditionId, Helpers.partition(), _amount);
FUNCTION_LINE         ctf.safeBatchTransferFrom(
FUNCTION_LINE             address(this), msg.sender, Helpers.positionIds(address(wcol), _conditionId), Helpers.values(2, _amount), ""
FUNCTION_HIT splitPosition PATH src/NegRiskAdapter.sol LINES 127 131
FUNCTION_LINE         ctf.splitPosition(address(wcol), bytes32(0), _conditionId, Helpers.partition(), _amount);
FUNCTION_LINE         ctf.safeBatchTransferFrom(
FUNCTION_LINE             address(this), msg.sender, Helpers.positionIds(address(wcol), _conditionId), Helpers.values(2, _amount), ""
FUNCTION_LINE         );
FUNCTION_LINE 
FUNCTION_HIT mergePositions PATH src/NegRiskAdapter.sol LINES 137 141
FUNCTION_LINE     //////////////////////////////////////////////////////////////*/
FUNCTION_LINE 
FUNCTION_LINE     /// @notice Merges a complete set of conditional tokens for a single question to collateral
FUNCTION_LINE     /// @notice This function signature is the same as the CTF's mergePositions
FUNCTION_LINE     /// @param _collateralToken - the collateral token, must be the same as the adapter's collateral token
FUNCTION_HIT merge PATH src/NegRiskAdapter.sol LINES 137 141
FUNCTION_LINE     //////////////////////////////////////////////////////////////*/
FUNCTION_LINE 
FUNCTION_LINE     /// @notice Merges a complete set of conditional tokens for a single question to collateral
FUNCTION_LINE     /// @notice This function signature is the same as the CTF's mergePositions
FUNCTION_LINE     /// @param _collateralToken - the collateral token, must be the same as the adapter's collateral token
FUNCTION_HIT mergePositions PATH src/NegRiskAdapter.sol LINES 138 142
FUNCTION_LINE 
FUNCTION_LINE     /// @notice Merges a complete set of conditional tokens for a single question to collateral
FUNCTION_LINE     /// @notice This function signature is the same as the CTF's mergePositions
FUNCTION_LINE     /// @param _collateralToken - the collateral token, must be the same as the adapter's collateral token
FUNCTION_LINE     /// @param _conditionId     - the conditionId for the question
FUNCTION_HIT merge PATH src/NegRiskAdapter.sol LINES 138 142
FUNCTION_LINE 
FUNCTION_LINE     /// @notice Merges a complete set of conditional tokens for a single question to collateral
FUNCTION_LINE     /// @notice This function signature is the same as the CTF's mergePositions
FUNCTION_LINE     /// @param _collateralToken - the collateral token, must be the same as the adapter's collateral token
FUNCTION_LINE     /// @param _conditionId     - the conditionId for the question
FUNCTION_HIT mergePositions PATH src/NegRiskAdapter.sol LINES 139 143
FUNCTION_LINE     /// @notice Merges a complete set of conditional tokens for a single question to collateral
FUNCTION_LINE     /// @notice This function signature is the same as the CTF's mergePositions
FUNCTION_LINE     /// @param _collateralToken - the collateral token, must be the same as the adapter's collateral token
FUNCTION_LINE     /// @param _conditionId     - the conditionId for the question
FUNCTION_LINE     /// @param _amount          - the amount of collateral to merge
FUNCTION_HIT merge PATH src/NegRiskAdapter.sol LINES 139 143
FUNCTION_LINE     /// @notice Merges a complete set of conditional tokens for a single question to collateral
FUNCTION_LINE     /// @notice This function signature is the same as the CTF's mergePositions
FUNCTION_LINE     /// @param _collateralToken - the collateral token, must be the same as the adapter's collateral token
FUNCTION_LINE     /// @param _conditionId     - the conditionId for the question
FUNCTION_LINE     /// @param _amount          - the amount of collateral to merge
FUNCTION_HIT mergePositions PATH src/NegRiskAdapter.sol LINES 141 145
FUNCTION_LINE     /// @param _collateralToken - the collateral token, must be the same as the adapter's collateral token
FUNCTION_LINE     /// @param _conditionId     - the conditionId for the question
FUNCTION_LINE     /// @param _amount          - the amount of collateral to merge
FUNCTION_LINE     function mergePositions(
FUNCTION_LINE         address _collateralToken,
FUNCTION_HIT merge PATH src/NegRiskAdapter.sol LINES 141 145
FUNCTION_LINE     /// @param _collateralToken - the collateral token, must be the same as the adapter's collateral token
FUNCTION_LINE     /// @param _conditionId     - the conditionId for the question
FUNCTION_LINE     /// @param _amount          - the amount of collateral to merge
FUNCTION_LINE     function mergePositions(
FUNCTION_LINE         address _collateralToken,
FUNCTION_HIT mergePositions PATH src/NegRiskAdapter.sol LINES 142 146
FUNCTION_LINE     /// @param _conditionId     - the conditionId for the question
FUNCTION_LINE     /// @param _amount          - the amount of collateral to merge
FUNCTION_LINE     function mergePositions(
FUNCTION_LINE         address _collateralToken,
FUNCTION_LINE         bytes32,
FUNCTION_HIT merge PATH src/NegRiskAdapter.sol LINES 142 146
FUNCTION_LINE     /// @param _conditionId     - the conditionId for the question
FUNCTION_LINE     /// @param _amount          - the amount of collateral to merge
FUNCTION_LINE     function mergePositions(
FUNCTION_LINE         address _collateralToken,
FUNCTION_LINE         bytes32,
FUNCTION_HIT mergePositions PATH src/NegRiskAdapter.sol LINES 143 147
FUNCTION_LINE     /// @param _amount          - the amount of collateral to merge
FUNCTION_LINE     function mergePositions(
FUNCTION_LINE         address _collateralToken,
FUNCTION_LINE         bytes32,
FUNCTION_LINE         bytes32 _conditionId,
FUNCTION_HIT merge PATH src/NegRiskAdapter.sol LINES 143 147
FUNCTION_LINE     /// @param _amount          - the amount of collateral to merge
FUNCTION_LINE     function mergePositions(
FUNCTION_LINE         address _collateralToken,
FUNCTION_LINE         bytes32,
FUNCTION_LINE         bytes32 _conditionId,
FUNCTION_HIT mergePositions PATH src/NegRiskAdapter.sol LINES 149 153
FUNCTION_LINE         uint256 _amount
FUNCTION_LINE     ) external {
FUNCTION_LINE         if (_collateralToken != address(col)) revert UnexpectedCollateralToken();
FUNCTION_LINE         mergePositions(_conditionId, _amount);
FUNCTION_LINE     }
FUNCTION_HIT merge PATH src/NegRiskAdapter.sol LINES 149 153
FUNCTION_LINE         uint256 _amount
FUNCTION_LINE     ) external {
FUNCTION_LINE         if (_collateralToken != address(col)) revert UnexpectedCollateralToken();
FUNCTION_LINE         mergePositions(_conditionId, _amount);
FUNCTION_LINE     }
FUNCTION_HIT mergePositions PATH src/NegRiskAdapter.sol LINES 150 154
FUNCTION_LINE     ) external {
FUNCTION_LINE         if (_collateralToken != address(col)) revert UnexpectedCollateralToken();
FUNCTION_LINE         mergePositions(_conditionId, _amount);
FUNCTION_LINE     }
FUNCTION_LINE 
FUNCTION_HIT merge PATH src/NegRiskAdapter.sol LINES 150 154
FUNCTION_LINE     ) external {
FUNCTION_LINE         if (_collateralToken != address(col)) revert UnexpectedCollateralToken();
FUNCTION_LINE         mergePositions(_conditionId, _amount);
FUNCTION_LINE     }
FUNCTION_LINE 
FUNCTION_HIT merge PATH src/NegRiskAdapter.sol LINES 153 157
FUNCTION_LINE     }
FUNCTION_LINE 
FUNCTION_LINE     /// @notice Merges a complete set of conditional tokens for a single question to collateral
FUNCTION_LINE     /// @param _conditionId - the conditionId for the question
FUNCTION_LINE     /// @param _amount      - the amount of collateral to merge
FUNCTION_HIT mergePositions PATH src/NegRiskAdapter.sol LINES 155 159
FUNCTION_LINE     /// @notice Merges a complete set of conditional tokens for a single question to collateral
FUNCTION_LINE     /// @param _conditionId - the conditionId for the question
FUNCTION_LINE     /// @param _amount      - the amount of collateral to merge
FUNCTION_LINE     function mergePositions(bytes32 _conditionId, uint256 _amount) public {
FUNCTION_LINE         uint256[] memory positionIds = Helpers.positionIds(address(wcol), _conditionId);
FUNCTION_HIT merge PATH src/NegRiskAdapter.sol LINES 155 159
FUNCTION_LINE     /// @notice Merges a complete set of conditional tokens for a single question to collateral
FUNCTION_LINE     /// @param _conditionId - the conditionId for the question
FUNCTION_LINE     /// @param _amount      - the amount of collateral to merge
FUNCTION_LINE     function mergePositions(bytes32 _conditionId, uint256 _amount) public {
FUNCTION_LINE         uint256[] memory positionIds = Helpers.positionIds(address(wcol), _conditionId);
FUNCTION_HIT mergePositions PATH src/NegRiskAdapter.sol LINES 156 160
FUNCTION_LINE     /// @param _conditionId - the conditionId for the question
FUNCTION_LINE     /// @param _amount      - the amount of collateral to merge
FUNCTION_LINE     function mergePositions(bytes32 _conditionId, uint256 _amount) public {
FUNCTION_LINE         uint256[] memory positionIds = Helpers.positionIds(address(wcol), _conditionId);
FUNCTION_LINE 
FUNCTION_HIT merge PATH src/NegRiskAdapter.sol LINES 156 160
FUNCTION_LINE     /// @param _conditionId - the conditionId for the question
FUNCTION_LINE     /// @param _amount      - the amount of collateral to merge
FUNCTION_LINE     function mergePositions(bytes32 _conditionId, uint256 _amount) public {
FUNCTION_LINE         uint256[] memory positionIds = Helpers.positionIds(address(wcol), _conditionId);
FUNCTION_LINE 
FUNCTION_HIT mergePositions PATH src/NegRiskAdapter.sol LINES 157 161
FUNCTION_LINE     /// @param _amount      - the amount of collateral to merge
FUNCTION_LINE     function mergePositions(bytes32 _conditionId, uint256 _amount) public {
FUNCTION_LINE         uint256[] memory positionIds = Helpers.positionIds(address(wcol), _conditionId);
FUNCTION_LINE 
FUNCTION_LINE         // get conditional tokens from sender
FUNCTION_HIT merge PATH src/NegRiskAdapter.sol LINES 157 161
FUNCTION_LINE     /// @param _amount      - the amount of collateral to merge
FUNCTION_LINE     function mergePositions(bytes32 _conditionId, uint256 _amount) public {
FUNCTION_LINE         uint256[] memory positionIds = Helpers.positionIds(address(wcol), _conditionId);
FUNCTION_LINE 
FUNCTION_LINE         // get conditional tokens from sender
FUNCTION_HIT mergePositions PATH src/NegRiskAdapter.sol LINES 160 164
FUNCTION_LINE 
FUNCTION_LINE         // get conditional tokens from sender
FUNCTION_LINE         ctf.safeBatchTransferFrom(msg.sender, address(this), positionIds, Helpers.values(2, _amount), "");
FUNCTION_LINE         ctf.mergePositions(address(wcol), bytes32(0), _conditionId, Helpers.partition(), _amount);
FUNCTION_LINE         wcol.unwrap(msg.sender, _amount);
FUNCTION_HIT merge PATH src/NegRiskAdapter.sol LINES 160 164
FUNCTION_LINE 
FUNCTION_LINE         // get conditional tokens from sender
FUNCTION_LINE         ctf.safeBatchTransferFrom(msg.sender, address(this), positionIds, Helpers.values(2, _amount), "");
FUNCTION_LINE         ctf.mergePositions(address(wcol), bytes32(0), _conditionId, Helpers.partition(), _amount);
FUNCTION_LINE         wcol.unwrap(msg.sender, _amount);
FUNCTION_HIT mergePositions PATH src/NegRiskAdapter.sol LINES 161 165
FUNCTION_LINE         // get conditional tokens from sender
FUNCTION_LINE         ctf.safeBatchTransferFrom(msg.sender, address(this), positionIds, Helpers.values(2, _amount), "");
FUNCTION_LINE         ctf.mergePositions(address(wcol), bytes32(0), _conditionId, Helpers.partition(), _amount);
FUNCTION_LINE         wcol.unwrap(msg.sender, _amount);
FUNCTION_LINE 
FUNCTION_HIT merge PATH src/NegRiskAdapter.sol LINES 161 165
FUNCTION_LINE         // get conditional tokens from sender
FUNCTION_LINE         ctf.safeBatchTransferFrom(msg.sender, address(this), positionIds, Helpers.values(2, _amount), "");
FUNCTION_LINE         ctf.mergePositions(address(wcol), bytes32(0), _conditionId, Helpers.partition(), _amount);
FUNCTION_LINE         wcol.unwrap(msg.sender, _amount);
FUNCTION_LINE 
FUNCTION_HIT redeemPositions PATH src/NegRiskAdapter.sol LINES 214 218
FUNCTION_LINE     /// @param _conditionId - conditionId of the conditional tokens to redeem
FUNCTION_LINE     /// @param _amounts     - amounts of conditional tokens to redeem
FUNCTION_LINE     /// _amounts should always have length 2, with the first element being the amount of yes tokens to redeem and the
FUNCTION_LINE     /// second element being the amount of no tokens to redeem
FUNCTION_LINE     function redeemPositions(bytes32 _conditionId, uint256[] calldata _amounts) public {
FUNCTION_HIT redeemPositions PATH src/NegRiskAdapter.sol LINES 215 219
FUNCTION_LINE     /// @param _amounts     - amounts of conditional tokens to redeem
FUNCTION_LINE     /// _amounts should always have length 2, with the first element being the amount of yes tokens to redeem and the
FUNCTION_LINE     /// second element being the amount of no tokens to redeem
FUNCTION_LINE     function redeemPositions(bytes32 _conditionId, uint256[] calldata _amounts) public {
FUNCTION_LINE         uint256[] memory positionIds = Helpers.positionIds(address(wcol), _conditionId);
FUNCTION_HIT redeemPositions PATH src/NegRiskAdapter.sol LINES 216 220
FUNCTION_LINE     /// _amounts should always have length 2, with the first element being the amount of yes tokens to redeem and the
FUNCTION_LINE     /// second element being the amount of no tokens to redeem
FUNCTION_LINE     function redeemPositions(bytes32 _conditionId, uint256[] calldata _amounts) public {
FUNCTION_LINE         uint256[] memory positionIds = Helpers.positionIds(address(wcol), _conditionId);
FUNCTION_LINE 
FUNCTION_HIT redeemPositions PATH src/NegRiskAdapter.sol LINES 217 221
FUNCTION_LINE     /// second element being the amount of no tokens to redeem
FUNCTION_LINE     function redeemPositions(bytes32 _conditionId, uint256[] calldata _amounts) public {
FUNCTION_LINE         uint256[] memory positionIds = Helpers.positionIds(address(wcol), _conditionId);
FUNCTION_LINE 
FUNCTION_LINE         // get conditional tokens from sender
FUNCTION_HIT redeemPositions PATH src/NegRiskAdapter.sol LINES 220 224
FUNCTION_LINE 
FUNCTION_LINE         // get conditional tokens from sender
FUNCTION_LINE         ctf.safeBatchTransferFrom(msg.sender, address(this), positionIds, _amounts, "");
FUNCTION_LINE         ctf.redeemPositions(address(wcol), bytes32(0), _conditionId, Helpers.partition());
FUNCTION_LINE 
FUNCTION_HIT redeemPositions PATH src/NegRiskAdapter.sol LINES 221 225
FUNCTION_LINE         // get conditional tokens from sender
FUNCTION_LINE         ctf.safeBatchTransferFrom(msg.sender, address(this), positionIds, _amounts, "");
FUNCTION_LINE         ctf.redeemPositions(address(wcol), bytes32(0), _conditionId, Helpers.partition());
FUNCTION_LINE 
FUNCTION_LINE         uint256 payout = wcol.balanceOf(address(this));
FUNCTION_HIT convert PATH src/NegRiskAdapter.sol LINES 237 241
FUNCTION_LINE     /// @notice Convert a set of no positions to the complementary set of yes positions plus collateral proportional to
FUNCTION_LINE     /// (# of no positions - 1)
FUNCTION_LINE     /// @notice If the market has a fee, the fee is taken from both collateral and the yes positions
FUNCTION_LINE     /// @param _marketId - the marketId
FUNCTION_LINE     /// @param _indexSet - the set of positions to convert, expressed as an index set where the least significant bit is
FUNCTION_HIT convert PATH src/NegRiskAdapter.sol LINES 239 243
FUNCTION_LINE     /// @notice If the market has a fee, the fee is taken from both collateral and the yes positions
FUNCTION_LINE     /// @param _marketId - the marketId
FUNCTION_LINE     /// @param _indexSet - the set of positions to convert, expressed as an index set where the least significant bit is
FUNCTION_LINE     /// the first question (index zero)
FUNCTION_LINE     /// @param _amount   - the amount of tokens to convert
FUNCTION_HIT convertPositions PATH src/NegRiskAdapter.sol LINES 241 245
FUNCTION_LINE     /// @param _indexSet - the set of positions to convert, expressed as an index set where the least significant bit is
FUNCTION_LINE     /// the first question (index zero)
FUNCTION_LINE     /// @param _amount   - the amount of tokens to convert
FUNCTION_LINE     function convertPositions(bytes32 _marketId, uint256 _indexSet, uint256 _amount) external {
FUNCTION_LINE         MarketData md = getMarketData(_marketId);
FUNCTION_HIT convert PATH src/NegRiskAdapter.sol LINES 241 245
FUNCTION_LINE     /// @param _indexSet - the set of positions to convert, expressed as an index set where the least significant bit is
FUNCTION_LINE     /// the first question (index zero)
FUNCTION_LINE     /// @param _amount   - the amount of tokens to convert
FUNCTION_LINE     function convertPositions(bytes32 _marketId, uint256 _indexSet, uint256 _amount) external {
FUNCTION_LINE         MarketData md = getMarketData(_marketId);
FUNCTION_HIT convertPositions PATH src/NegRiskAdapter.sol LINES 242 246
FUNCTION_LINE     /// the first question (index zero)
FUNCTION_LINE     /// @param _amount   - the amount of tokens to convert
FUNCTION_LINE     function convertPositions(bytes32 _marketId, uint256 _indexSet, uint256 _amount) external {
FUNCTION_LINE         MarketData md = getMarketData(_marketId);
FUNCTION_LINE         uint256 questionCount = md.questionCount();
FUNCTION_HIT convert PATH src/NegRiskAdapter.sol LINES 242 246
FUNCTION_LINE     /// the first question (index zero)
FUNCTION_LINE     /// @param _amount   - the amount of tokens to convert
FUNCTION_LINE     function convertPositions(bytes32 _marketId, uint256 _indexSet, uint256 _amount) external {
FUNCTION_LINE         MarketData md = getMarketData(_marketId);
FUNCTION_LINE         uint256 questionCount = md.questionCount();
FUNCTION_HIT splitPosition PATH src/NegRiskAdapter.sol LINES 299 303
FUNCTION_LINE                     accumulatedNoPositionIds[yesIndex] = getPositionId(questionId, false);
FUNCTION_LINE 
FUNCTION_LINE                     // split position to get yes and no tokens
FUNCTION_LINE                     // the no tokens will be discarded
FUNCTION_LINE                     _splitPosition(getConditionId(questionId), _amount);
FUNCTION_HIT splitPosition PATH src/NegRiskAdapter.sol LINES 300 304
FUNCTION_LINE 
FUNCTION_LINE                     // split position to get yes and no tokens
FUNCTION_LINE                     // the no tokens will be discarded
FUNCTION_LINE                     _splitPosition(getConditionId(questionId), _amount);
FUNCTION_LINE 
FUNCTION_HIT splitPosition PATH src/NegRiskAdapter.sol LINES 301 305
FUNCTION_LINE                     // split position to get yes and no tokens
FUNCTION_LINE                     // the no tokens will be discarded
FUNCTION_LINE                     _splitPosition(getConditionId(questionId), _amount);
FUNCTION_LINE 
FUNCTION_LINE                     unchecked {
FUNCTION_HIT convertPositions PATH src/NegRiskAdapter.sol LINES 416 420
FUNCTION_LINE     //////////////////////////////////////////////////////////////*/
FUNCTION_LINE 
FUNCTION_LINE     /// @dev internal function to avoid stack too deep in convertPositions
FUNCTION_LINE     function _splitPosition(bytes32 _conditionId, uint256 _amount) internal {
FUNCTION_LINE         ctf.splitPosition(address(wcol), bytes32(0), _conditionId, Helpers.partition(), _amount);
FUNCTION_HIT splitPosition PATH src/NegRiskAdapter.sol LINES 416 420
FUNCTION_LINE     //////////////////////////////////////////////////////////////*/
FUNCTION_LINE 
FUNCTION_LINE     /// @dev internal function to avoid stack too deep in convertPositions
FUNCTION_LINE     function _splitPosition(bytes32 _conditionId, uint256 _amount) internal {
FUNCTION_LINE         ctf.splitPosition(address(wcol), bytes32(0), _conditionId, Helpers.partition(), _amount);
FUNCTION_HIT convert PATH src/NegRiskAdapter.sol LINES 416 420
FUNCTION_LINE     //////////////////////////////////////////////////////////////*/
FUNCTION_LINE 
FUNCTION_LINE     /// @dev internal function to avoid stack too deep in convertPositions
FUNCTION_LINE     function _splitPosition(bytes32 _conditionId, uint256 _amount) internal {
FUNCTION_LINE         ctf.splitPosition(address(wcol), bytes32(0), _conditionId, Helpers.partition(), _amount);
FUNCTION_HIT convertPositions PATH src/NegRiskAdapter.sol LINES 417 421
FUNCTION_LINE 
FUNCTION_LINE     /// @dev internal function to avoid stack too deep in convertPositions
FUNCTION_LINE     function _splitPosition(bytes32 _conditionId, uint256 _amount) internal {
FUNCTION_LINE         ctf.splitPosition(address(wcol), bytes32(0), _conditionId, Helpers.partition(), _amount);
FUNCTION_LINE     }
FUNCTION_HIT splitPosition PATH src/NegRiskAdapter.sol LINES 417 421
FUNCTION_LINE 
FUNCTION_LINE     /// @dev internal function to avoid stack too deep in convertPositions
FUNCTION_LINE     function _splitPosition(bytes32 _conditionId, uint256 _amount) internal {
FUNCTION_LINE         ctf.splitPosition(address(wcol), bytes32(0), _conditionId, Helpers.partition(), _amount);
FUNCTION_LINE     }
FUNCTION_HIT convert PATH src/NegRiskAdapter.sol LINES 417 421
FUNCTION_LINE 
FUNCTION_LINE     /// @dev internal function to avoid stack too deep in convertPositions
FUNCTION_LINE     function _splitPosition(bytes32 _conditionId, uint256 _amount) internal {
FUNCTION_LINE         ctf.splitPosition(address(wcol), bytes32(0), _conditionId, Helpers.partition(), _amount);
FUNCTION_LINE     }
FUNCTION_HIT convertPositions PATH src/NegRiskAdapter.sol LINES 418 422
FUNCTION_LINE     /// @dev internal function to avoid stack too deep in convertPositions
FUNCTION_LINE     function _splitPosition(bytes32 _conditionId, uint256 _amount) internal {
FUNCTION_LINE         ctf.splitPosition(address(wcol), bytes32(0), _conditionId, Helpers.partition(), _amount);
FUNCTION_LINE     }
FUNCTION_LINE }
FUNCTION_HIT splitPosition PATH src/NegRiskAdapter.sol LINES 418 422
FUNCTION_LINE     /// @dev internal function to avoid stack too deep in convertPositions
FUNCTION_LINE     function _splitPosition(bytes32 _conditionId, uint256 _amount) internal {
FUNCTION_LINE         ctf.splitPosition(address(wcol), bytes32(0), _conditionId, Helpers.partition(), _amount);
FUNCTION_LINE     }
FUNCTION_LINE }
FUNCTION_HIT convert PATH src/NegRiskAdapter.sol LINES 418 422
FUNCTION_LINE     /// @dev internal function to avoid stack too deep in convertPositions
FUNCTION_LINE     function _splitPosition(bytes32 _conditionId, uint256 _amount) internal {
FUNCTION_LINE         ctf.splitPosition(address(wcol), bytes32(0), _conditionId, Helpers.partition(), _amount);
FUNCTION_LINE     }
FUNCTION_LINE }
FUNCTION_HIT merge PATH src/NegRiskOperator.sol LINES 17 21
FUNCTION_LINE     error OnlyFlagged();
FUNCTION_LINE     error OnlyNotFlagged();
FUNCTION_LINE     error NotEligibleForEmergencyResolution();
FUNCTION_LINE     error DelayPeriodNotOver();
FUNCTION_LINE     error ResultNotAvailable();
FUNCTION_HIT merge PATH src/NegRiskOperator.sol LINES 36 40
FUNCTION_LINE     event QuestionReported(bytes32 indexed questionId, bytes32 requestId, bool result);
FUNCTION_LINE     event QuestionResolved(bytes32 indexed questionId, bool result);
FUNCTION_LINE     event QuestionEmergencyResolved(bytes32 indexed questionId, bool result);
FUNCTION_LINE }
FUNCTION_LINE 
FUNCTION_HIT merge PATH src/NegRiskOperator.sol LINES 216 220
FUNCTION_LINE     /// @param _questionId - the id of the question to be resolved
FUNCTION_LINE     /// @param _result     - the boolean result of the question
FUNCTION_LINE     function emergencyResolveQuestion(bytes32 _questionId, bool _result) external onlyAdmin {
FUNCTION_LINE         uint256 flaggedAt_ = flaggedAt[_questionId];
FUNCTION_LINE 
FUNCTION_HIT merge PATH src/NegRiskOperator.sol LINES 225 229
FUNCTION_LINE 
FUNCTION_LINE         nrAdapter.reportOutcome(_questionId, _result);
FUNCTION_LINE         emit QuestionEmergencyResolved(_questionId, _result);
FUNCTION_LINE     }
FUNCTION_LINE 
FUNCTION_HIT convertPositions PATH src/interfaces/INegRiskAdapter.sol LINES 38 42
FUNCTION_LINE     function balanceOfBatch(address[] memory _owners, uint256[] memory _ids) external view returns (uint256[] memory);
FUNCTION_LINE     function col() external view returns (address);
FUNCTION_LINE     function convertPositions(bytes32 _marketId, uint256 _indexSet, uint256 _amount) external;
FUNCTION_LINE     function ctf() external view returns (address);
FUNCTION_LINE     function getConditionId(bytes32 _questionId) external view returns (bytes32);
FUNCTION_HIT convert PATH src/interfaces/INegRiskAdapter.sol LINES 38 42
FUNCTION_LINE     function balanceOfBatch(address[] memory _owners, uint256[] memory _ids) external view returns (uint256[] memory);
FUNCTION_LINE     function col() external view returns (address);
FUNCTION_LINE     function convertPositions(bytes32 _marketId, uint256 _indexSet, uint256 _amount) external;
FUNCTION_LINE     function ctf() external view returns (address);
FUNCTION_LINE     function getConditionId(bytes32 _questionId) external view returns (bytes32);
FUNCTION_HIT mergePositions PATH src/interfaces/INegRiskAdapter.sol LINES 49 53
FUNCTION_LINE     function getResult(bytes32 _marketId) external view returns (uint256);
FUNCTION_LINE     function isAdmin(address addr) external view returns (bool);
FUNCTION_LINE     function mergePositions(address _collateralToken, bytes32, bytes32 _conditionId, uint256[] memory, uint256 _amount)
FUNCTION_LINE         external;
FUNCTION_LINE     function mergePositions(bytes32 _conditionId, uint256 _amount) external;
FUNCTION_HIT merge PATH src/interfaces/INegRiskAdapter.sol LINES 49 53
FUNCTION_LINE     function getResult(bytes32 _marketId) external view returns (uint256);
FUNCTION_LINE     function isAdmin(address addr) external view returns (bool);
FUNCTION_LINE     function mergePositions(address _collateralToken, bytes32, bytes32 _conditionId, uint256[] memory, uint256 _amount)
FUNCTION_LINE         external;
FUNCTION_LINE     function mergePositions(bytes32 _conditionId, uint256 _amount) external;
FUNCTION_HIT mergePositions PATH src/interfaces/INegRiskAdapter.sol LINES 51 55
FUNCTION_LINE     function mergePositions(address _collateralToken, bytes32, bytes32 _conditionId, uint256[] memory, uint256 _amount)
FUNCTION_LINE         external;
FUNCTION_LINE     function mergePositions(bytes32 _conditionId, uint256 _amount) external;
FUNCTION_LINE     function onERC1155BatchReceived(address, address, uint256[] memory, uint256[] memory, bytes memory)
FUNCTION_LINE         external
FUNCTION_HIT merge PATH src/interfaces/INegRiskAdapter.sol LINES 51 55
FUNCTION_LINE     function mergePositions(address _collateralToken, bytes32, bytes32 _conditionId, uint256[] memory, uint256 _amount)
FUNCTION_LINE         external;
FUNCTION_LINE     function mergePositions(bytes32 _conditionId, uint256 _amount) external;
FUNCTION_LINE     function onERC1155BatchReceived(address, address, uint256[] memory, uint256[] memory, bytes memory)
FUNCTION_LINE         external
FUNCTION_HIT redeemPositions PATH src/interfaces/INegRiskAdapter.sol LINES 58 62
FUNCTION_LINE     function prepareMarket(uint256 _feeBips, bytes memory _metadata) external returns (bytes32);
FUNCTION_LINE     function prepareQuestion(bytes32 _marketId, bytes memory _metadata) external returns (bytes32);
FUNCTION_LINE     function redeemPositions(bytes32 _conditionId, uint256[] memory _amounts) external;
FUNCTION_LINE     function removeAdmin(address admin) external;
FUNCTION_LINE     function renounceAdmin() external;
FUNCTION_HIT splitPosition PATH src/interfaces/INegRiskAdapter.sol LINES 63 67
FUNCTION_LINE     function reportOutcome(bytes32 _questionId, bool _outcome) external;
FUNCTION_LINE     function safeTransferFrom(address _from, address _to, uint256 _id, uint256 _value, bytes memory _data) external;
FUNCTION_LINE     function splitPosition(address _collateralToken, bytes32, bytes32 _conditionId, uint256[] memory, uint256 _amount)
FUNCTION_LINE         external;
FUNCTION_LINE     function splitPosition(bytes32 _conditionId, uint256 _amount) external;
FUNCTION_HIT splitPosition PATH src/interfaces/INegRiskAdapter.sol LINES 65 69
FUNCTION_LINE     function splitPosition(address _collateralToken, bytes32, bytes32 _conditionId, uint256[] memory, uint256 _amount)
FUNCTION_LINE         external;
FUNCTION_LINE     function splitPosition(bytes32 _conditionId, uint256 _amount) external;
FUNCTION_LINE     function vault() external view returns (address);
FUNCTION_LINE     function wcol() external view returns (address);
FUNCTION_HIT merge PATH src/interfaces/IUmaCtfAdapter.sol LINES 12 16
FUNCTION_LINE     /// @notice Custom liveness period
FUNCTION_LINE     uint256 liveness;
FUNCTION_LINE     /// @notice Emergency resolution timestamp, set when a market is flagged for emergency
FUNCTION_LINE     /// resolution
FUNCTION_LINE     uint256 emergencyResolutionTimestamp;
FUNCTION_HIT merge PATH src/interfaces/IUmaCtfAdapter.sol LINES 14 18
FUNCTION_LINE     /// @notice Emergency resolution timestamp, set when a market is flagged for emergency
FUNCTION_LINE     /// resolution
FUNCTION_LINE     uint256 emergencyResolutionTimestamp;
FUNCTION_LINE     /// @notice Flag marking whether a question is resolved
FUNCTION_LINE     bool resolved;
FUNCTION_HIT merge PATH src/interfaces/IUmaCtfAdapter.sol LINES 62 66
FUNCTION_LINE     event QuestionUnpaused(bytes32 indexed questionID);
FUNCTION_LINE 
FUNCTION_LINE     /// @notice Emitted when a question is flagged by an admin for emergency resolution
FUNCTION_LINE     event QuestionFlagged(bytes32 indexed questionID);
FUNCTION_LINE 
FUNCTION_HIT merge PATH src/interfaces/IUmaCtfAdapter.sol LINES 73 77
FUNCTION_LINE     );
FUNCTION_LINE 
FUNCTION_LINE     /// @notice Emitted when a question is emergency resolved
FUNCTION_LINE     event QuestionEmergencyResolved(bytes32 indexed questionID, uint256[] payouts);
FUNCTION_LINE }
FUNCTION_HIT merge PATH src/interfaces/IUmaCtfAdapter.sol LINES 74 78
FUNCTION_LINE 
FUNCTION_LINE     /// @notice Emitted when a question is emergency resolved
FUNCTION_LINE     event QuestionEmergencyResolved(bytes32 indexed questionID, uint256[] payouts);
FUNCTION_LINE }
FUNCTION_LINE 
FUNCTION_HIT splitPosition PATH src/snapshots/NegRiskAdapter.snap.sol LINES 57 61
FUNCTION_LINE     }
FUNCTION_LINE 
FUNCTION_LINE     function test_snap_splitPosition() public {
FUNCTION_LINE         uint256 amount = 10_000_000;
FUNCTION_LINE         uint256 feeBips = 0;
FUNCTION_HIT splitPosition PATH src/snapshots/NegRiskAdapter.snap.sol LINES 74 78
FUNCTION_LINE         usdc.mint(alice, 3 * amount);
FUNCTION_LINE         usdc.approve(address(nrAdapter), 2 * amount);
FUNCTION_LINE         nrAdapter.splitPosition(conditionId, amount);
FUNCTION_LINE 
FUNCTION_LINE         // no balances should zero before _or_ after snap
FUNCTION_HIT splitPosition PATH src/snapshots/NegRiskAdapter.snap.sol LINES 77 81
FUNCTION_LINE 
FUNCTION_LINE         // no balances should zero before _or_ after snap
FUNCTION_LINE         vm.startSnapshotGas("NegRiskAdapter_splitPosition");
FUNCTION_LINE         nrAdapter.splitPosition(conditionId, amount);
FUNCTION_LINE         vm.stopSnapshotGas();
FUNCTION_HIT splitPosition PATH src/snapshots/NegRiskAdapter.snap.sol LINES 78 82
FUNCTION_LINE         // no balances should zero before _or_ after snap
FUNCTION_LINE         vm.startSnapshotGas("NegRiskAdapter_splitPosition");
FUNCTION_LINE         nrAdapter.splitPosition(conditionId, amount);
FUNCTION_LINE         vm.stopSnapshotGas();
FUNCTION_LINE     }
FUNCTION_HIT mergePositions PATH src/snapshots/NegRiskAdapter.snap.sol LINES 82 86
FUNCTION_LINE     }
FUNCTION_LINE 
FUNCTION_LINE     function test_snap_mergePositions() public {
FUNCTION_LINE         uint256 amount = 10_000_000;
FUNCTION_LINE         uint256 feeBips = 0;
FUNCTION_HIT merge PATH src/snapshots/NegRiskAdapter.snap.sol LINES 82 86
FUNCTION_LINE     }
FUNCTION_LINE 
FUNCTION_LINE     function test_snap_mergePositions() public {
FUNCTION_LINE         uint256 amount = 10_000_000;
FUNCTION_LINE         uint256 feeBips = 0;
FUNCTION_HIT splitPosition PATH src/snapshots/NegRiskAdapter.snap.sol LINES 98 102
FUNCTION_LINE         usdc.mint(alice, 4 * amount);
FUNCTION_LINE         usdc.approve(address(nrAdapter), 3 * amount);
FUNCTION_LINE         nrAdapter.splitPosition(conditionId, 2 * amount);
FUNCTION_LINE         ctf.setApprovalForAll(address(nrAdapter), true);
FUNCTION_LINE 
FUNCTION_HIT mergePositions PATH src/snapshots/NegRiskAdapter.snap.sol LINES 102 106
FUNCTION_LINE 
FUNCTION_LINE         // no balances should zero before _or_ after snap
FUNCTION_LINE         vm.startSnapshotGas("NegRiskAdapter_mergePositions");
FUNCTION_LINE         nrAdapter.mergePositions(conditionId, amount);
FUNCTION_LINE         vm.stopSnapshotGas();
FUNCTION_HIT merge PATH src/snapshots/NegRiskAdapter.snap.sol LINES 102 106
FUNCTION_LINE 
FUNCTION_LINE         // no balances should zero before _or_ after snap
FUNCTION_LINE         vm.startSnapshotGas("NegRiskAdapter_mergePositions");
FUNCTION_LINE         nrAdapter.mergePositions(conditionId, amount);
FUNCTION_LINE         vm.stopSnapshotGas();
FUNCTION_HIT mergePositions PATH src/snapshots/NegRiskAdapter.snap.sol LINES 103 107
FUNCTION_LINE         // no balances should zero before _or_ after snap
FUNCTION_LINE         vm.startSnapshotGas("NegRiskAdapter_mergePositions");
FUNCTION_LINE         nrAdapter.mergePositions(conditionId, amount);
FUNCTION_LINE         vm.stopSnapshotGas();
FUNCTION_LINE     }
FUNCTION_HIT merge PATH src/snapshots/NegRiskAdapter.snap.sol LINES 103 107
FUNCTION_LINE         // no balances should zero before _or_ after snap
FUNCTION_LINE         vm.startSnapshotGas("NegRiskAdapter_mergePositions");
FUNCTION_LINE         nrAdapter.mergePositions(conditionId, amount);
FUNCTION_LINE         vm.stopSnapshotGas();
FUNCTION_LINE     }
FUNCTION_HIT convertPositions PATH src/snapshots/NegRiskAdapter.snap.sol LINES 107 111
FUNCTION_LINE     }
FUNCTION_LINE 
FUNCTION_LINE     function test_snap_convertPositions_5() public {
FUNCTION_LINE         uint256 amount = 10_000_000;
FUNCTION_LINE         uint256 feeBips = 0;
FUNCTION_HIT convert PATH src/snapshots/NegRiskAdapter.snap.sol LINES 107 111
FUNCTION_LINE     }
FUNCTION_LINE 
FUNCTION_LINE     function test_snap_convertPositions_5() public {
FUNCTION_LINE         uint256 amount = 10_000_000;
FUNCTION_LINE         uint256 feeBips = 0;
FUNCTION_HIT splitPosition PATH src/snapshots/NegRiskAdapter.snap.sol LINES 127 131
FUNCTION_LINE             usdc.mint(alice, amount);
FUNCTION_LINE             usdc.approve(address(nrAdapter), amount);
FUNCTION_LINE             nrAdapter.splitPosition(conditionId, amount);
FUNCTION_LINE             vm.stopPrank();
FUNCTION_LINE 
FUNCTION_HIT convertPositions PATH src/snapshots/NegRiskAdapter.snap.sol LINES 136 140
FUNCTION_LINE         ctf.setApprovalForAll(address(nrAdapter), true);
FUNCTION_LINE 
FUNCTION_LINE         vm.startSnapshotGas("NegRiskAdapter_convertPositions_5");
FUNCTION_LINE         nrAdapter.convertPositions(marketId, 1, amount);
FUNCTION_LINE         vm.stopSnapshotGas();
FUNCTION_HIT convert PATH src/snapshots/NegRiskAdapter.snap.sol LINES 136 140
FUNCTION_LINE         ctf.setApprovalForAll(address(nrAdapter), true);
FUNCTION_LINE 
FUNCTION_LINE         vm.startSnapshotGas("NegRiskAdapter_convertPositions_5");
FUNCTION_LINE         nrAdapter.convertPositions(marketId, 1, amount);
FUNCTION_LINE         vm.stopSnapshotGas();
FUNCTION_HIT convertPositions PATH src/snapshots/NegRiskAdapter.snap.sol LINES 137 141
FUNCTION_LINE 
FUNCTION_LINE         vm.startSnapshotGas("NegRiskAdapter_convertPositions_5");
FUNCTION_LINE         nrAdapter.convertPositions(marketId, 1, amount);
FUNCTION_LINE         vm.stopSnapshotGas();
FUNCTION_LINE     }
FUNCTION_HIT convert PATH src/snapshots/NegRiskAdapter.snap.sol LINES 137 141
FUNCTION_LINE 
FUNCTION_LINE         vm.startSnapshotGas("NegRiskAdapter_convertPositions_5");
FUNCTION_LINE         nrAdapter.convertPositions(marketId, 1, amount);
FUNCTION_LINE         vm.stopSnapshotGas();
FUNCTION_LINE     }
FUNCTION_HIT convertPositions PATH src/snapshots/NegRiskAdapter.snap.sol LINES 141 145
FUNCTION_LINE     }
FUNCTION_LINE 
FUNCTION_LINE     function test_snap_convertPositions_32() public {
FUNCTION_LINE         uint256 amount = 10_000_000;
FUNCTION_LINE         uint256 feeBips = 0;
FUNCTION_HIT convert PATH src/snapshots/NegRiskAdapter.snap.sol LINES 141 145
FUNCTION_LINE     }
FUNCTION_LINE 
FUNCTION_LINE     function test_snap_convertPositions_32() public {
FUNCTION_LINE         uint256 amount = 10_000_000;
FUNCTION_LINE         uint256 feeBips = 0;
FUNCTION_HIT splitPosition PATH src/snapshots/NegRiskAdapter.snap.sol LINES 161 165
FUNCTION_LINE             usdc.mint(alice, amount);
FUNCTION_LINE             usdc.approve(address(nrAdapter), amount);
FUNCTION_LINE             nrAdapter.splitPosition(conditionId, amount);
FUNCTION_LINE             vm.stopPrank();
FUNCTION_LINE 
FUNCTION_HIT convertPositions PATH src/snapshots/NegRiskAdapter.snap.sol LINES 170 174
FUNCTION_LINE         ctf.setApprovalForAll(address(nrAdapter), true);
FUNCTION_LINE 
FUNCTION_LINE         vm.startSnapshotGas("NegRiskAdapter_convertPositions_32");
FUNCTION_LINE         nrAdapter.convertPositions(marketId, 1, amount);
FUNCTION_LINE         vm.stopSnapshotGas();
FUNCTION_HIT convert PATH src/snapshots/NegRiskAdapter.snap.sol LINES 170 174
FUNCTION_LINE         ctf.setApprovalForAll(address(nrAdapter), true);
FUNCTION_LINE 
FUNCTION_LINE         vm.startSnapshotGas("NegRiskAdapter_convertPositions_32");
FUNCTION_LINE         nrAdapter.convertPositions(marketId, 1, amount);
FUNCTION_LINE         vm.stopSnapshotGas();
FUNCTION_HIT convertPositions PATH src/snapshots/NegRiskAdapter.snap.sol LINES 171 175
FUNCTION_LINE 
FUNCTION_LINE         vm.startSnapshotGas("NegRiskAdapter_convertPositions_32");
FUNCTION_LINE         nrAdapter.convertPositions(marketId, 1, amount);
FUNCTION_LINE         vm.stopSnapshotGas();
FUNCTION_LINE     }
FUNCTION_HIT convert PATH src/snapshots/NegRiskAdapter.snap.sol LINES 171 175
FUNCTION_LINE 
FUNCTION_LINE         vm.startSnapshotGas("NegRiskAdapter_convertPositions_32");
FUNCTION_LINE         nrAdapter.convertPositions(marketId, 1, amount);
FUNCTION_LINE         vm.stopSnapshotGas();
FUNCTION_LINE     }
FUNCTION_HIT convertPositions PATH src/snapshots/NegRiskAdapter.snap.sol LINES 175 179
FUNCTION_LINE     }
FUNCTION_LINE 
FUNCTION_LINE     function test_snap_convertPositions_64() public {
FUNCTION_LINE         uint256 amount = 10_000_000;
FUNCTION_LINE         uint256 feeBips = 0;
FUNCTION_HIT convert PATH src/snapshots/NegRiskAdapter.snap.sol LINES 175 179
FUNCTION_LINE     }
FUNCTION_LINE 
FUNCTION_LINE     function test_snap_convertPositions_64() public {
FUNCTION_LINE         uint256 amount = 10_000_000;
FUNCTION_LINE         uint256 feeBips = 0;
FUNCTION_HIT splitPosition PATH src/snapshots/NegRiskAdapter.snap.sol LINES 195 199
FUNCTION_LINE             usdc.mint(alice, amount);
FUNCTION_LINE             usdc.approve(address(nrAdapter), amount);
FUNCTION_LINE             nrAdapter.splitPosition(conditionId, amount);
FUNCTION_LINE             vm.stopPrank();
FUNCTION_LINE 
FUNCTION_HIT convertPositions PATH src/snapshots/NegRiskAdapter.snap.sol LINES 204 208
FUNCTION_LINE         ctf.setApprovalForAll(address(nrAdapter), true);
FUNCTION_LINE 
FUNCTION_LINE         vm.startSnapshotGas("NegRiskAdapter_convertPositions_64");
FUNCTION_LINE         nrAdapter.convertPositions(marketId, 1, amount);
FUNCTION_LINE         vm.stopSnapshotGas();
FUNCTION_HIT convert PATH src/snapshots/NegRiskAdapter.snap.sol LINES 204 208
FUNCTION_LINE         ctf.setApprovalForAll(address(nrAdapter), true);
FUNCTION_LINE 
FUNCTION_LINE         vm.startSnapshotGas("NegRiskAdapter_convertPositions_64");
FUNCTION_LINE         nrAdapter.convertPositions(marketId, 1, amount);
FUNCTION_LINE         vm.stopSnapshotGas();
FUNCTION_HIT convertPositions PATH src/snapshots/NegRiskAdapter.snap.sol LINES 205 209
FUNCTION_LINE 
FUNCTION_LINE         vm.startSnapshotGas("NegRiskAdapter_convertPositions_64");
FUNCTION_LINE         nrAdapter.convertPositions(marketId, 1, amount);
FUNCTION_LINE         vm.stopSnapshotGas();
FUNCTION_LINE     }
FUNCTION_HIT convert PATH src/snapshots/NegRiskAdapter.snap.sol LINES 205 209
FUNCTION_LINE 
FUNCTION_LINE         vm.startSnapshotGas("NegRiskAdapter_convertPositions_64");
FUNCTION_LINE         nrAdapter.convertPositions(marketId, 1, amount);
FUNCTION_LINE         vm.stopSnapshotGas();
FUNCTION_LINE     }
FUNCTION_HIT convertPositions PATH src/snapshots/NegRiskAdapter.snap.sol LINES 209 213
FUNCTION_LINE     }
FUNCTION_LINE 
FUNCTION_LINE     function test_snap_convertPositions_96() public {
FUNCTION_LINE         uint256 amount = 10_000_000;
FUNCTION_LINE         uint256 feeBips = 0;
FUNCTION_HIT convert PATH src/snapshots/NegRiskAdapter.snap.sol LINES 209 213
FUNCTION_LINE     }
FUNCTION_LINE 
FUNCTION_LINE     function test_snap_convertPositions_96() public {
FUNCTION_LINE         uint256 amount = 10_000_000;
FUNCTION_LINE         uint256 feeBips = 0;
FUNCTION_HIT splitPosition PATH src/snapshots/NegRiskAdapter.snap.sol LINES 229 233
FUNCTION_LINE             usdc.mint(alice, amount);
FUNCTION_LINE             usdc.approve(address(nrAdapter), amount);
FUNCTION_LINE             nrAdapter.splitPosition(conditionId, amount);
FUNCTION_LINE             vm.stopPrank();
FUNCTION_LINE 
FUNCTION_HIT convertPositions PATH src/snapshots/NegRiskAdapter.snap.sol LINES 237 241
FUNCTION_LINE         vm.startPrank(alice);
FUNCTION_LINE         ctf.setApprovalForAll(address(nrAdapter), true);
FUNCTION_LINE         vm.startSnapshotGas("NegRiskAdapter_convertPositions_96");
FUNCTION_LINE         nrAdapter.convertPositions(marketId, 1, amount);
FUNCTION_LINE         vm.stopSnapshotGas();
FUNCTION_HIT convert PATH src/snapshots/NegRiskAdapter.snap.sol LINES 237 241
FUNCTION_LINE         vm.startPrank(alice);
FUNCTION_LINE         ctf.setApprovalForAll(address(nrAdapter), true);
FUNCTION_LINE         vm.startSnapshotGas("NegRiskAdapter_convertPositions_96");
FUNCTION_LINE         nrAdapter.convertPositions(marketId, 1, amount);
FUNCTION_LINE         vm.stopSnapshotGas();
FUNCTION_HIT convertPositions PATH src/snapshots/NegRiskAdapter.snap.sol LINES 238 242
FUNCTION_LINE         ctf.setApprovalForAll(address(nrAdapter), true);
FUNCTION_LINE         vm.startSnapshotGas("NegRiskAdapter_convertPositions_96");
FUNCTION_LINE         nrAdapter.convertPositions(marketId, 1, amount);
FUNCTION_LINE         vm.stopSnapshotGas();
FUNCTION_LINE     }
FUNCTION_HIT convert PATH src/snapshots/NegRiskAdapter.snap.sol LINES 238 242
FUNCTION_LINE         ctf.setApprovalForAll(address(nrAdapter), true);
FUNCTION_LINE         vm.startSnapshotGas("NegRiskAdapter_convertPositions_96");
FUNCTION_LINE         nrAdapter.convertPositions(marketId, 1, amount);
FUNCTION_LINE         vm.stopSnapshotGas();
FUNCTION_LINE     }
FUNCTION_HIT convertPositions PATH src/snapshots/NegRiskAdapter.snap.sol LINES 242 246
FUNCTION_LINE     }
FUNCTION_LINE 
FUNCTION_LINE     function test_snap_convertPositions_128() public {
FUNCTION_LINE         uint256 amount = 10_000_000;
FUNCTION_LINE         uint256 feeBips = 0;
FUNCTION_HIT convert PATH src/snapshots/NegRiskAdapter.snap.sol LINES 242 246
FUNCTION_LINE     }
FUNCTION_LINE 
FUNCTION_LINE     function test_snap_convertPositions_128() public {
FUNCTION_LINE         uint256 amount = 10_000_000;
FUNCTION_LINE         uint256 feeBips = 0;
FUNCTION_HIT splitPosition PATH src/snapshots/NegRiskAdapter.snap.sol LINES 262 266
FUNCTION_LINE             usdc.mint(alice, amount);
FUNCTION_LINE             usdc.approve(address(nrAdapter), amount);
FUNCTION_LINE             nrAdapter.splitPosition(conditionId, amount);
FUNCTION_LINE             vm.stopPrank();
FUNCTION_LINE 
FUNCTION_HIT convertPositions PATH src/snapshots/NegRiskAdapter.snap.sol LINES 271 275
FUNCTION_LINE         ctf.setApprovalForAll(address(nrAdapter), true);
FUNCTION_LINE 
FUNCTION_LINE         vm.startSnapshotGas("NegRiskAdapter_convertPositions_128");
FUNCTION_LINE         nrAdapter.convertPositions(marketId, 1, amount);
FUNCTION_LINE         vm.stopSnapshotGas();
FUNCTION_HIT convert PATH src/snapshots/NegRiskAdapter.snap.sol LINES 271 275
FUNCTION_LINE         ctf.setApprovalForAll(address(nrAdapter), true);
FUNCTION_LINE 
FUNCTION_LINE         vm.startSnapshotGas("NegRiskAdapter_convertPositions_128");
FUNCTION_LINE         nrAdapter.convertPositions(marketId, 1, amount);
FUNCTION_LINE         vm.stopSnapshotGas();
FUNCTION_HIT convertPositions PATH src/snapshots/NegRiskAdapter.snap.sol LINES 272 276
FUNCTION_LINE 
FUNCTION_LINE         vm.startSnapshotGas("NegRiskAdapter_convertPositions_128");
FUNCTION_LINE         nrAdapter.convertPositions(marketId, 1, amount);
FUNCTION_LINE         vm.stopSnapshotGas();
FUNCTION_LINE     }
FUNCTION_HIT convert PATH src/snapshots/NegRiskAdapter.snap.sol LINES 272 276
FUNCTION_LINE 
FUNCTION_LINE         vm.startSnapshotGas("NegRiskAdapter_convertPositions_128");
FUNCTION_LINE         nrAdapter.convertPositions(marketId, 1, amount);
FUNCTION_LINE         vm.stopSnapshotGas();
FUNCTION_LINE     }
FUNCTION_HIT convertPositions PATH src/snapshots/NegRiskAdapter.snap.sol LINES 276 280
FUNCTION_LINE     }
FUNCTION_LINE 
FUNCTION_LINE     function test_snap_convertPositions_196() public {
FUNCTION_LINE         uint256 amount = 10_000_000;
FUNCTION_LINE         uint256 feeBips = 0;
FUNCTION_HIT convert PATH src/snapshots/NegRiskAdapter.snap.sol LINES 276 280
FUNCTION_LINE     }
FUNCTION_LINE 
FUNCTION_LINE     function test_snap_convertPositions_196() public {
FUNCTION_LINE         uint256 amount = 10_000_000;
FUNCTION_LINE         uint256 feeBips = 0;
FUNCTION_HIT splitPosition PATH src/snapshots/NegRiskAdapter.snap.sol LINES 296 300
FUNCTION_LINE             usdc.mint(alice, amount);
FUNCTION_LINE             usdc.approve(address(nrAdapter), amount);
FUNCTION_LINE             nrAdapter.splitPosition(conditionId, amount);
FUNCTION_LINE             vm.stopPrank();
FUNCTION_LINE 
FUNCTION_HIT convertPositions PATH src/snapshots/NegRiskAdapter.snap.sol LINES 305 309
FUNCTION_LINE         ctf.setApprovalForAll(address(nrAdapter), true);
FUNCTION_LINE 
FUNCTION_LINE         vm.startSnapshotGas("NegRiskAdapter_convertPositions_196");
FUNCTION_LINE         nrAdapter.convertPositions(marketId, 1, amount);
FUNCTION_LINE         vm.stopSnapshotGas();
FUNCTION_HIT convert PATH src/snapshots/NegRiskAdapter.snap.sol LINES 305 309
FUNCTION_LINE         ctf.setApprovalForAll(address(nrAdapter), true);
FUNCTION_LINE 
FUNCTION_LINE         vm.startSnapshotGas("NegRiskAdapter_convertPositions_196");
FUNCTION_LINE         nrAdapter.convertPositions(marketId, 1, amount);
FUNCTION_LINE         vm.stopSnapshotGas();
FUNCTION_HIT convertPositions PATH src/snapshots/NegRiskAdapter.snap.sol LINES 306 310
FUNCTION_LINE 
FUNCTION_LINE         vm.startSnapshotGas("NegRiskAdapter_convertPositions_196");
FUNCTION_LINE         nrAdapter.convertPositions(marketId, 1, amount);
FUNCTION_LINE         vm.stopSnapshotGas();
FUNCTION_LINE     }
FUNCTION_HIT convert PATH src/snapshots/NegRiskAdapter.snap.sol LINES 306 310
FUNCTION_LINE 
FUNCTION_LINE         vm.startSnapshotGas("NegRiskAdapter_convertPositions_196");
FUNCTION_LINE         nrAdapter.convertPositions(marketId, 1, amount);
FUNCTION_LINE         vm.stopSnapshotGas();
FUNCTION_LINE     }
FUNCTION_HIT splitPosition PATH src/test/NegRiskAdapter/ConvertPositions.t.sol LINES 28 32
FUNCTION_LINE             usdc.mint(alice, _amount);
FUNCTION_LINE             usdc.approve(address(nrAdapter), _amount);
FUNCTION_LINE             nrAdapter.splitPosition(conditionId, _amount);
FUNCTION_LINE             vm.stopPrank();
FUNCTION_LINE 
FUNCTION_HIT convertPositions PATH src/test/NegRiskAdapter/ConvertPositions.t.sol LINES 106 110
FUNCTION_LINE     }
FUNCTION_LINE 
FUNCTION_LINE     function test_convertPositions(uint256 _questionCount, uint256 _feeBips, uint256 _indexSet, uint128 _amount)
FUNCTION_LINE         public
FUNCTION_LINE     {
FUNCTION_HIT convert PATH src/test/NegRiskAdapter/ConvertPositions.t.sol LINES 106 110
FUNCTION_LINE     }
FUNCTION_LINE 
FUNCTION_LINE     function test_convertPositions(uint256 _questionCount, uint256 _feeBips, uint256 _indexSet, uint128 _amount)
FUNCTION_LINE         public
FUNCTION_LINE     {
FUNCTION_HIT convert PATH src/test/NegRiskAdapter/ConvertPositions.t.sol LINES 117 121
FUNCTION_LINE         _before(_questionCount, _feeBips, _indexSet, _amount);
FUNCTION_LINE 
FUNCTION_LINE         // convert positions
FUNCTION_LINE         {
FUNCTION_LINE             vm.startPrank(brian);
FUNCTION_HIT convertPositions PATH src/test/NegRiskAdapter/ConvertPositions.t.sol LINES 123 127
FUNCTION_LINE 
FUNCTION_LINE             vm.expectEmit();
FUNCTION_LINE             emit PositionsConverted(brian, marketId, _indexSet, _amount);
FUNCTION_LINE             nrAdapter.convertPositions(marketId, _indexSet, _amount);
FUNCTION_LINE         }
FUNCTION_HIT convert PATH src/test/NegRiskAdapter/ConvertPositions.t.sol LINES 123 127
FUNCTION_LINE 
FUNCTION_LINE             vm.expectEmit();
FUNCTION_LINE             emit PositionsConverted(brian, marketId, _indexSet, _amount);
FUNCTION_LINE             nrAdapter.convertPositions(marketId, _indexSet, _amount);
FUNCTION_LINE         }
FUNCTION_HIT convertPositions PATH src/test/NegRiskAdapter/ConvertPositions.t.sol LINES 124 128
FUNCTION_LINE             vm.expectEmit();
FUNCTION_LINE             emit PositionsConverted(brian, marketId, _indexSet, _amount);
FUNCTION_LINE             nrAdapter.convertPositions(marketId, _indexSet, _amount);
FUNCTION_LINE         }
FUNCTION_LINE 
FUNCTION_HIT convert PATH src/test/NegRiskAdapter/ConvertPositions.t.sol LINES 124 128
FUNCTION_LINE             vm.expectEmit();
FUNCTION_LINE             emit PositionsConverted(brian, marketId, _indexSet, _amount);
FUNCTION_LINE             nrAdapter.convertPositions(marketId, _indexSet, _amount);
FUNCTION_LINE         }
FUNCTION_LINE 
FUNCTION_HIT convertPositions PATH src/test/NegRiskAdapter/ConvertPositions.t.sol LINES 130 134
FUNCTION_LINE     }
FUNCTION_LINE 
FUNCTION_LINE     function test_convertPositions_singleIndex(
FUNCTION_LINE         uint256 _questionCount,
FUNCTION_LINE         uint256 _feeBips,
FUNCTION_HIT convert PATH src/test/NegRiskAdapter/ConvertPositions.t.sol LINES 130 134
FUNCTION_LINE     }
FUNCTION_LINE 
FUNCTION_LINE     function test_convertPositions_singleIndex(
FUNCTION_LINE         uint256 _questionCount,
FUNCTION_LINE         uint256 _feeBips,
FUNCTION_HIT convert PATH src/test/NegRiskAdapter/ConvertPositions.t.sol LINES 145 149
FUNCTION_LINE         _before(_questionCount, _feeBips, _indexSet, _amount);
FUNCTION_LINE 
FUNCTION_LINE         // convert positions
FUNCTION_LINE         {
FUNCTION_LINE             vm.startPrank(brian);
FUNCTION_HIT convertPositions PATH src/test/NegRiskAdapter/ConvertPositions.t.sol LINES 151 155
FUNCTION_LINE 
FUNCTION_LINE             vm.expectEmit();
FUNCTION_LINE             emit PositionsConverted(brian, marketId, _indexSet, _amount);
FUNCTION_LINE             nrAdapter.convertPositions(marketId, _indexSet, _amount);
FUNCTION_LINE         }
FUNCTION_HIT convert PATH src/test/NegRiskAdapter/ConvertPositions.t.sol LINES 151 155
FUNCTION_LINE 
FUNCTION_LINE             vm.expectEmit();
FUNCTION_LINE             emit PositionsConverted(brian, marketId, _indexSet, _amount);
FUNCTION_LINE             nrAdapter.convertPositions(marketId, _indexSet, _amount);
FUNCTION_LINE         }
FUNCTION_HIT convertPositions PATH src/test/NegRiskAdapter/ConvertPositions.t.sol LINES 152 156
FUNCTION_LINE             vm.expectEmit();
FUNCTION_LINE             emit PositionsConverted(brian, marketId, _indexSet, _amount);
FUNCTION_LINE             nrAdapter.convertPositions(marketId, _indexSet, _amount);
FUNCTION_LINE         }
FUNCTION_LINE 
FUNCTION_HIT convert PATH src/test/NegRiskAdapter/ConvertPositions.t.sol LINES 152 156
FUNCTION_LINE             vm.expectEmit();
FUNCTION_LINE             emit PositionsConverted(brian, marketId, _indexSet, _amount);
FUNCTION_LINE             nrAdapter.convertPositions(marketId, _indexSet, _amount);
FUNCTION_LINE         }
FUNCTION_LINE 
FUNCTION_HIT convertPositions PATH src/test/NegRiskAdapter/ConvertPositions.t.sol LINES 158 162
FUNCTION_LINE     }
FUNCTION_LINE 
FUNCTION_LINE     function test_convertPositions_allIndices(uint256 _questionCount, uint256 _feeBips, uint128 _amount) public {
FUNCTION_LINE         vm.assume(_amount > 0);
FUNCTION_LINE 
FUNCTION_HIT convert PATH src/test/NegRiskAdapter/ConvertPositions.t.sol LINES 158 162
FUNCTION_LINE     }
FUNCTION_LINE 
FUNCTION_LINE     function test_convertPositions_allIndices(uint256 _questionCount, uint256 _feeBips, uint128 _amount) public {
FUNCTION_LINE         vm.assume(_amount > 0);
FUNCTION_LINE 
FUNCTION_HIT convert PATH src/test/NegRiskAdapter/ConvertPositions.t.sol LINES 167 171
FUNCTION_LINE         _before(_questionCount, _feeBips, _indexSet, _amount);
FUNCTION_LINE 
FUNCTION_LINE         // convert positions
FUNCTION_LINE         {
FUNCTION_LINE             vm.startPrank(brian);
FUNCTION_HIT convertPositions PATH src/test/NegRiskAdapter/ConvertPositions.t.sol LINES 173 177
FUNCTION_LINE 
FUNCTION_LINE             vm.expectEmit();
FUNCTION_LINE             emit PositionsConverted(brian, marketId, _indexSet, _amount);
FUNCTION_LINE             nrAdapter.convertPositions(marketId, _indexSet, _amount);
FUNCTION_LINE         }
FUNCTION_HIT convert PATH src/test/NegRiskAdapter/ConvertPositions.t.sol LINES 173 177
FUNCTION_LINE 
FUNCTION_LINE             vm.expectEmit();
FUNCTION_LINE             emit PositionsConverted(brian, marketId, _indexSet, _amount);
FUNCTION_LINE             nrAdapter.convertPositions(marketId, _indexSet, _amount);
FUNCTION_LINE         }
FUNCTION_HIT convertPositions PATH src/test/NegRiskAdapter/ConvertPositions.t.sol LINES 174 178
FUNCTION_LINE             vm.expectEmit();
FUNCTION_LINE             emit PositionsConverted(brian, marketId, _indexSet, _amount);
FUNCTION_LINE             nrAdapter.convertPositions(marketId, _indexSet, _amount);
FUNCTION_LINE         }
FUNCTION_LINE 
FUNCTION_HIT convert PATH src/test/NegRiskAdapter/ConvertPositions.t.sol LINES 174 178
FUNCTION_LINE             vm.expectEmit();
FUNCTION_LINE             emit PositionsConverted(brian, marketId, _indexSet, _amount);
FUNCTION_LINE             nrAdapter.convertPositions(marketId, _indexSet, _amount);
FUNCTION_LINE         }
FUNCTION_LINE 
FUNCTION_HIT convertPositions PATH src/test/NegRiskAdapter/ConvertPositions.t.sol LINES 180 184
FUNCTION_LINE     }
FUNCTION_LINE 
FUNCTION_LINE     function test_convertPositions_zeroAmount(uint256 _a, uint256 _b) public {
FUNCTION_LINE         uint256 amount = 0;
FUNCTION_LINE 
FUNCTION_HIT convert PATH src/test/NegRiskAdapter/ConvertPositions.t.sol LINES 180 184
FUNCTION_LINE     }
FUNCTION_LINE 
FUNCTION_LINE     function test_convertPositions_zeroAmount(uint256 _a, uint256 _b) public {
FUNCTION_LINE         uint256 amount = 0;
FUNCTION_LINE 
FUNCTION_HIT convertPositions PATH src/test/NegRiskAdapter/ConvertPositions.t.sol LINES 192 196
FUNCTION_LINE             vm.prank(brian);
FUNCTION_LINE 
FUNCTION_LINE             nrAdapter.convertPositions(marketId, indexSet, amount);
FUNCTION_LINE         }
FUNCTION_LINE     }
FUNCTION_HIT convert PATH src/test/NegRiskAdapter/ConvertPositions.t.sol LINES 192 196
FUNCTION_LINE             vm.prank(brian);
FUNCTION_LINE 
FUNCTION_LINE             nrAdapter.convertPositions(marketId, indexSet, amount);
FUNCTION_LINE         }
FUNCTION_LINE     }
FUNCTION_HIT convertPositions PATH src/test/NegRiskAdapter/ConvertPositions.t.sol LINES 196 200
FUNCTION_LINE     }
FUNCTION_LINE 
FUNCTION_LINE     function test_revert_convertPositions_marketNotPrepared(bytes32 _marketId) public {
FUNCTION_LINE         vm.expectRevert(MarketNotPrepared.selector);
FUNCTION_LINE         nrAdapter.convertPositions(_marketId, 0, 0);
FUNCTION_HIT convert PATH src/test/NegRiskAdapter/ConvertPositions.t.sol LINES 196 200
FUNCTION_LINE     }
FUNCTION_LINE 
FUNCTION_LINE     function test_revert_convertPositions_marketNotPrepared(bytes32 _marketId) public {
FUNCTION_LINE         vm.expectRevert(MarketNotPrepared.selector);
FUNCTION_LINE         nrAdapter.convertPositions(_marketId, 0, 0);
FUNCTION_HIT convertPositions PATH src/test/NegRiskAdapter/ConvertPositions.t.sol LINES 198 202
FUNCTION_LINE     function test_revert_convertPositions_marketNotPrepared(bytes32 _marketId) public {
FUNCTION_LINE         vm.expectRevert(MarketNotPrepared.selector);
FUNCTION_LINE         nrAdapter.convertPositions(_marketId, 0, 0);
FUNCTION_LINE     }
FUNCTION_LINE 
FUNCTION_HIT convert PATH src/test/NegRiskAdapter/ConvertPositions.t.sol LINES 198 202
FUNCTION_LINE     function test_revert_convertPositions_marketNotPrepared(bytes32 _marketId) public {
FUNCTION_LINE         vm.expectRevert(MarketNotPrepared.selector);
FUNCTION_LINE         nrAdapter.convertPositions(_marketId, 0, 0);
FUNCTION_LINE     }
FUNCTION_LINE 
FUNCTION_HIT convertPositions PATH src/test/NegRiskAdapter/ConvertPositions.t.sol LINES 201 205
FUNCTION_LINE     }
FUNCTION_LINE 
FUNCTION_LINE     function test_revert_convertPositions_noConvertiblePositions() public {
FUNCTION_LINE         vm.prank(oracle);
FUNCTION_LINE         marketId = nrAdapter.prepareMarket(0, "");
FUNCTION_HIT convert PATH src/test/NegRiskAdapter/ConvertPositions.t.sol LINES 201 205
FUNCTION_LINE     }
FUNCTION_LINE 
FUNCTION_LINE     function test_revert_convertPositions_noConvertiblePositions() public {
FUNCTION_LINE         vm.prank(oracle);
FUNCTION_LINE         marketId = nrAdapter.prepareMarket(0, "");
FUNCTION_HIT convertPositions PATH src/test/NegRiskAdapter/ConvertPositions.t.sol LINES 206 210
FUNCTION_LINE 
FUNCTION_LINE         // 0 questions prepared
FUNCTION_LINE         vm.expectRevert(NoConvertiblePositions.selector);
FUNCTION_LINE         nrAdapter.convertPositions(marketId, 0, 0);
FUNCTION_LINE 
FUNCTION_HIT convert PATH src/test/NegRiskAdapter/ConvertPositions.t.sol LINES 206 210
FUNCTION_LINE 
FUNCTION_LINE         // 0 questions prepared
FUNCTION_LINE         vm.expectRevert(NoConvertiblePositions.selector);
FUNCTION_LINE         nrAdapter.convertPositions(marketId, 0, 0);
FUNCTION_LINE 
FUNCTION_HIT convertPositions PATH src/test/NegRiskAdapter/ConvertPositions.t.sol LINES 207 211
FUNCTION_LINE         // 0 questions prepared
FUNCTION_LINE         vm.expectRevert(NoConvertiblePositions.selector);
FUNCTION_LINE         nrAdapter.convertPositions(marketId, 0, 0);
FUNCTION_LINE 
FUNCTION_LINE         vm.prank(oracle);
FUNCTION_HIT convert PATH src/test/NegRiskAdapter/ConvertPositions.t.sol LINES 207 211
FUNCTION_LINE         // 0 questions prepared
FUNCTION_LINE         vm.expectRevert(NoConvertiblePositions.selector);
FUNCTION_LINE         nrAdapter.convertPositions(marketId, 0, 0);
FUNCTION_LINE 
FUNCTION_LINE         vm.prank(oracle);
FUNCTION_HIT convertPositions PATH src/test/NegRiskAdapter/ConvertPositions.t.sol LINES 213 217
FUNCTION_LINE 
FUNCTION_LINE         // 1 question prepared
FUNCTION_LINE         vm.expectRevert(NoConvertiblePositions.selector);
FUNCTION_LINE         nrAdapter.convertPositions(marketId, 0, 0);
FUNCTION_LINE 
FUNCTION_HIT convert PATH src/test/NegRiskAdapter/ConvertPositions.t.sol LINES 213 217
FUNCTION_LINE 
FUNCTION_LINE         // 1 question prepared
FUNCTION_LINE         vm.expectRevert(NoConvertiblePositions.selector);
FUNCTION_LINE         nrAdapter.convertPositions(marketId, 0, 0);
FUNCTION_LINE 
FUNCTION_HIT convertPositions PATH src/test/NegRiskAdapter/ConvertPositions.t.sol LINES 214 218
FUNCTION_LINE         // 1 question prepared
FUNCTION_LINE         vm.expectRevert(NoConvertiblePositions.selector);
FUNCTION_LINE         nrAdapter.convertPositions(marketId, 0, 0);
FUNCTION_LINE 
FUNCTION_LINE         vm.prank(oracle);
FUNCTION_HIT convert PATH src/test/NegRiskAdapter/ConvertPositions.t.sol LINES 214 218
FUNCTION_LINE         // 1 question prepared
FUNCTION_LINE         vm.expectRevert(NoConvertiblePositions.selector);
FUNCTION_LINE         nrAdapter.convertPositions(marketId, 0, 0);
FUNCTION_LINE 
FUNCTION_LINE         vm.prank(oracle);
FUNCTION_HIT convertPositions PATH src/test/NegRiskAdapter/ConvertPositions.t.sol LINES 219 223
FUNCTION_LINE         nrAdapter.prepareQuestion(marketId, "");
FUNCTION_LINE 
FUNCTION_LINE         // 2 positions prepared
FUNCTION_LINE         vm.expectRevert(InvalidIndexSet.selector);
FUNCTION_LINE         nrAdapter.convertPositions(marketId, 0, 0);
FUNCTION_HIT convert PATH src/test/NegRiskAdapter/ConvertPositions.t.sol LINES 219 223
FUNCTION_LINE         nrAdapter.prepareQuestion(marketId, "");
FUNCTION_LINE 
FUNCTION_LINE         // 2 positions prepared
FUNCTION_LINE         vm.expectRevert(InvalidIndexSet.selector);
FUNCTION_LINE         nrAdapter.convertPositions(marketId, 0, 0);
FUNCTION_HIT convertPositions PATH src/test/NegRiskAdapter/ConvertPositions.t.sol LINES 221 225
FUNCTION_LINE         // 2 positions prepared
FUNCTION_LINE         vm.expectRevert(InvalidIndexSet.selector);
FUNCTION_LINE         nrAdapter.convertPositions(marketId, 0, 0);
FUNCTION_LINE     }
FUNCTION_LINE 
FUNCTION_HIT convert PATH src/test/NegRiskAdapter/ConvertPositions.t.sol LINES 221 225
FUNCTION_LINE         // 2 positions prepared
FUNCTION_LINE         vm.expectRevert(InvalidIndexSet.selector);
FUNCTION_LINE         nrAdapter.convertPositions(marketId, 0, 0);
FUNCTION_LINE     }
FUNCTION_LINE 
FUNCTION_HIT convertPositions PATH src/test/NegRiskAdapter/ConvertPositions.t.sol LINES 224 228
FUNCTION_LINE     }
FUNCTION_LINE 
FUNCTION_LINE     function test_revert_convertPositions_invalidIndexSet(uint256 _a, uint256 _b, uint256 _c, uint128 _amount) public {
FUNCTION_LINE         vm.assume(_amount > 0);
FUNCTION_LINE 
FUNCTION_HIT convert PATH src/test/NegRiskAdapter/ConvertPositions.t.sol LINES 224 228
FUNCTION_LINE     }
FUNCTION_LINE 
FUNCTION_LINE     function test_revert_convertPositions_invalidIndexSet(uint256 _a, uint256 _b, uint256 _c, uint128 _amount) public {
FUNCTION_LINE         vm.assume(_amount > 0);
FUNCTION_LINE 
FUNCTION_HIT convertPositions PATH src/test/NegRiskAdapter/ConvertPositions.t.sol LINES 238 242
FUNCTION_LINE         uint256 zeroIndexSet = 0;
FUNCTION_LINE         vm.expectRevert(InvalidIndexSet.selector);
FUNCTION_LINE         nrAdapter.convertPositions(marketId, zeroIndexSet, 0);
FUNCTION_LINE 
FUNCTION_LINE         uint256 invalidIndexSet = bound(_c, 2 ** questionCount, type(uint256).max);
FUNCTION_HIT convert PATH src/test/NegRiskAdapter/ConvertPositions.t.sol LINES 238 242
FUNCTION_LINE         uint256 zeroIndexSet = 0;
FUNCTION_LINE         vm.expectRevert(InvalidIndexSet.selector);
FUNCTION_LINE         nrAdapter.convertPositions(marketId, zeroIndexSet, 0);
FUNCTION_LINE 
FUNCTION_LINE         uint256 invalidIndexSet = bound(_c, 2 ** questionCount, type(uint256).max);
FUNCTION_HIT convertPositions PATH src/test/NegRiskAdapter/ConvertPositions.t.sol LINES 242 246
FUNCTION_LINE         uint256 invalidIndexSet = bound(_c, 2 ** questionCount, type(uint256).max);
FUNCTION_LINE         vm.expectRevert(InvalidIndexSet.selector);
FUNCTION_LINE         nrAdapter.convertPositions(marketId, invalidIndexSet, 0);
FUNCTION_LINE     }
FUNCTION_LINE }
FUNCTION_HIT convert PATH src/test/NegRiskAdapter/ConvertPositions.t.sol LINES 242 246
FUNCTION_LINE         uint256 invalidIndexSet = bound(_c, 2 ** questionCount, type(uint256).max);
FUNCTION_LINE         vm.expectRevert(InvalidIndexSet.selector);
FUNCTION_LINE         nrAdapter.convertPositions(marketId, invalidIndexSet, 0);
FUNCTION_LINE     }
FUNCTION_LINE }
FUNCTION_HIT splitPosition PATH src/test/NegRiskAdapter/MergePositions.t.sol LINES 27 31
FUNCTION_LINE         usdc.mint(alice, _amount);
FUNCTION_LINE         usdc.approve(address(nrAdapter), _amount);
FUNCTION_LINE         nrAdapter.splitPosition(conditionId, _amount);
FUNCTION_LINE 
FUNCTION_LINE         positionIdFalse = nrAdapter.getPositionId(questionId, false);
FUNCTION_HIT splitPosition PATH src/test/NegRiskAdapter/MergePositions.t.sol LINES 29 33
FUNCTION_LINE         nrAdapter.splitPosition(conditionId, _amount);
FUNCTION_LINE 
FUNCTION_LINE         positionIdFalse = nrAdapter.getPositionId(questionId, false);
FUNCTION_LINE         ctf.safeTransferFrom(alice, brian, positionIdFalse, _amount, "");
FUNCTION_LINE 
FUNCTION_HIT mergePositions PATH src/test/NegRiskAdapter/MergePositions.t.sol LINES 48 52
FUNCTION_LINE     }
FUNCTION_LINE 
FUNCTION_LINE     function test_mergePositions(uint256 _amount) public {
FUNCTION_LINE         _before(_amount);
FUNCTION_LINE 
FUNCTION_HIT merge PATH src/test/NegRiskAdapter/MergePositions.t.sol LINES 48 52
FUNCTION_LINE     }
FUNCTION_LINE 
FUNCTION_LINE     function test_mergePositions(uint256 _amount) public {
FUNCTION_LINE         _before(_amount);
FUNCTION_LINE 
FUNCTION_HIT mergePositions PATH src/test/NegRiskAdapter/MergePositions.t.sol LINES 52 56
FUNCTION_LINE 
FUNCTION_LINE         vm.prank(brian);
FUNCTION_LINE         nrAdapter.mergePositions(conditionId, _amount);
FUNCTION_LINE 
FUNCTION_LINE         _after(_amount);
FUNCTION_HIT merge PATH src/test/NegRiskAdapter/MergePositions.t.sol LINES 52 56
FUNCTION_LINE 
FUNCTION_LINE         vm.prank(brian);
FUNCTION_LINE         nrAdapter.mergePositions(conditionId, _amount);
FUNCTION_LINE 
FUNCTION_LINE         _after(_amount);
FUNCTION_HIT mergePositions PATH src/test/NegRiskAdapter/MergePositions.t.sol LINES 57 61
FUNCTION_LINE     }
FUNCTION_LINE 
FUNCTION_LINE     function test_mergePositions_asCtf(uint256 _amount) public {
FUNCTION_LINE         _before(_amount);
FUNCTION_LINE 
FUNCTION_HIT merge PATH src/test/NegRiskAdapter/MergePositions.t.sol LINES 57 61
FUNCTION_LINE     }
FUNCTION_LINE 
FUNCTION_LINE     function test_mergePositions_asCtf(uint256 _amount) public {
FUNCTION_LINE         _before(_amount);
FUNCTION_LINE 
FUNCTION_HIT mergePositions PATH src/test/NegRiskAdapter/MergePositions.t.sol LINES 65 69
FUNCTION_LINE 
FUNCTION_LINE         vm.prank(brian);
FUNCTION_LINE         IConditionalTokens(address(nrAdapter)).mergePositions(
FUNCTION_LINE             address(usdc), bytes32(0), conditionId, partition, _amount
FUNCTION_LINE         );
FUNCTION_HIT merge PATH src/test/NegRiskAdapter/MergePositions.t.sol LINES 65 69
FUNCTION_LINE 
FUNCTION_LINE         vm.prank(brian);
FUNCTION_LINE         IConditionalTokens(address(nrAdapter)).mergePositions(
FUNCTION_LINE             address(usdc), bytes32(0), conditionId, partition, _amount
FUNCTION_LINE         );
FUNCTION_HIT mergePositions PATH src/test/NegRiskAdapter/MergePositions.t.sol LINES 72 76
FUNCTION_LINE     }
FUNCTION_LINE 
FUNCTION_LINE     function test_revert_mergePositions_asCTF_wrongCollateralType(uint256 _amount, address _collateral) public {
FUNCTION_LINE         vm.assume(_collateral != address(usdc));
FUNCTION_LINE 
FUNCTION_HIT merge PATH src/test/NegRiskAdapter/MergePositions.t.sol LINES 72 76
FUNCTION_LINE     }
FUNCTION_LINE 
FUNCTION_LINE     function test_revert_mergePositions_asCTF_wrongCollateralType(uint256 _amount, address _collateral) public {
FUNCTION_LINE         vm.assume(_collateral != address(usdc));
FUNCTION_LINE 
FUNCTION_HIT mergePositions PATH src/test/NegRiskAdapter/MergePositions.t.sol LINES 73 77
FUNCTION_LINE 
FUNCTION_LINE     function test_revert_mergePositions_asCTF_wrongCollateralType(uint256 _amount, address _collateral) public {
FUNCTION_LINE         vm.assume(_collateral != address(usdc));
FUNCTION_LINE 
FUNCTION_LINE         _before(_amount);
FUNCTION_HIT merge PATH src/test/NegRiskAdapter/MergePositions.t.sol LINES 73 77
FUNCTION_LINE 
FUNCTION_LINE     function test_revert_mergePositions_asCTF_wrongCollateralType(uint256 _amount, address _collateral) public {
FUNCTION_LINE         vm.assume(_collateral != address(usdc));
FUNCTION_LINE 
FUNCTION_LINE         _before(_amount);
FUNCTION_HIT mergePositions PATH src/test/NegRiskAdapter/MergePositions.t.sol LINES 81 85
FUNCTION_LINE         partition[1] = 2;
FUNCTION_LINE 
FUNCTION_LINE         vm.expectRevert(UnexpectedCollateralToken.selector);
FUNCTION_LINE         IConditionalTokens(address(nrAdapter)).mergePositions(_collateral, bytes32(0), conditionId, partition, _amount);
FUNCTION_LINE     }
FUNCTION_HIT merge PATH src/test/NegRiskAdapter/MergePositions.t.sol LINES 81 85
FUNCTION_LINE         partition[1] = 2;
FUNCTION_LINE 
FUNCTION_LINE         vm.expectRevert(UnexpectedCollateralToken.selector);
FUNCTION_LINE         IConditionalTokens(address(nrAdapter)).mergePositions(_collateral, bytes32(0), conditionId, partition, _amount);
FUNCTION_LINE     }
FUNCTION_HIT mergePositions PATH src/test/NegRiskAdapter/MergePositions.t.sol LINES 82 86
FUNCTION_LINE 
FUNCTION_LINE         vm.expectRevert(UnexpectedCollateralToken.selector);
FUNCTION_LINE         IConditionalTokens(address(nrAdapter)).mergePositions(_collateral, bytes32(0), conditionId, partition, _amount);
FUNCTION_LINE     }
FUNCTION_LINE }
FUNCTION_HIT merge PATH src/test/NegRiskAdapter/MergePositions.t.sol LINES 82 86
FUNCTION_LINE 
FUNCTION_LINE         vm.expectRevert(UnexpectedCollateralToken.selector);
FUNCTION_LINE         IConditionalTokens(address(nrAdapter)).mergePositions(_collateral, bytes32(0), conditionId, partition, _amount);
FUNCTION_LINE     }
FUNCTION_LINE }
FUNCTION_HIT splitPosition PATH src/test/NegRiskAdapter/NegRiskAdapter.invariant.t.sol LINES 36 40
FUNCTION_LINE         bytes32 questionId = NegRiskIdLib.getQuestionId(marketId, _index);
FUNCTION_LINE         bytes32 conditionId = nra.getConditionId(questionId);
FUNCTION_LINE         nra.splitPosition(conditionId, _amount);
FUNCTION_LINE         // vm.stopPrank();
FUNCTION_LINE     }
FUNCTION_HIT merge PATH src/test/NegRiskAdapter/NegRiskAdapter.invariant.t.sol LINES 40 44
FUNCTION_LINE     }
FUNCTION_LINE 
FUNCTION_LINE     function merge(uint8 _index, uint256 _amount) public {
FUNCTION_LINE         _index %= 16;
FUNCTION_LINE 
FUNCTION_HIT splitPosition PATH src/test/NegRiskAdapter/NegRiskAdapter.invariant.t.sol LINES 47 51
FUNCTION_LINE         bytes32 questionId = NegRiskIdLib.getQuestionId(marketId, _index);
FUNCTION_LINE         bytes32 conditionId = nra.getConditionId(questionId);
FUNCTION_LINE         nra.splitPosition(conditionId, _amount);
FUNCTION_LINE         // vm.stopPrank();
FUNCTION_LINE     }
FUNCTION_HIT convertPositions PATH src/test/NegRiskAdapter/NegRiskAdapter.invariant.t.sol LINES 51 55
FUNCTION_LINE     }
FUNCTION_LINE 
FUNCTION_LINE     function convert(uint16 _indexSet, uint256 _amount) public {
FUNCTION_LINE         nra.convertPositions(marketId, _indexSet, _amount);
FUNCTION_LINE     }
FUNCTION_HIT convert PATH src/test/NegRiskAdapter/NegRiskAdapter.invariant.t.sol LINES 51 55
FUNCTION_LINE     }
FUNCTION_LINE 
FUNCTION_LINE     function convert(uint16 _indexSet, uint256 _amount) public {
FUNCTION_LINE         nra.convertPositions(marketId, _indexSet, _amount);
FUNCTION_LINE     }
FUNCTION_HIT convertPositions PATH src/test/NegRiskAdapter/NegRiskAdapter.invariant.t.sol LINES 52 56
FUNCTION_LINE 
FUNCTION_LINE     function convert(uint16 _indexSet, uint256 _amount) public {
FUNCTION_LINE         nra.convertPositions(marketId, _indexSet, _amount);
FUNCTION_LINE     }
FUNCTION_LINE 
FUNCTION_HIT convert PATH src/test/NegRiskAdapter/NegRiskAdapter.invariant.t.sol LINES 52 56
FUNCTION_LINE 
FUNCTION_LINE     function convert(uint16 _indexSet, uint256 _amount) public {
FUNCTION_LINE         nra.convertPositions(marketId, _indexSet, _amount);
FUNCTION_LINE     }
FUNCTION_LINE 
FUNCTION_HIT convert PATH src/test/NegRiskAdapter/NegRiskAdapter.invariant.t.sol LINES 55 59
FUNCTION_LINE     }
FUNCTION_LINE 
FUNCTION_LINE     function convert2(uint256 _amount) public {}
FUNCTION_LINE }
FUNCTION_LINE 
FUNCTION_HIT redeemPositions PATH src/test/NegRiskAdapter/RedeemPositions.t.sol LINES 25 29
FUNCTION_LINE     }
FUNCTION_LINE 
FUNCTION_LINE     function test_redeemPositions(uint256 _amount) public {
FUNCTION_LINE         // split position to alice
FUNCTION_LINE         // distribute yes positions to brian
FUNCTION_HIT redeemPositions PATH src/test/NegRiskAdapter/RedeemPositions.t.sol LINES 26 30
FUNCTION_LINE 
FUNCTION_LINE     function test_redeemPositions(uint256 _amount) public {
FUNCTION_LINE         // split position to alice
FUNCTION_LINE         // distribute yes positions to brian
FUNCTION_LINE         // distribute no positions to carly
FUNCTION_HIT redeemPositions PATH src/test/NegRiskAdapter/RedeemPositions.t.sol LINES 27 31
FUNCTION_LINE     function test_redeemPositions(uint256 _amount) public {
FUNCTION_LINE         // split position to alice
FUNCTION_LINE         // distribute yes positions to brian
FUNCTION_LINE         // distribute no positions to carly
FUNCTION_LINE         {
FUNCTION_HIT splitPosition PATH src/test/NegRiskAdapter/RedeemPositions.t.sol LINES 33 37
FUNCTION_LINE             usdc.mint(alice, _amount);
FUNCTION_LINE             usdc.approve(address(nrAdapter), _amount);
FUNCTION_LINE             nrAdapter.splitPosition(conditionId, _amount);
FUNCTION_LINE 
FUNCTION_LINE             uint256 positionIdTrue = nrAdapter.getPositionId(questionId, true);
FUNCTION_HIT splitPosition PATH src/test/NegRiskAdapter/RedeemPositions.t.sol LINES 35 39
FUNCTION_LINE             nrAdapter.splitPosition(conditionId, _amount);
FUNCTION_LINE 
FUNCTION_LINE             uint256 positionIdTrue = nrAdapter.getPositionId(questionId, true);
FUNCTION_LINE             uint256 positionIdFalse = nrAdapter.getPositionId(questionId, false);
FUNCTION_LINE 
FUNCTION_HIT redeemPositions PATH src/test/NegRiskAdapter/RedeemPositions.t.sol LINES 55 59
FUNCTION_LINE             uint256[] memory amounts = new uint256[](2);
FUNCTION_LINE             amounts[0] = _amount;
FUNCTION_LINE             nrAdapter.redeemPositions(conditionId, amounts);
FUNCTION_LINE             // these were worthless
FUNCTION_LINE             assertEq(usdc.balanceOf(brian), 0);
FUNCTION_HIT redeemPositions PATH src/test/NegRiskAdapter/RedeemPositions.t.sol LINES 67 71
FUNCTION_LINE             uint256[] memory amounts = new uint256[](2);
FUNCTION_LINE             amounts[1] = _amount;
FUNCTION_LINE             nrAdapter.redeemPositions(conditionId, amounts);
FUNCTION_LINE             // these were worthless
FUNCTION_LINE             assertEq(usdc.balanceOf(carly), _amount);
FUNCTION_HIT splitPosition PATH src/test/NegRiskAdapter/SplitPosition.t.sol LINES 41 45
FUNCTION_LINE     }
FUNCTION_LINE 
FUNCTION_LINE     function test_splitPosition(uint256 _amount) public {
FUNCTION_LINE         _before(_amount);
FUNCTION_LINE 
FUNCTION_HIT splitPosition PATH src/test/NegRiskAdapter/SplitPosition.t.sol LINES 45 49
FUNCTION_LINE 
FUNCTION_LINE         vm.prank(alice);
FUNCTION_LINE         nrAdapter.splitPosition(conditionId, _amount);
FUNCTION_LINE 
FUNCTION_LINE         _after(_amount);
FUNCTION_HIT splitPosition PATH src/test/NegRiskAdapter/SplitPosition.t.sol LINES 50 54
FUNCTION_LINE     }
FUNCTION_LINE 
FUNCTION_LINE     function test_splitPosition_asCTF(uint256 _amount) public {
FUNCTION_LINE         _before(_amount);
FUNCTION_LINE 
FUNCTION_HIT splitPosition PATH src/test/NegRiskAdapter/SplitPosition.t.sol LINES 58 62
FUNCTION_LINE 
FUNCTION_LINE         vm.prank(alice);
FUNCTION_LINE         IConditionalTokens(address(nrAdapter)).splitPosition(address(usdc), bytes32(0), conditionId, partition, _amount);
FUNCTION_LINE 
FUNCTION_LINE         _after(_amount);
FUNCTION_HIT splitPosition PATH src/test/NegRiskAdapter/SplitPosition.t.sol LINES 63 67
FUNCTION_LINE     }
FUNCTION_LINE 
FUNCTION_LINE     function test_revert_splitPosition_asCTF_wrongCollateralType(uint256 _amount, address _collateral) public {
FUNCTION_LINE         vm.assume(_collateral != address(usdc));
FUNCTION_LINE 
FUNCTION_HIT splitPosition PATH src/test/NegRiskAdapter/SplitPosition.t.sol LINES 64 68
FUNCTION_LINE 
FUNCTION_LINE     function test_revert_splitPosition_asCTF_wrongCollateralType(uint256 _amount, address _collateral) public {
FUNCTION_LINE         vm.assume(_collateral != address(usdc));
FUNCTION_LINE 
FUNCTION_LINE         _before(_amount);
FUNCTION_HIT splitPosition PATH src/test/NegRiskAdapter/SplitPosition.t.sol LINES 72 76
FUNCTION_LINE         partition[1] = 2;
FUNCTION_LINE 
FUNCTION_LINE         vm.expectRevert(UnexpectedCollateralToken.selector);
FUNCTION_LINE         IConditionalTokens(address(nrAdapter)).splitPosition(_collateral, bytes32(0), conditionId, partition, _amount);
FUNCTION_LINE     }
FUNCTION_HIT splitPosition PATH src/test/NegRiskAdapter/SplitPosition.t.sol LINES 73 77
FUNCTION_LINE 
FUNCTION_LINE         vm.expectRevert(UnexpectedCollateralToken.selector);
FUNCTION_LINE         IConditionalTokens(address(nrAdapter)).splitPosition(_collateral, bytes32(0), conditionId, partition, _amount);
FUNCTION_LINE     }
FUNCTION_LINE }
FUNCTION_HIT splitPosition PATH src/test/NegRiskCtfExchange/NegRiskCtfExchange.t.sol LINES 39 43
FUNCTION_LINE         _dealERC20(usdc, carly.addr, TOKEN_AMOUNT);
FUNCTION_LINE         IERC20(usdc).approve(negRiskAdapter, TOKEN_AMOUNT);
FUNCTION_LINE         INegRiskAdapter(negRiskAdapter).splitPosition(usdc, bytes32(0), conditionId, partition, TOKEN_AMOUNT);
FUNCTION_LINE         IConditionalTokens(ctf).safeTransferFrom(carly.addr, operator.addr, yesPositionId, TOKEN_AMOUNT, "");
FUNCTION_LINE         vm.stopPrank();
FUNCTION_HIT splitPosition PATH src/test/NegRiskCtfExchange/NegRiskCtfExchange.t.sol LINES 40 44
FUNCTION_LINE         IERC20(usdc).approve(negRiskAdapter, TOKEN_AMOUNT);
FUNCTION_LINE         INegRiskAdapter(negRiskAdapter).splitPosition(usdc, bytes32(0), conditionId, partition, TOKEN_AMOUNT);
FUNCTION_LINE         IConditionalTokens(ctf).safeTransferFrom(carly.addr, operator.addr, yesPositionId, TOKEN_AMOUNT, "");
FUNCTION_LINE         vm.stopPrank();
FUNCTION_LINE 
FUNCTION_HIT splitPosition PATH src/test/NegRiskCtfExchange/NegRiskCtfExchange.t.sol LINES 92 96
FUNCTION_LINE         _dealERC20(usdc, carly.addr, TOKEN_AMOUNT);
FUNCTION_LINE         IERC20(usdc).approve(negRiskAdapter, TOKEN_AMOUNT);
FUNCTION_LINE         INegRiskAdapter(negRiskAdapter).splitPosition(usdc, bytes32(0), conditionId, partition, TOKEN_AMOUNT);
FUNCTION_LINE         IConditionalTokens(ctf).safeTransferFrom(carly.addr, alice.addr, yesPositionId, TOKEN_AMOUNT, "");
FUNCTION_LINE         vm.stopPrank();
FUNCTION_HIT splitPosition PATH src/test/NegRiskCtfExchange/NegRiskCtfExchange.t.sol LINES 93 97
FUNCTION_LINE         IERC20(usdc).approve(negRiskAdapter, TOKEN_AMOUNT);
FUNCTION_LINE         INegRiskAdapter(negRiskAdapter).splitPosition(usdc, bytes32(0), conditionId, partition, TOKEN_AMOUNT);
FUNCTION_LINE         IConditionalTokens(ctf).safeTransferFrom(carly.addr, alice.addr, yesPositionId, TOKEN_AMOUNT, "");
FUNCTION_LINE         vm.stopPrank();
FUNCTION_LINE 
FUNCTION_HIT splitPosition PATH src/test/NegRiskCtfExchange/NegRiskCtfExchange.t.sol LINES 145 149
FUNCTION_LINE         _dealERC20(usdc, carly.addr, TOKEN_AMOUNT);
FUNCTION_LINE         IERC20(usdc).approve(negRiskAdapter, TOKEN_AMOUNT);
FUNCTION_LINE         INegRiskAdapter(negRiskAdapter).splitPosition(usdc, bytes32(0), conditionId, partition, TOKEN_AMOUNT);
FUNCTION_LINE         // transfer yes tokens to brian
FUNCTION_LINE         IConditionalTokens(ctf).safeTransferFrom(carly.addr, brian.addr, yesPositionId, TOKEN_AMOUNT, "");
FUNCTION_HIT splitPosition PATH src/test/NegRiskCtfExchange/NegRiskCtfExchange.t.sol LINES 146 150
FUNCTION_LINE         IERC20(usdc).approve(negRiskAdapter, TOKEN_AMOUNT);
FUNCTION_LINE         INegRiskAdapter(negRiskAdapter).splitPosition(usdc, bytes32(0), conditionId, partition, TOKEN_AMOUNT);
FUNCTION_LINE         // transfer yes tokens to brian
FUNCTION_LINE         IConditionalTokens(ctf).safeTransferFrom(carly.addr, brian.addr, yesPositionId, TOKEN_AMOUNT, "");
FUNCTION_LINE         // deal USDC to alice
FUNCTION_HIT splitPosition PATH src/test/NegRiskCtfExchange/NegRiskCtfExchange.t.sol LINES 147 151
FUNCTION_LINE         INegRiskAdapter(negRiskAdapter).splitPosition(usdc, bytes32(0), conditionId, partition, TOKEN_AMOUNT);
FUNCTION_LINE         // transfer yes tokens to brian
FUNCTION_LINE         IConditionalTokens(ctf).safeTransferFrom(carly.addr, brian.addr, yesPositionId, TOKEN_AMOUNT, "");
FUNCTION_LINE         // deal USDC to alice
FUNCTION_LINE         _dealERC20(usdc, alice.addr, USDC_AMOUNT);
FUNCTION_HIT splitPosition PATH src/test/NegRiskCtfExchange/NegRiskCtfExchange.t.sol LINES 219 223
FUNCTION_LINE         _dealERC20(usdc, carly.addr, TOKEN_AMOUNT);
FUNCTION_LINE         IERC20(usdc).approve(negRiskAdapter, TOKEN_AMOUNT);
FUNCTION_LINE         INegRiskAdapter(negRiskAdapter).splitPosition(usdc, bytes32(0), conditionId, partition, TOKEN_AMOUNT);
FUNCTION_LINE         // transfer yes tokens to brian
FUNCTION_LINE         IConditionalTokens(ctf).safeTransferFrom(carly.addr, brian.addr, yesPositionId, TOKEN_AMOUNT, "");
FUNCTION_HIT splitPosition PATH src/test/NegRiskCtfExchange/NegRiskCtfExchange.t.sol LINES 220 224
FUNCTION_LINE         IERC20(usdc).approve(negRiskAdapter, TOKEN_AMOUNT);
FUNCTION_LINE         INegRiskAdapter(negRiskAdapter).splitPosition(usdc, bytes32(0), conditionId, partition, TOKEN_AMOUNT);
FUNCTION_LINE         // transfer yes tokens to brian
FUNCTION_LINE         IConditionalTokens(ctf).safeTransferFrom(carly.addr, brian.addr, yesPositionId, TOKEN_AMOUNT, "");
FUNCTION_LINE         // deal USDC to alice
FUNCTION_HIT splitPosition PATH src/test/NegRiskCtfExchange/NegRiskCtfExchange.t.sol LINES 221 225
FUNCTION_LINE         INegRiskAdapter(negRiskAdapter).splitPosition(usdc, bytes32(0), conditionId, partition, TOKEN_AMOUNT);
FUNCTION_LINE         // transfer yes tokens to brian
FUNCTION_LINE         IConditionalTokens(ctf).safeTransferFrom(carly.addr, brian.addr, yesPositionId, TOKEN_AMOUNT, "");
FUNCTION_LINE         // deal USDC to alice
FUNCTION_LINE         _dealERC20(usdc, alice.addr, USDC_AMOUNT);
FUNCTION_HIT splitPosition PATH src/test/NegRiskCtfExchange/NegRiskCtfExchange.t.sol LINES 358 362
FUNCTION_LINE         _dealERC20(usdc, carly.addr, TOKEN_AMOUNT);
FUNCTION_LINE         IERC20(usdc).approve(negRiskAdapter, TOKEN_AMOUNT);
FUNCTION_LINE         INegRiskAdapter(negRiskAdapter).splitPosition(usdc, bytes32(0), conditionId, partition, TOKEN_AMOUNT);
FUNCTION_LINE         // transfer yes tokens to alice
FUNCTION_LINE         IConditionalTokens(ctf).safeTransferFrom(carly.addr, alice.addr, yesPositionId, TOKEN_AMOUNT, "");
FUNCTION_HIT splitPosition PATH src/test/NegRiskCtfExchange/NegRiskCtfExchange.t.sol LINES 359 363
FUNCTION_LINE         IERC20(usdc).approve(negRiskAdapter, TOKEN_AMOUNT);
FUNCTION_LINE         INegRiskAdapter(negRiskAdapter).splitPosition(usdc, bytes32(0), conditionId, partition, TOKEN_AMOUNT);
FUNCTION_LINE         // transfer yes tokens to alice
FUNCTION_LINE         IConditionalTokens(ctf).safeTransferFrom(carly.addr, alice.addr, yesPositionId, TOKEN_AMOUNT, "");
FUNCTION_LINE         // transfer no tokens to brian
FUNCTION_HIT splitPosition PATH src/test/NegRiskCtfExchange/NegRiskCtfExchange.t.sol LINES 360 364
FUNCTION_LINE         INegRiskAdapter(negRiskAdapter).splitPosition(usdc, bytes32(0), conditionId, partition, TOKEN_AMOUNT);
FUNCTION_LINE         // transfer yes tokens to alice
FUNCTION_LINE         IConditionalTokens(ctf).safeTransferFrom(carly.addr, alice.addr, yesPositionId, TOKEN_AMOUNT, "");
FUNCTION_LINE         // transfer no tokens to brian
FUNCTION_LINE         IConditionalTokens(ctf).safeTransferFrom(carly.addr, brian.addr, noPositionId, TOKEN_AMOUNT, "");
FUNCTION_HIT splitPosition PATH src/test/NegRiskFeeModule/NegRiskFeeModule.t.sol LINES 50 54
FUNCTION_LINE         _dealERC20(usdc, carly.addr, TOKEN_AMOUNT);
FUNCTION_LINE         IERC20(usdc).approve(negRiskAdapter, TOKEN_AMOUNT);
FUNCTION_LINE         INegRiskAdapter(negRiskAdapter).splitPosition(usdc, bytes32(0), conditionId, partition, TOKEN_AMOUNT);
FUNCTION_LINE         IConditionalTokens(ctf).setApprovalForAll(negRiskAdapter, true);
FUNCTION_LINE         // deal USDC to alice
FUNCTION_HIT splitPosition PATH src/test/NegRiskFeeModule/NegRiskFeeModule.t.sol LINES 125 129
FUNCTION_LINE         _dealERC20(usdc, carly.addr, TOKEN_AMOUNT);
FUNCTION_LINE         IERC20(usdc).approve(negRiskAdapter, TOKEN_AMOUNT);
FUNCTION_LINE         IConditionalTokens(negRiskAdapter).splitPosition(usdc, bytes32(0), conditionId, partition, TOKEN_AMOUNT);
FUNCTION_LINE         IConditionalTokens(ctf).setApprovalForAll(negRiskAdapter, true);
FUNCTION_LINE         // deal USDC to alice
FUNCTION_HIT splitPosition PATH src/test/NegRiskFeeModule/NegRiskFeeModule.t.sol LINES 265 269
FUNCTION_LINE         _dealERC20(usdc, carly.addr, TOKEN_AMOUNT);
FUNCTION_LINE         IERC20(usdc).approve(negRiskAdapter, TOKEN_AMOUNT);
FUNCTION_LINE         INegRiskAdapter(negRiskAdapter).splitPosition(usdc, bytes32(0), conditionId, partition, TOKEN_AMOUNT);
FUNCTION_LINE         // transfer yes tokens to alice
FUNCTION_LINE         IConditionalTokens(ctf).safeTransferFrom(carly.addr, alice.addr, yesPositionId, TOKEN_AMOUNT, "");
FUNCTION_HIT splitPosition PATH src/test/NegRiskFeeModule/NegRiskFeeModule.t.sol LINES 266 270
FUNCTION_LINE         IERC20(usdc).approve(negRiskAdapter, TOKEN_AMOUNT);
FUNCTION_LINE         INegRiskAdapter(negRiskAdapter).splitPosition(usdc, bytes32(0), conditionId, partition, TOKEN_AMOUNT);
FUNCTION_LINE         // transfer yes tokens to alice
FUNCTION_LINE         IConditionalTokens(ctf).safeTransferFrom(carly.addr, alice.addr, yesPositionId, TOKEN_AMOUNT, "");
FUNCTION_LINE         // transfer no tokens to brian
FUNCTION_HIT splitPosition PATH src/test/NegRiskFeeModule/NegRiskFeeModule.t.sol LINES 267 271
FUNCTION_LINE         INegRiskAdapter(negRiskAdapter).splitPosition(usdc, bytes32(0), conditionId, partition, TOKEN_AMOUNT);
FUNCTION_LINE         // transfer yes tokens to alice
FUNCTION_LINE         IConditionalTokens(ctf).safeTransferFrom(carly.addr, alice.addr, yesPositionId, TOKEN_AMOUNT, "");
FUNCTION_LINE         // transfer no tokens to brian
FUNCTION_LINE         IConditionalTokens(ctf).safeTransferFrom(carly.addr, brian.addr, noPositionId, TOKEN_AMOUNT, "");
FUNCTION_HIT merge PATH src/test/NegRiskOperator.t.sol LINES 331 335
FUNCTION_LINE     //////////////////////////////////////////////////////////////*/
FUNCTION_LINE 
FUNCTION_LINE     function test_emergencyResolveQuestion(bytes32 _requestId, bool _result) public {
FUNCTION_LINE         bytes memory data = new bytes(0);
FUNCTION_LINE         uint256 feeBips = 0;
FUNCTION_HIT merge PATH src/test/NegRiskOperator.t.sol LINES 347 351
FUNCTION_LINE 
FUNCTION_LINE         vm.expectEmit();
FUNCTION_LINE         emit QuestionEmergencyResolved(questionId, _result);
FUNCTION_LINE 
FUNCTION_LINE         vm.prank(alice);
FUNCTION_HIT merge PATH src/test/NegRiskOperator.t.sol LINES 350 354
FUNCTION_LINE 
FUNCTION_LINE         vm.prank(alice);
FUNCTION_LINE         nrOperator.emergencyResolveQuestion(questionId, _result);
FUNCTION_LINE     }
FUNCTION_LINE 
FUNCTION_HIT merge PATH src/test/NegRiskOperator.t.sol LINES 353 357
FUNCTION_LINE     }
FUNCTION_LINE 
FUNCTION_LINE     function test_revert_emergencyResolveQuestion_onlyFlagged(bytes32 _questionId, bool _result) public {
FUNCTION_LINE         vm.prank(alice);
FUNCTION_LINE         vm.expectRevert(OnlyFlagged.selector);
FUNCTION_HIT merge PATH src/test/NegRiskOperator.t.sol LINES 356 360
FUNCTION_LINE         vm.prank(alice);
FUNCTION_LINE         vm.expectRevert(OnlyFlagged.selector);
FUNCTION_LINE         nrOperator.emergencyResolveQuestion(_questionId, _result);
FUNCTION_LINE     }
FUNCTION_LINE 
FUNCTION_HIT merge PATH src/test/NegRiskOperator.t.sol LINES 359 363
FUNCTION_LINE     }
FUNCTION_LINE 
FUNCTION_LINE     function test_revert_emergencyResolveQuestion_delayPeriodNotOver(
FUNCTION_LINE         bytes32 _requestId,
FUNCTION_LINE         bool _result,
FUNCTION_HIT merge PATH src/test/NegRiskOperator.t.sol LINES 380 384
FUNCTION_LINE         vm.prank(alice);
FUNCTION_LINE         vm.expectRevert(DelayPeriodNotOver.selector);
FUNCTION_LINE         nrOperator.emergencyResolveQuestion(questionId, _result);
FUNCTION_LINE     }
FUNCTION_LINE 
OUTPUT_PATH /home/leonh/prediction_research/knowledge/raw/reference/polymarket_negrisk_adapter/20260920T032723Z-e424-summary.json
NEGRISK_COLLATERAL_RECYCLING_RESEARCH_E424_PASS
