{
  "artifact": "knowledge/runs/kalshi-hourly-series-e209.json",
  "series_results": [
    {
      "series_ticker": "KXTEMPNYCH",
      "series_status": 200,
      "series_sha256": "7284465a447af00200e8b173eb36e6586a9f1fcf98ce2f36288eec54ee2a0506",
      "series": {
        "ticker": "KXTEMPNYCH",
        "title": "Hourly Directional NYC Temperature",
        "category": "Climate and Weather",
        "frequency": "hourly",
        "contract_url": "https://assets.kalshi.com/regulatory/product-certifications/LOCALTEMPERATURE.pdf",
        "contract_terms_url": "https://assets.kalshi.com/contract_terms/LOCALTEMPERATURE.pdf",
        "settlement_sources": [
          {
            "name": "The Weather Company",
            "url": "https://weather.com/kalshi"
          }
        ],
        "tags": [
          "Hourly temperature"
        ],
        "product_metadata": {
          "important_info": {
            "id": "NHIGHD-bulk-2026-06-12",
            "markdown": "**Important information:** Effective Thursday, September 10th for the 11am - 12pm ET market, the resolution source for KXTEMPLAXH, KXTEMPCHIH, and KXTEMPNYCH will transition to Synoptic Data. Until then, these stations will continue to be resolved using the current TWC methodology.",
            "message": "",
            "title": ""
          }
        },
        "additional_prohibitions": [
          "Persons who are employed by any of the Source Agencies are not permitted to trade on the Contract.",
          "Persons who hold any material, non-public information on the Underlying are not permitted to trade on the Contract."
        ]
      },
      "markets_status": 200,
      "markets_sha256": "65ad1e94b8b8bbf2bcc75d87b88b27b991d3dfab759d67421cedb103828753f6",
      "market_count": 1000,
      "markets_preview": [
        {
          "ticker": "KXTEMPNYCH-26SEP1010-T79.99",
          "event_ticker": "KXTEMPNYCH-26SEP1010",
          "series_ticker": null,
          "title": "Will the temp in New York City be above 79.99\u00b0 on Sep 10, 2026 at 10am EDT?",
          "subtitle": "-1\u00b0 or below",
          "yes_sub_title": "80\u00b0 or above",
          "no_sub_title": "80\u00b0 or above",
          "open_time": "2026-09-10T13:00:00Z",
          "close_time": "2026-09-10T14:00:00Z",
          "expected_expiration_time": "2026-09-10T14:05:00Z",
          "latest_expiration_time": "2026-09-17T14:00:00Z",
          "settlement_timer_seconds": 3600,
          "status": "finalized",
          "result": "no",
          "rules_primary": "If the temperature recorded at Central Park, New York City for Sep 10, 2026 10 AM EDT as reported by The Weather Company (for coordinates KNYC), is above 79.99\u00b0, then the market resolves to Yes.",
          "rules_secondary": "Not all weather data is the same. While checking a source like AccuWeather or Google Weather may help guide your decision, the official and final value used to determine this market is the maximum/minimum temperature as reported by the Weather Company.\n\nReading weather data\nPreliminary Weather Company data may be subject to rounding and conversion differences from the final reported value.\nUse caution when interpreting preliminary Weather Company readings.",
          "floor_strike": 79.99,
          "cap_strike": null,
          "functional_strike": null,
          "custom_strike": null,
          "occurrence_datetime": "2026-09-10T14:05:00Z",
          "is_provisional": null
        },
        {
          "ticker": "KXTEMPNYCH-26SEP1010-T78.99",
          "event_ticker": "KXTEMPNYCH-26SEP1010",
          "series_ticker": null,
          "title": "Will the temp in New York City be above 78.99\u00b0 on Sep 10, 2026 at 10am EDT?",
          "subtitle": "-1\u00b0 or below",
          "yes_sub_title": "79\u00b0 or above",
          "no_sub_title": "79\u00b0 or above",
          "open_time": "2026-09-10T13:00:00Z",
          "close_time": "2026-09-10T14:00:00Z",
          "expected_expiration_time": "2026-09-10T14:05:00Z",
          "latest_expiration_time": "2026-09-17T14:00:00Z",
          "settlement_timer_seconds": 3600,
          "status": "finalized",
          "result": "no",
          "rules_primary": "If the temperature recorded at Central Park, New York City for Sep 10, 2026 10 AM EDT as reported by The Weather Company (for coordinates KNYC), is above 78.99\u00b0, then the market resolves to Yes.",
          "rules_secondary": "Not all weather data is the same. While checking a source like AccuWeather or Google Weather may help guide your decision, the official and final value used to determine this market is the maximum/minimum temperature as reported by the Weather Company.\n\nReading weather data\nPreliminary Weather Company data may be subject to rounding and conversion differences from the final reported value.\nUse caution when interpreting preliminary Weather Company readings.",
          "floor_strike": 78.99,
          "cap_strike": null,
          "functional_strike": null,
          "custom_strike": null,
          "occurrence_datetime": "2026-09-10T14:05:00Z",
          "is_provisional": null
        },
        {
          "ticker": "KXTEMPNYCH-26SEP1010-T77.99",
          "event_ticker": "KXTEMPNYCH-26SEP1010",
          "series_ticker": null,
          "title": "Will the temp in New York City be above 77.99\u00b0 on Sep 10, 2026 at 10am EDT?",
          "subtitle": "-1\u00b0 or below",
          "yes_sub_title": "78\u00b0 or above",
          "no_sub_title": "78\u00b0 or above",
          "open_time": "2026-09-10T13:00:00Z",
          "close_time": "2026-09-10T14:00:00Z",
          "expected_expiration_time": "2026-09-10T14:05:00Z",
          "latest_expiration_time": "2026-09-17T14:00:00Z",
          "settlement_timer_seconds": 3600,
          "status": "finalized",
          "result": "no",
          "rules_primary": "If the temperature recorded at Central Park, New York City for Sep 10, 2026 10 AM EDT as reported by The Weather Company (for coordinates KNYC), is above 77.99\u00b0, then the market resolves to Yes.",
          "rules_secondary": "Not all weather data is the same. While checking a source like AccuWeather or Google Weather may help guide your decision, the official and final value used to determine this market is the maximum/minimum temperature as reported by the Weather Company.\n\nReading weather data\nPreliminary Weather Company data may be subject to rounding and conversion differences from the final reported value.\nUse caution when interpreting preliminary Weather Company readings.",
          "floor_strike": 77.99,
          "cap_strike": null,
          "functional_strike": null,
          "custom_strike": null,
          "occurrence_datetime": "2026-09-10T14:05:00Z",
          "is_provisional": null
        },
        {
          "ticker": "KXTEMPNYCH-26SEP1010-T76.99",
          "event_ticker": "KXTEMPNYCH-26SEP1010",
          "series_ticker": null,
          "title": "Will the temp in New York City be above 76.99\u00b0 on Sep 10, 2026 at 10am EDT?",
          "subtitle": "-1\u00b0 or below",
          "yes_sub_title": "77\u00b0 or above",
          "no_sub_title": "77\u00b0 or above",
          "open_time": "2026-09-10T13:00:00Z",
          "close_time": "2026-09-10T14:00:00Z",
          "expected_expiration_time": "2026-09-10T14:05:00Z",
          "latest_expiration_time": "2026-09-17T14:00:00Z",
          "settlement_timer_seconds": 3600,
          "status": "finalized",
          "result": "no",
          "rules_primary": "If the temperature recorded at Central Park, New York City for Sep 10, 2026 10 AM EDT as reported by The Weather Company (for coordinates KNYC), is above 76.99\u00b0, then the market resolves to Yes.",
          "rules_secondary": "Not all weather data is the same. While checking a source like AccuWeather or Google Weather may help guide your decision, the official and final value used to determine this market is the maximum/minimum temperature as reported by the Weather Company.\n\nReading weather data\nPreliminary Weather Company data may be subject to rounding and conversion differences from the final reported value.\nUse caution when interpreting preliminary Weather Company readings.",
          "floor_strike": 76.99,
          "cap_strike": null,
          "functional_strike": null,
          "custom_strike": null,
          "occurrence_datetime": "2026-09-10T14:05:00Z",
          "is_provisional": null
        },
        {
          "ticker": "KXTEMPNYCH-26SEP1010-T75.99",
          "event_ticker": "KXTEMPNYCH-26SEP1010",
          "series_ticker": null,
          "title": "Will the temp in New York City be above 75.99\u00b0 on Sep 10, 2026 at 10am EDT?",
          "subtitle": "-1\u00b0 or below",
          "yes_sub_title": "76\u00b0 or above",
          "no_sub_title": "76\u00b0 or above",
          "open_time": "2026-09-10T13:00:00Z",
          "close_time": "2026-09-10T14:00:00Z",
          "expected_expiration_time": "2026-09-10T14:05:00Z",
          "latest_expiration_time": "2026-09-17T14:00:00Z",
          "settlement_timer_seconds": 3600,
          "status": "finalized",
          "result": "no",
          "rules_primary": "If the temperature recorded at Central Park, New York City for Sep 10, 2026 10 AM EDT as reported by The Weather Company (for coordinates KNYC), is above 75.99\u00b0, then the market resolves to Yes.",
          "rules_secondary": "Not all weather data is the same. While checking a source like AccuWeather or Google Weather may help guide your decision, the official and final value used to determine this market is the maximum/minimum temperature as reported by the Weather Company.\n\nReading weather data\nPreliminary Weather Company data may be subject to rounding and conversion differences from the final reported value.\nUse caution when interpreting preliminary Weather Company readings.",
          "floor_strike": 75.99,
          "cap_strike": null,
          "functional_strike": null,
          "custom_strike": null,
          "occurrence_datetime": "2026-09-10T14:05:00Z",
          "is_provisional": null
        },
        {
          "ticker": "KXTEMPNYCH-26SEP1010-T74.99",
          "event_ticker": "KXTEMPNYCH-26SEP1010",
          "series_ticker": null,
          "title": "Will the temp in New York City be above 74.99\u00b0 on Sep 10, 2026 at 10am EDT?",
          "subtitle": "-1\u00b0 or below",
          "yes_sub_title": "75\u00b0 or above",
          "no_sub_title": "75\u00b0 or above",
          "open_time": "2026-09-10T13:00:00Z",
          "close_time": "2026-09-10T14:00:00Z",
          "expected_expiration_time": "2026-09-10T14:05:00Z",
          "latest_expiration_time": "2026-09-17T14:00:00Z",
          "settlement_timer_seconds": 3600,
          "status": "finalized",
          "result": "yes",
          "rules_primary": "If the temperature recorded at Central Park, New York City for Sep 10, 2026 10 AM EDT as reported by The Weather Company (for coordinates KNYC), is above 74.99\u00b0, then the market resolves to Yes.",
          "rules_secondary": "Not all weather data is the same. While checking a source like AccuWeather or Google Weather may help guide your decision, the official and final value used to determine this market is the maximum/minimum temperature as reported by the Weather Company.\n\nReading weather data\nPreliminary Weather Company data may be subject to rounding and conversion differences from the final reported value.\nUse caution when interpreting preliminary Weather Company readings.",
          "floor_strike": 74.99,
          "cap_strike": null,
          "functional_strike": null,
          "custom_strike": null,
          "occurrence_datetime": "2026-09-10T14:05:00Z",
          "is_provisional": null
        },
        {
          "ticker": "KXTEMPNYCH-26SEP1010-T73.99",
          "event_ticker": "KXTEMPNYCH-26SEP1010",
          "series_ticker": null,
          "title": "Will the temp in New York City be above 73.99\u00b0 on Sep 10, 2026 at 10am EDT?",
          "subtitle": "-1\u00b0 or below",
          "yes_sub_title": "74\u00b0 or above",
          "no_sub_title": "74\u00b0 or above",
          "open_time": "2026-09-10T13:00:00Z",
          "close_time": "2026-09-10T14:00:00Z",
          "expected_expiration_time": "2026-09-10T14:05:00Z",
          "latest_expiration_time": "2026-09-17T14:00:00Z",
          "settlement_timer_seconds": 3600,
          "status": "finalized",
          "result": "yes",
          "rules_primary": "If the temperature recorded at Central Park, New York City for Sep 10, 2026 10 AM EDT as reported by The Weather Company (for coordinates KNYC), is above 73.99\u00b0, then the market resolves to Yes.",
          "rules_secondary": "Not all weather data is the same. While checking a source like AccuWeather or Google Weather may help guide your decision, the official and final value used to determine this market is the maximum/minimum temperature as reported by the Weather Company.\n\nReading weather data\nPreliminary Weather Company data may be subject to rounding and conversion differences from the final reported value.\nUse caution when interpreting preliminary Weather Company readings.",
          "floor_strike": 73.99,
          "cap_strike": null,
          "functional_strike": null,
          "custom_strike": null,
          "occurrence_datetime": "2026-09-10T14:05:00Z",
          "is_provisional": null
        },
        {
          "ticker": "KXTEMPNYCH-26SEP1010-T72.99",
          "event_ticker": "KXTEMPNYCH-26SEP1010",
          "series_ticker": null,
          "title": "Will the temp in New York City be above 72.99\u00b0 on Sep 10, 2026 at 10am EDT?",
          "subtitle": "-1\u00b0 or below",
          "yes_sub_title": "73\u00b0 or above",
          "no_sub_title": "73\u00b0 or above",
          "open_time": "2026-09-10T13:00:00Z",
          "close_time": "2026-09-10T14:00:00Z",
          "expected_expiration_time": "2026-09-10T14:05:00Z",
          "latest_expiration_time": "2026-09-17T14:00:00Z",
          "settlement_timer_seconds": 3600,
          "status": "finalized",
          "result": "yes",
          "rules_primary": "If the temperature recorded at Central Park, New York City for Sep 10, 2026 10 AM EDT as reported by The Weather Company (for coordinates KNYC), is above 72.99\u00b0, then the market resolves to Yes.",
          "rules_secondary": "Not all weather data is the same. While checking a source like AccuWeather or Google Weather may help guide your decision, the official and final value used to determine this market is the maximum/minimum temperature as reported by the Weather Company.\n\nReading weather data\nPreliminary Weather Company data may be subject to rounding and conversion differences from the final reported value.\nUse caution when interpreting preliminary Weather Company readings.",
          "floor_strike": 72.99,
          "cap_strike": null,
          "functional_strike": null,
          "custom_strike": null,
          "occurrence_datetime": "2026-09-10T14:05:00Z",
          "is_provisional": null
        },
        {
          "ticker": "KXTEMPNYCH-26SEP1010-T71.99",
          "event_ticker": "KXTEMPNYCH-26SEP1010",
          "series_ticker": null,
          "title": "Will the temp in New York City be above 71.99\u00b0 on Sep 10, 2026 at 10am EDT?",
          "subtitle": "-1\u00b0 or below",
          "yes_sub_title": "72\u00b0 or above",
          "no_sub_title": "72\u00b0 or above",
          "open_time": "2026-09-10T13:00:00Z",
          "close_time": "2026-09-10T14:00:00Z",
          "expected_expiration_time": "2026-09-10T14:05:00Z",
          "latest_expiration_time": "2026-09-17T14:00:00Z",
          "settlement_timer_seconds": 3600,
          "status": "finalized",
          "result": "yes",
          "rules_primary": "If the temperature recorded at Central Park, New York City for Sep 10, 2026 10 AM EDT as reported by The Weather Company (for coordinates KNYC), is above 71.99\u00b0, then the market resolves to Yes.",
          "rules_secondary": "Not all weather data is the same. While checking a source like AccuWeather or Google Weather may help guide your decision, the official and final value used to determine this market is the maximum/minimum temperature as reported by the Weather Company.\n\nReading weather data\nPreliminary Weather Company data may be subject to rounding and conversion differences from the final reported value.\nUse caution when interpreting preliminary Weather Company readings.",
          "floor_strike": 71.99,
          "cap_strike": null,
          "functional_strike": null,
          "custom_strike": null,
          "occurrence_datetime": "2026-09-10T14:05:00Z",
          "is_provisional": null
        },
        {
          "ticker": "KXTEMPNYCH-26SEP1010-T70.99",
          "event_ticker": "KXTEMPNYCH-26SEP1010",
          "series_ticker": null,
          "title": "Will the temp in New York City be above 70.99\u00b0 on Sep 10, 2026 at 10am EDT?",
          "subtitle": "-1\u00b0 or below",
          "yes_sub_title": "71\u00b0 or above",
          "no_sub_title": "71\u00b0 or above",
          "open_time": "2026-09-10T13:00:00Z",
          "close_time": "2026-09-10T14:00:00Z",
          "expected_expiration_time": "2026-09-10T14:05:00Z",
          "latest_expiration_time": "2026-09-17T14:00:00Z",
          "settlement_timer_seconds": 3600,
          "status": "finalized",
          "result": "yes",
          "rules_primary": "If the temperature recorded at Central Park, New York City for Sep 10, 2026 10 AM EDT as reported by The Weather Company (for coordinates KNYC), is above 70.99\u00b0, then the market resolves to Yes.",
          "rules_secondary": "Not all weather data is the same. While checking a source like AccuWeather or Google Weather may help guide your decision, the official and final value used to determine this market is the maximum/minimum temperature as reported by the Weather Company.\n\nReading weather data\nPreliminary Weather Company data may be subject to rounding and conversion differences from the final reported value.\nUse caution when interpreting preliminary Weather Company readings.",
          "floor_strike": 70.99,
          "cap_strike": null,
          "functional_strike": null,
          "custom_strike": null,
          "occurrence_datetime": "2026-09-10T14:05:00Z",
          "is_provisional": null
        },
        {
          "ticker": "KXTEMPNYCH-26SEP1009-T76.99",
          "event_ticker": "KXTEMPNYCH-26SEP1009",
          "series_ticker": null,
          "title": "Will the temp in New York City be above 76.99\u00b0 on Sep 10, 2026 at 9am EDT?",
          "subtitle": "-1\u00b0 or below",
          "yes_sub_title": "77\u00b0 or above",
          "no_sub_title": "77\u00b0 or above",
          "open_time": "2026-09-10T12:00:00Z",
          "close_time": "2026-09-10T13:00:00Z",
          "expected_expiration_time": "2026-09-10T13:05:00Z",
          "latest_expiration_time": "2026-09-17T13:00:00Z",
          "settlement_timer_seconds": 3600,
          "status": "finalized",
          "result": "no",
          "rules_primary": "If the temperature recorded at Central Park, New York City for Sep 10, 2026 9 AM EDT as reported by The Weather Company (for coordinates KNYC), is above 76.99\u00b0, then the market resolves to Yes.",
          "rules_secondary": "Not all weather data is the same. While checking a source like AccuWeather or Google Weather may help guide your decision, the official and final value used to determine this market is the maximum/minimum temperature as reported by the Weather Company.\n\nReading weather data\nPreliminary Weather Company data may be subject to rounding and conversion differences from the final reported value.\nUse caution when interpreting preliminary Weather Company readings.",
          "floor_strike": 76.99,
          "cap_strike": null,
          "functional_strike": null,
          "custom_strike": null,
          "occurrence_datetime": "2026-09-10T13:05:00Z",
          "is_provisional": null
        },
        {
          "ticker": "KXTEMPNYCH-26SEP1009-T75.99",
          "event_ticker": "KXTEMPNYCH-26SEP1009",
          "series_ticker": null,
          "title": "Will the temp in New York City be above 75.99\u00b0 on Sep 10, 2026 at 9am EDT?",
          "subtitle": "-1\u00b0 or below",
          "yes_sub_title": "76\u00b0 or above",
          "no_sub_title": "76\u00b0 or above",
          "open_time": "2026-09-10T12:00:00Z",
          "close_time": "2026-09-10T13:00:00Z",
          "expected_expiration_time": "2026-09-10T13:05:00Z",
          "latest_expiration_time": "2026-09-17T13:00:00Z",
          "settlement_timer_seconds": 3600,
          "status": "finalized",
          "result": "no",
          "rules_primary": "If the temperature recorded at Central Park, New York City for Sep 10, 2026 9 AM EDT as reported by The Weather Company (for coordinates KNYC), is above 75.99\u00b0, then the market resolves to Yes.",
          "rules_secondary": "Not all weather data is the same. While checking a source like AccuWeather or Google Weather may help guide your decision, the official and final value used to determine this market is the maximum/minimum temperature as reported by the Weather Company.\n\nReading weather data\nPreliminary Weather Company data may be subject to rounding and conversion differences from the final reported value.\nUse caution when interpreting preliminary Weather Company readings.",
          "floor_strike": 75.99,
          "cap_strike": null,
          "functional_strike": null,
          "custom_strike": null,
          "occurrence_datetime": "2026-09-10T13:05:00Z",
          "is_provisional": null
        },
        {
          "ticker": "KXTEMPNYCH-26SEP1009-T74.99",
          "event_ticker": "KXTEMPNYCH-26SEP1009",
          "series_ticker": null,
          "title": "Will the temp in New York City be above 74.99\u00b0 on Sep 10, 2026 at 9am EDT?",
          "subtitle": "-1\u00b0 or below",
          "yes_sub_title": "75\u00b0 or above",
          "no_sub_title": "75\u00b0 or above",
          "open_time": "2026-09-10T12:00:00Z",
          "close_time": "2026-09-10T13:00:00Z",
          "expected_expiration_time": "2026-09-10T13:05:00Z",
          "latest_expiration_time": "2026-09-17T13:00:00Z",
          "settlement_timer_seconds": 3600,
          "status": "finalized",
          "result": "no",
          "rules_primary": "If the temperature recorded at Central Park, New York City for Sep 10, 2026 9 AM EDT as reported by The Weather Company (for coordinates KNYC), is above 74.99\u00b0, then the market resolves to Yes.",
          "rules_secondary": "Not all weather data is the same. While checking a source like AccuWeather or Google Weather may help guide your decision, the official and final value used to determine this market is the maximum/minimum temperature as reported by the Weather Company.\n\nReading weather data\nPreliminary Weather Company data may be subject to rounding and conversion differences from the final reported value.\nUse caution when interpreting preliminary Weather Company readings.",
          "floor_strike": 74.99,
          "cap_strike": null,
          "functional_strike": null,
          "custom_strike": null,
          "occurrence_datetime": "2026-09-10T13:05:00Z",
          "is_provisional": null
        },
        {
          "ticker": "KXTEMPNYCH-26SEP1009-T73.99",
          "event_ticker": "KXTEMPNYCH-26SEP1009",
          "series_ticker": null,
          "title": "Will the temp in New York City be above 73.99\u00b0 on Sep 10, 2026 at 9am EDT?",
          "subtitle": "-1\u00b0 or below",
          "yes_sub_title": "74\u00b0 or above",
          "no_sub_title": "74\u00b0 or above",
          "open_time": "2026-09-10T12:00:00Z",
          "close_time": "2026-09-10T13:00:00Z",
          "expected_expiration_time": "2026-09-10T13:05:00Z",
          "latest_expiration_time": "2026-09-17T13:00:00Z",
          "settlement_timer_seconds": 3600,
          "status": "finalized",
          "result": "no",
          "rules_primary": "If the temperature recorded at Central Park, New York City for Sep 10, 2026 9 AM EDT as reported by The Weather Company (for coordinates KNYC), is above 73.99\u00b0, then the market resolves to Yes.",
          "rules_secondary": "Not all weather data is the same. While checking a source like AccuWeather or Google Weather may help guide your decision, the official and final value used to determine this market is the maximum/minimum temperature as reported by the Weather Company.\n\nReading weather data\nPreliminary Weather Company data may be subject to rounding and conversion differences from the final reported value.\nUse caution when interpreting preliminary Weather Company readings.",
          "floor_strike": 73.99,
          "cap_strike": null,
          "functional_strike": null,
          "custom_strike": null,
          "occurrence_datetime": "2026-09-10T13:05:00Z",
          "is_provisional": null
        },
        {
          "ticker": "KXTEMPNYCH-26SEP1009-T72.99",
          "event_ticker": "KXTEMPNYCH-26SEP1009",
          "series_ticker": null,
          "title": "Will the temp in New York City be above 72.99\u00b0 on Sep 10, 2026 at 9am EDT?",
          "subtitle": "-1\u00b0 or below",
          "yes_sub_title": "73\u00b0 or above",
          "no_sub_title": "73\u00b0 or above",
          "open_time": "2026-09-10T12:00:00Z",
          "close_time": "2026-09-10T13:00:00Z",
          "expected_expiration_time": "2026-09-10T13:05:00Z",
          "latest_expiration_time": "2026-09-17T13:00:00Z",
          "settlement_timer_seconds": 3600,
          "status": "finalized",
          "result": "yes",
          "rules_primary": "If the temperature recorded at Central Park, New York City for Sep 10, 2026 9 AM EDT as reported by The Weather Company (for coordinates KNYC), is above 72.99\u00b0, then the market resolves to Yes.",
          "rules_secondary": "Not all weather data is the same. While checking a source like AccuWeather or Google Weather may help guide your decision, the official and final value used to determine this market is the maximum/minimum temperature as reported by the Weather Company.\n\nReading weather data\nPreliminary Weather Company data may be subject to rounding and conversion differences from the final reported value.\nUse caution when interpreting preliminary Weather Company readings.",
          "floor_strike": 72.99,
          "cap_strike": null,
          "functional_strike": null,
          "custom_strike": null,
          "occurrence_datetime": "2026-09-10T13:05:00Z",
          "is_provisional": null
        },
        {
          "ticker": "KXTEMPNYCH-26SEP1009-T71.99",
          "event_ticker": "KXTEMPNYCH-26SEP1009",
          "series_ticker": null,
          "title": "Will the temp in New York City be above 71.99\u00b0 on Sep 10, 2026 at 9am EDT?",
          "subtitle": "-1\u00b0 or below",
          "yes_sub_title": "72\u00b0 or above",
          "no_sub_title": "72\u00b0 or above",
          "open_time": "2026-09-10T12:00:00Z",
          "close_time": "2026-09-10T13:00:00Z",
          "expected_expiration_time": "2026-09-10T13:05:00Z",
          "latest_expiration_time": "2026-09-17T13:00:00Z",
          "settlement_timer_seconds": 3600,
          "status": "finalized",
          "result": "yes",
          "rules_primary": "If the temperature recorded at Central Park, New York City for Sep 10, 2026 9 AM EDT as reported by The Weather Company (for coordinates KNYC), is above 71.99\u00b0, then the market resolves to Yes.",
          "rules_secondary": "Not all weather data is the same. While checking a source like AccuWeather or Google Weather may help guide your decision, the official and final value used to determine this market is the maximum/minimum temperature as reported by the Weather Company.\n\nReading weather data\nPreliminary Weather Company data may be subject to rounding and conversion differences from the final reported value.\nUse caution when interpreting preliminary Weather Company readings.",
          "floor_strike": 71.99,
          "cap_strike": null,
          "functional_strike": null,
          "custom_strike": null,
          "occurrence_datetime": "2026-09-10T13:05:00Z",
          "is_provisional": null
        },
        {
          "ticker": "KXTEMPNYCH-26SEP1009-T70.99",
          "event_ticker": "KXTEMPNYCH-26SEP1009",
          "series_ticker": null,
          "title": "Will the temp in New York City be above 70.99\u00b0 on Sep 10, 2026 at 9am EDT?",
          "subtitle": "-1\u00b0 or below",
          "yes_sub_title": "71\u00b0 or above",
          "no_sub_title": "71\u00b0 or above",
          "open_time": "2026-09-10T12:00:00Z",
          "close_time": "2026-09-10T13:00:00Z",
          "expected_expiration_time": "2026-09-10T13:05:00Z",
          "latest_expiration_time": "2026-09-17T13:00:00Z",
          "settlement_timer_seconds": 3600,
          "status": "finalized",
          "result": "yes",
          "rules_primary": "If the temperature recorded at Central Park, New York City for Sep 10, 2026 9 AM EDT as reported by The Weather Company (for coordinates KNYC), is above 70.99\u00b0, then the market resolves to Yes.",
          "rules_secondary": "Not all weather data is the same. While checking a source like AccuWeather or Google Weather may help guide your decision, the official and final value used to determine this market is the maximum/minimum temperature as reported by the Weather Company.\n\nReading weather data\nPreliminary Weather Company data may be subject to rounding and conversion differences from the final reported value.\nUse caution when interpreting preliminary Weather Company readings.",
          "floor_strike": 70.99,
          "cap_strike": null,
          "functional_strike": null,
          "custom_strike": null,
          "occurrence_datetime": "2026-09-10T13:05:00Z",
          "is_provisional": null
        },
        {
          "ticker": "KXTEMPNYCH-26SEP1009-T69.99",
          "event_ticker": "KXTEMPNYCH-26SEP1009",
          "series_ticker": null,
          "title": "Will the temp in New York City be above 69.99\u00b0 on Sep 10, 2026 at 9am EDT?",
          "subtitle": "-1\u00b0 or below",
          "yes_sub_title": "70\u00b0 or above",
          "no_sub_title": "70\u00b0 or above",
          "open_time": "2026-09-10T12:00:00Z",
          "close_time": "2026-09-10T13:00:00Z",
          "expected_expiration_time": "2026-09-10T13:05:00Z",
          "latest_expiration_time": "2026-09-17T13:00:00Z",
          "settlement_timer_seconds": 3600,
          "status": "finalized",
          "result": "yes",
          "rules_primary": "If the temperature recorded at Central Park, New York City for Sep 10, 2026 9 AM EDT as reported by The Weather Company (for coordinates KNYC), is above 69.99\u00b0, then the market resolves to Yes.",
          "rules_secondary": "Not all weather data is the same. While checking a source like AccuWeather or Google Weather may help guide your decision, the official and final value used to determine this market is the maximum/minimum temperature as reported by the Weather Company.\n\nReading weather data\nPreliminary Weather Company data may be subject to rounding and conversion differences from the final reported value.\nUse caution when interpreting preliminary Weather Company readings.",
          "floor_strike": 69.99,
          "cap_strike": null,
          "functional_strike": null,
          "custom_strike": null,
          "occurrence_datetime": "2026-09-10T13:05:00Z",
          "is_provisional": null
        },
        {
          "ticker": "KXTEMPNYCH-26SEP1009-T68.99",
          "event_ticker": "KXTEMPNYCH-26SEP1009",
          "series_ticker": null,
          "title": "Will the temp in New York City be above 68.99\u00b0 on Sep 10, 2026 at 9am EDT?",
          "subtitle": "-1\u00b0 or below",
          "yes_sub_title": "69\u00b0 or above",
          "no_sub_title": "69\u00b0 or above",
          "open_time": "2026-09-10T12:00:00Z",
          "close_time": "2026-09-10T13:00:00Z",
          "expected_expiration_time": "2026-09-10T13:05:00Z",
          "latest_expiration_time": "2026-09-17T13:00:00Z",
          "settlement_timer_seconds": 3600,
          "status": "finalized",
          "result": "yes",
          "rules_primary": "If the temperature recorded at Central Park, New York City for Sep 10, 2026 9 AM EDT as reported by The Weather Company (for coordinates KNYC), is above 68.99\u00b0, then the market resolves to Yes.",
          "rules_secondary": "Not all weather data is the same. While checking a source like AccuWeather or Google Weather may help guide your decision, the official and final value used to determine this market is the maximum/minimum temperature as reported by the Weather Company.\n\nReading weather data\nPreliminary Weather Company data may be subject to rounding and conversion differences from the final reported value.\nUse caution when interpreting preliminary Weather Company readings.",
          "floor_strike": 68.99,
          "cap_strike": null,
          "functional_strike": null,
          "custom_strike": null,
          "occurrence_datetime": "2026-09-10T13:05:00Z",
          "is_provisional": null
        },
        {
          "ticker": "KXTEMPNYCH-26SEP1009-T67.99",
          "event_ticker": "KXTEMPNYCH-26SEP1009",
          "series_ticker": null,
          "title": "Will the temp in New York City be above 67.99\u00b0 on Sep 10, 2026 at 9am EDT?",
          "subtitle": "-1\u00b0 or below",
          "yes_sub_title": "68\u00b0 or above",
          "no_sub_title": "68\u00b0 or above",
          "open_time": "2026-09-10T12:00:00Z",
          "close_time": "2026-09-10T13:00:00Z",
          "expected_expiration_time": "2026-09-10T13:05:00Z",
          "latest_expiration_time": "2026-09-17T13:00:00Z",
          "settlement_timer_seconds": 3600,
          "status": "finalized",
          "result": "yes",
          "rules_primary": "If the temperature recorded at Central Park, New York City for Sep 10, 2026 9 AM EDT as reported by The Weather Company (for coordinates KNYC), is above 67.99\u00b0, then the market resolves to Yes.",
          "rules_secondary": "Not all weather data is the same. While checking a source like AccuWeather or Google Weather may help guide your decision, the official and final value used to determine this market is the maximum/minimum temperature as reported by the Weather Company.\n\nReading weather data\nPreliminary Weather Company data may be subject to rounding and conversion differences from the final reported value.\nUse caution when interpreting preliminary Weather Company readings.",
          "floor_strike": 67.99,
          "cap_strike": null,
          "functional_strike": null,
          "custom_strike": null,
          "occurrence_datetime": "2026-09-10T13:05:00Z",
          "is_provisional": null
        },
        {
          "ticker": "KXTEMPNYCH-26SEP1008-T74.99",
          "event_ticker": "KXTEMPNYCH-26SEP1008",
          "series_ticker": null,
          "title": "Will the temp in New York City be above 74.99\u00b0 on Sep 10, 2026 at 8am EDT?",
          "subtitle": "-1\u00b0 or below",
          "yes_sub_title": "75\u00b0 or above",
          "no_sub_title": "75\u00b0 or above",
          "open_time": "2026-09-10T11:00:00Z",
          "close_time": "2026-09-10T12:00:00Z",
          "expected_expiration_time": "2026-09-10T12:05:00Z",
          "latest_expiration_time": "2026-09-17T12:00:00Z",
          "settlement_timer_seconds": 3600,
          "status": "finalized",
          "result": "no",
          "rules_primary": "If the temperature recorded at Central Park, New York City for Sep 10, 2026 8 AM EDT as reported by The Weather Company (for coordinates KNYC), is above 74.99\u00b0, then the market resolves to Yes.",
          "rules_secondary": "Not all weather data is the same. While checking a source like AccuWeather or Google Weather may help guide your decision, the official and final value used to determine this market is the maximum/minimum temperature as reported by the Weather Company.\n\nReading weather data\nPreliminary Weather Company data may be subject to rounding and conversion differences from the final reported value.\nUse caution when interpreting preliminary Weather Company readings.",
          "floor_strike": 74.99,
          "cap_strike": null,
          "functional_strike": null,
          "custom_strike": null,
          "occurrence_datetime": "2026-09-10T12:05:00Z",
          "is_provisional": null
        },
        {
          "ticker": "KXTEMPNYCH-26SEP1008-T73.99",
          "event_ticker": "KXTEMPNYCH-26SEP1008",
          "series_ticker": null,
          "title": "Will the temp in New York City be above 73.99\u00b0 on Sep 10, 2026 at 8am EDT?",
          "subtitle": "-1\u00b0 or below",
          "yes_sub_title": "74\u00b0 or above",
          "no_sub_title": "74\u00b0 or above",
          "open_time": "2026-09-10T11:00:00Z",
          "close_time": "2026-09-10T12:00:00Z",
          "expected_expiration_time": "2026-09-10T12:05:00Z",
          "latest_expiration_time": "2026-09-17T12:00:00Z",
          "settlement_timer_seconds": 3600,
          "status": "finalized",
          "result": "no",
          "rules_primary": "If the temperature recorded at Central Park, New York City for Sep 10, 2026 8 AM EDT as reported by The Weather Company (for coordinates KNYC), is above 73.99\u00b0, then the market resolves to Yes.",
          "rules_secondary": "Not all weather data is the same. While checking a source like AccuWeather or Google Weather may help guide your decision, the official and final value used to determine this market is the maximum/minimum temperature as reported by the Weather Company.\n\nReading weather data\nPreliminary Weather Company data may be subject to rounding and conversion differences from the final reported value.\nUse caution when interpreting preliminary Weather Company readings.",
          "floor_strike": 73.99,
          "cap_strike": null,
          "functional_strike": null,
          "custom_strike": null,
          "occurrence_datetime": "2026-09-10T12:05:00Z",
          "is_provisional": null
        },
        {
          "ticker": "KXTEMPNYCH-26SEP1008-T72.99",
          "event_ticker": "KXTEMPNYCH-26SEP1008",
          "series_ticker": null,
          "title": "Will the temp in New York City be above 72.99\u00b0 on Sep 10, 2026 at 8am EDT?",
          "subtitle": "-1\u00b0 or below",
          "yes_sub_title": "73\u00b0 or above",
          "no_sub_title": "73\u00b0 or above",
          "open_time": "2026-09-10T11:00:00Z",
          "close_time": "2026-09-10T12:00:00Z",
          "expected_expiration_time": "2026-09-10T12:05:00Z",
          "latest_expiration_time": "2026-09-17T12:00:00Z",
          "settlement_timer_seconds": 3600,
          "status": "finalized",
          "result": "no",
          "rules_primary": "If the temperature recorded at Central Park, New York City for Sep 10, 2026 8 AM EDT as reported by The Weather Company (for coordinates KNYC), is above 72.99\u00b0, then the market resolves to Yes.",
          "rules_secondary": "Not all weather data is the same. While checking a source like AccuWeather or Google Weather may help guide your decision, the official and final value used to determine this market is the maximum/minimum temperature as reported by the Weather Company.\n\nReading weather data\nPreliminary Weather Company data may be subject to rounding and conversion differences from the final reported value.\nUse caution when interpreting preliminary Weather Company readings.",
          "floor_strike": 72.99,
          "cap_strike": null,
          "functional_strike": null,
          "custom_strike": null,
          "occurrence_datetime": "2026-09-10T12:05:00Z",
          "is_provisional": null
        },
        {
          "ticker": "KXTEMPNYCH-26SEP1008-T71.99",
          "event_ticker": "KXTEMPNYCH-26SEP1008",
          "series_ticker": null,
          "title": "Will the temp in New York City be above 71.99\u00b0 on Sep 10, 2026 at 8am EDT?",
          "subtitle": "-1\u00b0 or below",
          "yes_sub_title": "72\u00b0 or above",
          "no_sub_title": "72\u00b0 or above",
          "open_time": "2026-09-10T11:00:00Z",
          "close_time": "2026-09-10T12:00:00Z",
          "expected_expiration_time": "2026-09-10T12:05:00Z",
          "latest_expiration_time": "2026-09-17T12:00:00Z",
          "settlement_timer_seconds": 3600,
          "status": "finalized",
          "result": "yes",
          "rules_primary": "If the temperature recorded at Central Park, New York City for Sep 10, 2026 8 AM EDT as reported by The Weather Company (for coordinates KNYC), is above 71.99\u00b0, then the market resolves to Yes.",
          "rules_secondary": "Not all weather data is the same. While checking a source like AccuWeather or Google Weather may help guide your decision, the official and final value used to determine this market is the maximum/minimum temperature as reported by the Weather Company.\n\nReading weather data\nPreliminary Weather Company data may be subject to rounding and conversion differences from the final reported value.\nUse caution when interpreting preliminary Weather Company readings.",
          "floor_strike": 71.99,
          "cap_strike": null,
          "functional_strike": null,
          "custom_strike": null,
          "occurrence_datetime": "2026-09-10T12:05:00Z",
          "is_provisional": null
        },
        {
          "ticker": "KXTEMPNYCH-26SEP1008-T70.99",
          "event_ticker": "KXTEMPNYCH-26SEP1008",
          "series_ticker": null,
          "title": "Will the temp in New York City be above 70.99\u00b0 on Sep 10, 2026 at 8am EDT?",
          "subtitle": "-1\u00b0 or below",
          "yes_sub_title": "71\u00b0 or above",
          "no_sub_title": "71\u00b0 or above",
          "open_time": "2026-09-10T11:00:00Z",
          "close_time": "2026-09-10T12:00:00Z",
          "expected_expiration_time": "2026-09-10T12:05:00Z",
          "latest_expiration_time": "2026-09-17T12:00:00Z",
          "settlement_timer_seconds": 3600,
          "status": "finalized",
          "result": "yes",
          "rules_primary": "If the temperature recorded at Central Park, New York City for Sep 10, 2026 8 AM EDT as reported by The Weather Company (for coordinates KNYC), is above 70.99\u00b0, then the market resolves to Yes.",
          "rules_secondary": "Not all weather data is the same. While checking a source like AccuWeather or Google Weather may help guide your decision, the official and final value used to determine this market is the maximum/minimum temperature as reported by the Weather Company.\n\nReading weather data\nPreliminary Weather Company data may be subject to rounding and conversion differences from the final reported value.\nUse caution when interpreting preliminary Weather Company readings.",
          "floor_strike": 70.99,
          "cap_strike": null,
          "functional_strike": null,
          "custom_strike": null,
          "occurrence_datetime": "2026-09-10T12:05:00Z",
          "is_provisional": null
        },
        {
          "ticker": "KXTEMPNYCH-26SEP1008-T69.99",
          "event_ticker": "KXTEMPNYCH-26SEP1008",
          "series_ticker": null,
          "title": "Will the temp in New York City be above 69.99\u00b0 on Sep 10, 2026 at 8am EDT?",
          "subtitle": "-1\u00b0 or below",
          "yes_sub_title": "70\u00b0 or above",
          "no_sub_title": "70\u00b0 or above",
          "open_time": "2026-09-10T11:00:00Z",
          "close_time": "2026-09-10T12:00:00Z",
          "expected_expiration_time": "2026-09-10T12:05:00Z",
          "latest_expiration_time": "2026-09-17T12:00:00Z",
          "settlement_timer_seconds": 3600,
          "status": "finalized",
          "result": "yes",
          "rules_primary": "If the temperature recorded at Central Park, New York City for Sep 10, 2026 8 AM EDT as reported by The Weather Company (for coordinates KNYC), is above 69.99\u00b0, then the market resolves to Yes.",
          "rules_secondary": "Not all weather data is the same. While checking a source like AccuWeather or Google Weather may help guide your decision, the official and final value used to determine this market is the maximum/minimum temperature as reported by the Weather Company.\n\nReading weather data\nPreliminary Weather Company data may be subject to rounding and conversion differences from the final reported value.\nUse caution when interpreting preliminary Weather Company readings.",
          "floor_strike": 69.99,
          "cap_strike": null,
          "functional_strike": null,
          "custom_strike": null,
          "occurrence_datetime": "2026-09-10T12:05:00Z",
          "is_provisional": null
        },
        {
          "ticker": "KXTEMPNYCH-26SEP1008-T68.99",
          "event_ticker": "KXTEMPNYCH-26SEP1008",
          "series_ticker": null,
          "title": "Will the temp in New York City be above 68.99\u00b0 on Sep 10, 2026 at 8am EDT?",
          "subtitle": "-1\u00b0 or below",
          "yes_sub_title": "69\u00b0 or above",
          "no_sub_title": "69\u00b0 or above",
          "open_time": "2026-09-10T11:00:00Z",
          "close_time": "2026-09-10T12:00:00Z",
          "expected_expiration_time": "2026-09-10T12:05:00Z",
          "latest_expiration_time": "2026-09-17T12:00:00Z",
          "settlement_timer_seconds": 3600,
          "status": "finalized",
          "result": "yes",
          "rules_primary": "If the temperature recorded at Central Park, New York City for Sep 10, 2026 8 AM EDT as reported by The Weather Company (for coordinates KNYC), is above 68.99\u00b0, then the market resolves to Yes.",
          "rules_secondary": "Not all weather data is the same. While checking a source like AccuWeather or Google Weather may help guide your decision, the official and final value used to determine this market is the maximum/minimum temperature as reported by the Weather Company.\n\nReading weather data\nPreliminary Weather Company data may be subject to rounding and conversion differences from the final reported value.\nUse caution when interpreting preliminary Weather Company readings.",
          "floor_strike": 68.99,
          "cap_strike": null,
          "functional_strike": null,
          "custom_strike": null,
          "occurrence_datetime": "2026-09-10T12:05:00Z",
          "is_provisional": null
        },
        {
          "ticker": "KXTEMPNYCH-26SEP1008-T67.99",
          "event_ticker": "KXTEMPNYCH-26SEP1008",
          "series_ticker": null,
          "title": "Will the temp in New York City be above 67.99\u00b0 on Sep 10, 2026 at 8am EDT?",
          "subtitle": "-1\u00b0 or below",
          "yes_sub_title": "68\u00b0 or above",
          "no_sub_title": "68\u00b0 or above",
          "open_time": "2026-09-10T11:00:00Z",
          "close_time": "2026-09-10T12:00:00Z",
          "expected_expiration_time": "2026-09-10T12:05:00Z",
          "latest_expiration_time": "2026-09-17T12:00:00Z",
          "settlement_timer_seconds": 3600,
          "status": "finalized",
          "result": "yes",
          "rules_primary": "If the temperature recorded at Central Park, New York City for Sep 10, 2026 8 AM EDT as reported by The Weather Company (for coordinates KNYC), is above 67.99\u00b0, then the market resolves to Yes.",
          "rules_secondary": "Not all weather data is the same. While checking a source like AccuWeather or Google Weather may help guide your decision, the official and final value used to determine this market is the maximum/minimum temperature as reported by the Weather Company.\n\nReading weather data\nPreliminary Weather Company data may be subject to rounding and conversion differences from the final reported value.\nUse caution when interpreting preliminary Weather Company readings.",
          "floor_strike": 67.99,
          "cap_strike": null,
          "functional_strike": null,
          "custom_strike": null,
          "occurrence_datetime": "2026-09-10T12:05:00Z",
          "is_provisional": null
        },
        {
          "ticker": "KXTEMPNYCH-26SEP1008-T66.99",
          "event_ticker": "KXTEMPNYCH-26SEP1008",
          "series_ticker": null,
          "title": "Will the temp in New York City be above 66.99\u00b0 on Sep 10, 2026 at 8am EDT?",
          "subtitle": "-1\u00b0 or below",
          "yes_sub_title": "67\u00b0 or above",
          "no_sub_title": "67\u00b0 or above",
          "open_time": "2026-09-10T11:00:00Z",
          "close_time": "2026-09-10T12:00:00Z",
          "expected_expiration_time": "2026-09-10T12:05:00Z",
          "latest_expiration_time": "2026-09-17T12:00:00Z",
          "settlement_timer_seconds": 3600,
          "status": "finalized",
          "result": "yes",
          "rules_primary": "If the temperature recorded at Central Park, New York City for Sep 10, 2026 8 AM EDT as reported by The Weather Company (for coordinates KNYC), is above 66.99\u00b0, then the market resolves to Yes.",
          "rules_secondary": "Not all weather data is the same. While checking a source like AccuWeather or Google Weather may help guide your decision, the official and final value used to determine this market is the maximum/minimum temperature as reported by the Weather Company.\n\nReading weather data\nPreliminary Weather Company data may be subject to rounding and conversion differences from the final reported value.\nUse caution when interpreting preliminary Weather Company readings.",
          "floor_strike": 66.99,
          "cap_strike": null,
          "functional_strike": null,
          "custom_strike": null,
          "occurrence_datetime": "2026-09-10T12:05:00Z",
          "is_provisional": null
        },
        {
          "ticker": "KXTEMPNYCH-26SEP1008-T65.99",
          "event_ticker": "KXTEMPNYCH-26SEP1008",
          "series_ticker": null,
          "title": "Will the temp in New York City be above 65.99\u00b0 on Sep 10, 2026 at 8am EDT?",
          "subtitle": "-1\u00b0 or below",
          "yes_sub_title": "66\u00b0 or above",
          "no_sub_title": "66\u00b0 or above",
          "open_time": "2026-09-10T11:00:00Z",
          "close_time": "2026-09-10T12:00:00Z",
          "expected_expiration_time": "2026-09-10T12:05:00Z",
          "latest_expiration_time": "2026-09-17T12:00:00Z",
          "settlement_timer_seconds": 3600,
          "status": "finalized",
          "result": "yes",
          "rules_primary": "If the temperature recorded at Central Park, New York City for Sep 10, 2026 8 AM EDT as reported by The Weather Company (for coordinates KNYC), is above 65.99\u00b0, then the market resolves to Yes.",
          "rules_secondary": "Not all weather data is the same. While checking a source like AccuWeather or Google Weather may help guide your decision, the official and final value used to determine this market is the maximum/minimum temperature as reported by the Weather Company.\n\nReading weather data\nPreliminary Weather Company data may be subject to rounding and conversion differences from the final reported value.\nUse caution when interpreting preliminary Weather Company readings.",
          "floor_strike": 65.99,
          "cap_strike": null,
          "functional_strike": null,
          "custom_strike": null,
          "occurrence_datetime": "2026-09-10T12:05:00Z",
          "is_provisional": null
        }
      ],
      "status_counts": {
        "finalized": 1000
      }
    },
    {
      "series_ticker": "KXTEMPCHIH",
      "series_status": 200,
      "series_sha256": "c1df43127778c890977829956ff151bf15f30addded4c9f648437d0e90ed000b",
      "series": {
        "ticker": "KXTEMPCHIH",
        "title": "Hourly Directional Chicago Temperature",
        "category": "Climate and Weather",
        "frequency": "hourly",
        "contract_url": "https://assets.kalshi.com/regulatory/product-certifications/LOCALTEMPERATURE.pdf",
        "contract_terms_url": "https://assets.kalshi.com/contract_terms/LOCALTEMPERATURE.pdf",
        "settlement_sources": [
          {
            "name": "The Weather Company",
            "url": "https://weather.com/kalshi"
          }
        ],
        "tags": [
          "Hourly temperature"
        ],
        "product_metadata": {
          "important_info": {
            "id": "NHIGHD-bulk-2026-06-12",
            "markdown": "**Important information:** Effective Thursday, September 10th for the 11am - 12pm ET market, the resolution source for KXTEMPLAXH, KXTEMPCHIH, and KXTEMPNYCH will transition to Synoptic Data. Until then, these stations will continue to be resolved using the current TWC methodology.",
            "message": "",
            "title": ""
          }
        },
        "additional_prohibitions": [
          "Persons who are employed by any of the Source Agencies are not permitted to trade on the Contract.",
          "Persons who hold any material, non-public information on the Underlying are not permitted to trade on the Contract."
        ]
      },
      "markets_status": 200,
      "markets_sha256": "41310dd55b3b1bbf326bbac244c914e8ec7cc1f05e6a959ae80ff679d1794966",
      "market_count": 1000,
      "markets_preview": [
        {
          "ticker": "KXTEMPCHIH-26SEP1010-T73.99",
          "event_ticker": "KXTEMPCHIH-26SEP1010",
          "series_ticker": null,
          "title": "Will the temp in Chicago be above 73.99\u00b0 on Sep 10, 2026 at 10am EDT?",
          "subtitle": "-1\u00b0 or below",
          "yes_sub_title": "74\u00b0 or above",
          "no_sub_title": "74\u00b0 or above",
          "open_time": "2026-09-10T13:00:00Z",
          "close_time": "2026-09-10T14:00:00Z",
          "expected_expiration_time": "2026-09-10T14:05:00Z",
          "latest_expiration_time": "2026-09-17T14:00:00Z",
          "settlement_timer_seconds": 3600,
          "status": "finalized",
          "result": "no",
          "rules_primary": "If the temperature recorded at Chicago, IL for Sep 10, 2026 10 AM EDT as reported by The Weather Company (for coordinates KORD), is above 73.99\u00b0, then the market resolves to Yes.",
          "rules_secondary": "Not all weather data is the same. While checking a source like AccuWeather or Google Weather may help guide your decision, the official and final value used to determine this market is the maximum/minimum temperature as reported by the Weather Company.\n\nReading weather data\nPreliminary Weather Company data may be subject to rounding and conversion differences from the final reported value.\nUse caution when interpreting preliminary Weather Company readings.",
          "floor_strike": 73.99,
          "cap_strike": null,
          "functional_strike": null,
          "custom_strike": null,
          "occurrence_datetime": "2026-09-10T14:05:00Z",
          "is_provisional": null
        },
        {
          "ticker": "KXTEMPCHIH-26SEP1010-T72.99",
          "event_ticker": "KXTEMPCHIH-26SEP1010",
          "series_ticker": null,
          "title": "Will the temp in Chicago be above 72.99\u00b0 on Sep 10, 2026 at 10am EDT?",
          "subtitle": "-1\u00b0 or below",
          "yes_sub_title": "73\u00b0 or above",
          "no_sub_title": "73\u00b0 or above",
          "open_time": "2026-09-10T13:00:00Z",
          "close_time": "2026-09-10T14:00:00Z",
          "expected_expiration_time": "2026-09-10T14:05:00Z",
          "latest_expiration_time": "2026-09-17T14:00:00Z",
          "settlement_timer_seconds": 3600,
          "status": "finalized",
          "result": "no",
          "rules_primary": "If the temperature recorded at Chicago, IL for Sep 10, 2026 10 AM EDT as reported by The Weather Company (for coordinates KORD), is above 72.99\u00b0, then the market resolves to Yes.",
          "rules_secondary": "Not all weather data is the same. While checking a source like AccuWeather or Google Weather may help guide your decision, the official and final value used to determine this market is the maximum/minimum temperature as reported by the Weather Company.\n\nReading weather data\nPreliminary Weather Company data may be subject to rounding and conversion differences from the final reported value.\nUse caution when interpreting preliminary Weather Company readings.",
          "floor_strike": 72.99,
          "cap_strike": null,
          "functional_strike": null,
          "custom_strike": null,
          "occurrence_datetime": "2026-09-10T14:05:00Z",
          "is_provisional": null
        },
        {
          "ticker": "KXTEMPCHIH-26SEP1010-T71.99",
          "event_ticker": "KXTEMPCHIH-26SEP1010",
          "series_ticker": null,
          "title": "Will the temp in Chicago be above 71.99\u00b0 on Sep 10, 2026 at 10am EDT?",
          "subtitle": "-1\u00b0 or below",
          "yes_sub_title": "72\u00b0 or above",
          "no_sub_title": "72\u00b0 or above",
          "open_time": "2026-09-10T13:00:00Z",
          "close_time": "2026-09-10T14:00:00Z",
          "expected_expiration_time": "2026-09-10T14:05:00Z",
          "latest_expiration_time": "2026-09-17T14:00:00Z",
          "settlement_timer_seconds": 3600,
          "status": "finalized",
          "result": "no",
          "rules_primary": "If the temperature recorded at Chicago, IL for Sep 10, 2026 10 AM EDT as reported by The Weather Company (for coordinates KORD), is above 71.99\u00b0, then the market resolves to Yes.",
          "rules_secondary": "Not all weather data is the same. While checking a source like AccuWeather or Google Weather may help guide your decision, the official and final value used to determine this market is the maximum/minimum temperature as reported by the Weather Company.\n\nReading weather data\nPreliminary Weather Company data may be subject to rounding and conversion differences from the final reported value.\nUse caution when interpreting preliminary Weather Company readings.",
          "floor_strike": 71.99,
          "cap_strike": null,
          "functional_strike": null,
          "custom_strike": null,
          "occurrence_datetime": "2026-09-10T14:05:00Z",
          "is_provisional": null
        },
        {
          "ticker": "KXTEMPCHIH-26SEP1010-T70.99",
          "event_ticker": "KXTEMPCHIH-26SEP1010",
          "series_ticker": null,
          "title": "Will the temp in Chicago be above 70.99\u00b0 on Sep 10, 2026 at 10am EDT?",
          "subtitle": "-1\u00b0 or below",
          "yes_sub_title": "71\u00b0 or above",
          "no_sub_title": "71\u00b0 or above",
          "open_time": "2026-09-10T13:00:00Z",
          "close_time": "2026-09-10T14:00:00Z",
          "expected_expiration_time": "2026-09-10T14:05:00Z",
          "latest_expiration_time": "2026-09-17T14:00:00Z",
          "settlement_timer_seconds": 3600,
          "status": "finalized",
          "result": "no",
          "rules_primary": "If the temperature recorded at Chicago, IL for Sep 10, 2026 10 AM EDT as reported by The Weather Company (for coordinates KORD), is above 70.99\u00b0, then the market resolves to Yes.",
          "rules_secondary": "Not all weather data is the same. While checking a source like AccuWeather or Google Weather may help guide your decision, the official and final value used to determine this market is the maximum/minimum temperature as reported by the Weather Company.\n\nReading weather data\nPreliminary Weather Company data may be subject to rounding and conversion differences from the final reported value.\nUse caution when interpreting preliminary Weather Company readings.",
          "floor_strike": 70.99,
          "cap_strike": null,
          "functional_strike": null,
          "custom_strike": null,
          "occurrence_datetime": "2026-09-10T14:05:00Z",
          "is_provisional": null
        },
        {
          "ticker": "KXTEMPCHIH-26SEP1010-T69.99",
          "event_ticker": "KXTEMPCHIH-26SEP1010",
          "series_ticker": null,
          "title": "Will the temp in Chicago be above 69.99\u00b0 on Sep 10, 2026 at 10am EDT?",
          "subtitle": "-1\u00b0 or below",
          "yes_sub_title": "70\u00b0 or above",
          "no_sub_title": "70\u00b0 or above",
          "open_time": "2026-09-10T13:00:00Z",
          "close_time": "2026-09-10T14:00:00Z",
          "expected_expiration_time": "2026-09-10T14:05:00Z",
          "latest_expiration_time": "2026-09-17T14:00:00Z",
          "settlement_timer_seconds": 3600,
          "status": "finalized",
          "result": "yes",
          "rules_primary": "If the temperature recorded at Chicago, IL for Sep 10, 2026 10 AM EDT as reported by The Weather Company (for coordinates KORD), is above 69.99\u00b0, then the market resolves to Yes.",
          "rules_secondary": "Not all weather data is the same. While checking a source like AccuWeather or Google Weather may help guide your decision, the official and final value used to determine this market is the maximum/minimum temperature as reported by the Weather Company.\n\nReading weather data\nPreliminary Weather Company data may be subject to rounding and conversion differences from the final reported value.\nUse caution when interpreting preliminary Weather Company readings.",
          "floor_strike": 69.99,
          "cap_strike": null,
          "functional_strike": null,
          "custom_strike": null,
          "occurrence_datetime": "2026-09-10T14:05:00Z",
          "is_provisional": null
        },
        {
          "ticker": "KXTEMPCHIH-26SEP1010-T68.99",
          "event_ticker": "KXTEMPCHIH-26SEP1010",
          "series_ticker": null,
          "title": "Will the temp in Chicago be above 68.99\u00b0 on Sep 10, 2026 at 10am EDT?",
          "subtitle": "-1\u00b0 or below",
          "yes_sub_title": "69\u00b0 or above",
          "no_sub_title": "69\u00b0 or above",
          "open_time": "2026-09-10T13:00:00Z",
          "close_time": "2026-09-10T14:00:00Z",
          "expected_expiration_time": "2026-09-10T14:05:00Z",
          "latest_expiration_time": "2026-09-17T14:00:00Z",
          "settlement_timer_seconds": 3600,
          "status": "finalized",
          "result": "yes",
          "rules_primary": "If the temperature recorded at Chicago, IL for Sep 10, 2026 10 AM EDT as reported by The Weather Company (for coordinates KORD), is above 68.99\u00b0, then the market resolves to Yes.",
          "rules_secondary": "Not all weather data is the same. While checking a source like AccuWeather or Google Weather may help guide your decision, the official and final value used to determine this market is the maximum/minimum temperature as reported by the Weather Company.\n\nReading weather data\nPreliminary Weather Company data may be subject to rounding and conversion differences from the final reported value.\nUse caution when interpreting preliminary Weather Company readings.",
          "floor_strike": 68.99,
          "cap_strike": null,
          "functional_strike": null,
          "custom_strike": null,
          "occurrence_datetime": "2026-09-10T14:05:00Z",
          "is_provisional": null
        },
        {
          "ticker": "KXTEMPCHIH-26SEP1010-T67.99",
          "event_ticker": "KXTEMPCHIH-26SEP1010",
          "series_ticker": null,
          "title": "Will the temp in Chicago be above 67.99\u00b0 on Sep 10, 2026 at 10am EDT?",
          "subtitle": "-1\u00b0 or below",
          "yes_sub_title": "68\u00b0 or above",
          "no_sub_title": "68\u00b0 or above",
          "open_time": "2026-09-10T13:00:00Z",
          "close_time": "2026-09-10T14:00:00Z",
          "expected_expiration_time": "2026-09-10T14:05:00Z",
          "latest_expiration_time": "2026-09-17T14:00:00Z",
          "settlement_timer_seconds": 3600,
          "status": "finalized",
          "result": "yes",
          "rules_primary": "If the temperature recorded at Chicago, IL for Sep 10, 2026 10 AM EDT as reported by The Weather Company (for coordinates KORD), is above 67.99\u00b0, then the market resolves to Yes.",
          "rules_secondary": "Not all weather data is the same. While checking a source like AccuWeather or Google Weather may help guide your decision, the official and final value used to determine this market is the maximum/minimum temperature as reported by the Weather Company.\n\nReading weather data\nPreliminary Weather Company data may be subject to rounding and conversion differences from the final reported value.\nUse caution when interpreting preliminary Weather Company readings.",
          "floor_strike": 67.99,
          "cap_strike": null,
          "functional_strike": null,
          "custom_strike": null,
          "occurrence_datetime": "2026-09-10T14:05:00Z",
          "is_provisional": null
        },
        {
          "ticker": "KXTEMPCHIH-26SEP1010-T66.99",
          "event_ticker": "KXTEMPCHIH-26SEP1010",
          "series_ticker": null,
          "title": "Will the temp in Chicago be above 66.99\u00b0 on Sep 10, 2026 at 10am EDT?",
          "subtitle": "-1\u00b0 or below",
          "yes_sub_title": "67\u00b0 or above",
          "no_sub_title": "67\u00b0 or above",
          "open_time": "2026-09-10T13:00:00Z",
          "close_time": "2026-09-10T14:00:00Z",
          "expected_expiration_time": "2026-09-10T14:05:00Z",
          "latest_expiration_time": "2026-09-17T14:00:00Z",
          "settlement_timer_seconds": 3600,
          "status": "finalized",
          "result": "yes",
          "rules_primary": "If the temperature recorded at Chicago, IL for Sep 10, 2026 10 AM EDT as reported by The Weather Company (for coordinates KORD), is above 66.99\u00b0, then the market resolves to Yes.",
          "rules_secondary": "Not all weather data is the same. While checking a source like AccuWeather or Google Weather may help guide your decision, the official and final value used to determine this market is the maximum/minimum temperature as reported by the Weather Company.\n\nReading weather data\nPreliminary Weather Company data may be subject to rounding and conversion differences from the final reported value.\nUse caution when interpreting preliminary Weather Company readings.",
          "floor_strike": 66.99,
          "cap_strike": null,
          "functional_strike": null,
          "custom_strike": null,
          "occurrence_datetime": "2026-09-10T14:05:00Z",
          "is_provisional": null
        },
        {
          "ticker": "KXTEMPCHIH-26SEP1010-T65.99",
          "event_ticker": "KXTEMPCHIH-26SEP1010",
          "series_ticker": null,
          "title": "Will the temp in Chicago be above 65.99\u00b0 on Sep 10, 2026 at 10am EDT?",
          "subtitle": "-1\u00b0 or below",
          "yes_sub_title": "66\u00b0 or above",
          "no_sub_title": "66\u00b0 or above",
          "open_time": "2026-09-10T13:00:00Z",
          "close_time": "2026-09-10T14:00:00Z",
          "expected_expiration_time": "2026-09-10T14:05:00Z",
          "latest_expiration_time": "2026-09-17T14:00:00Z",
          "settlement_timer_seconds": 3600,
          "status": "finalized",
          "result": "yes",
          "rules_primary": "If the temperature recorded at Chicago, IL for Sep 10, 2026 10 AM EDT as reported by The Weather Company (for coordinates KORD), is above 65.99\u00b0, then the market resolves to Yes.",
          "rules_secondary": "Not all weather data is the same. While checking a source like AccuWeather or Google Weather may help guide your decision, the official and final value used to determine this market is the maximum/minimum temperature as reported by the Weather Company.\n\nReading weather data\nPreliminary Weather Company data may be subject to rounding and conversion differences from the final reported value.\nUse caution when interpreting preliminary Weather Company readings.",
          "floor_strike": 65.99,
          "cap_strike": null,
          "functional_strike": null,
          "custom_strike": null,
          "occurrence_datetime": "2026-09-10T14:05:00Z",
          "is_provisional": null
        },
        {
          "ticker": "KXTEMPCHIH-26SEP1010-T64.99",
          "event_ticker": "KXTEMPCHIH-26SEP1010",
          "series_ticker": null,
          "title": "Will the temp in Chicago be above 64.99\u00b0 on Sep 10, 2026 at 10am EDT?",
          "subtitle": "-1\u00b0 or below",
          "yes_sub_title": "65\u00b0 or above",
          "no_sub_title": "65\u00b0 or above",
          "open_time": "2026-09-10T13:00:00Z",
          "close_time": "2026-09-10T14:00:00Z",
          "expected_expiration_time": "2026-09-10T14:05:00Z",
          "latest_expiration_time": "2026-09-17T14:00:00Z",
          "settlement_timer_seconds": 3600,
          "status": "finalized",
          "result": "yes",
          "rules_primary": "If the temperature recorded at Chicago, IL for Sep 10, 2026 10 AM EDT as reported by The Weather Company (for coordinates KORD), is above 64.99\u00b0, then the market resolves to Yes.",
          "rules_secondary": "Not all weather data is the same. While checking a source like AccuWeather or Google Weather may help guide your decision, the official and final value used to determine this market is the maximum/minimum temperature as reported by the Weather Company.\n\nReading weather data\nPreliminary Weather Company data may be subject to rounding and conversion differences from the final reported value.\nUse caution when interpreting preliminary Weather Company readings.",
          "floor_strike": 64.99,
          "cap_strike": null,
          "functional_strike": null,
          "custom_strike": null,
          "occurrence_datetime": "2026-09-10T14:05:00Z",
          "is_provisional": null
        },
        {
          "ticker": "KXTEMPCHIH-26SEP1009-T71.99",
          "event_ticker": "KXTEMPCHIH-26SEP1009",
          "series_ticker": null,
          "title": "Will the temp in Chicago be above 71.99\u00b0 on Sep 10, 2026 at 9am EDT?",
          "subtitle": "-1\u00b0 or below",
          "yes_sub_title": "72\u00b0 or above",
          "no_sub_title": "72\u00b0 or above",
          "open_time": "2026-09-10T12:00:00Z",
          "close_time": "2026-09-10T13:00:00Z",
          "expected_expiration_time": "2026-09-10T13:05:00Z",
          "latest_expiration_time": "2026-09-17T13:00:00Z",
          "settlement_timer_seconds": 3600,
          "status": "finalized",
          "result": "no",
          "rules_primary": "If the temperature recorded at Chicago, IL for Sep 10, 2026 9 AM EDT as reported by The Weather Company (for coordinates KORD), is above 71.99\u00b0, then the market resolves to Yes.",
          "rules_secondary": "Not all weather data is the same. While checking a source like AccuWeather or Google Weather may help guide your decision, the official and final value used to determine this market is the maximum/minimum temperature as reported by the Weather Company.\n\nReading weather data\nPreliminary Weather Company data may be subject to rounding and conversion differences from the final reported value.\nUse caution when interpreting preliminary Weather Company readings.",
          "floor_strike": 71.99,
          "cap_strike": null,
          "functional_strike": null,
          "custom_strike": null,
          "occurrence_datetime": "2026-09-10T13:05:00Z",
          "is_provisional": null
        },
        {
          "ticker": "KXTEMPCHIH-26SEP1009-T70.99",
          "event_ticker": "KXTEMPCHIH-26SEP1009",
          "series_ticker": null,
          "title": "Will the temp in Chicago be above 70.99\u00b0 on Sep 10, 2026 at 9am EDT?",
          "subtitle": "-1\u00b0 or below",
          "yes_sub_title": "71\u00b0 or above",
          "no_sub_title": "71\u00b0 or above",
          "open_time": "2026-09-10T12:00:00Z",
          "close_time": "2026-09-10T13:00:00Z",
          "expected_expiration_time": "2026-09-10T13:05:00Z",
          "latest_expiration_time": "2026-09-17T13:00:00Z",
          "settlement_timer_seconds": 3600,
          "status": "finalized",
          "result": "no",
          "rules_primary": "If the temperature recorded at Chicago, IL for Sep 10, 2026 9 AM EDT as reported by The Weather Company (for coordinates KORD), is above 70.99\u00b0, then the market resolves to Yes.",
          "rules_secondary": "Not all weather data is the same. While checking a source like AccuWeather or Google Weather may help guide your decision, the official and final value used to determine this market is the maximum/minimum temperature as reported by the Weather Company.\n\nReading weather data\nPreliminary Weather Company data may be subject to rounding and conversion differences from the final reported value.\nUse caution when interpreting preliminary Weather Company readings.",
          "floor_strike": 70.99,
          "cap_strike": null,
          "functional_strike": null,
          "custom_strike": null,
          "occurrence_datetime": "2026-09-10T13:05:00Z",
          "is_provisional": null
        },
        {
          "ticker": "KXTEMPCHIH-26SEP1009-T69.99",
          "event_ticker": "KXTEMPCHIH-26SEP1009",
          "series_ticker": null,
          "title": "Will the temp in Chicago be above 69.99\u00b0 on Sep 10, 2026 at 9am EDT?",
          "subtitle": "-1\u00b0 or below",
          "yes_sub_title": "70\u00b0 or above",
          "no_sub_title": "70\u00b0 or above",
          "open_time": "2026-09-10T12:00:00Z",
          "close_time": "2026-09-10T13:00:00Z",
          "expected_expiration_time": "2026-09-10T13:05:00Z",
          "latest_expiration_time": "2026-09-17T13:00:00Z",
          "settlement_timer_seconds": 3600,
          "status": "finalized",
          "result": "no",
          "rules_primary": "If the temperature recorded at Chicago, IL for Sep 10, 2026 9 AM EDT as reported by The Weather Company (for coordinates KORD), is above 69.99\u00b0, then the market resolves to Yes.",
          "rules_secondary": "Not all weather data is the same. While checking a source like AccuWeather or Google Weather may help guide your decision, the official and final value used to determine this market is the maximum/minimum temperature as reported by the Weather Company.\n\nReading weather data\nPreliminary Weather Company data may be subject to rounding and conversion differences from the final reported value.\nUse caution when interpreting preliminary Weather Company readings.",
          "floor_strike": 69.99,
          "cap_strike": null,
          "functional_strike": null,
          "custom_strike": null,
          "occurrence_datetime": "2026-09-10T13:05:00Z",
          "is_provisional": null
        },
        {
          "ticker": "KXTEMPCHIH-26SEP1009-T68.99",
          "event_ticker": "KXTEMPCHIH-26SEP1009",
          "series_ticker": null,
          "title": "Will the temp in Chicago be above 68.99\u00b0 on Sep 10, 2026 at 9am EDT?",
          "subtitle": "-1\u00b0 or below",
          "yes_sub_title": "69\u00b0 or above",
          "no_sub_title": "69\u00b0 or above",
          "open_time": "2026-09-10T12:00:00Z",
          "close_time": "2026-09-10T13:00:00Z",
          "expected_expiration_time": "2026-09-10T13:05:00Z",
          "latest_expiration_time": "2026-09-17T13:00:00Z",
          "settlement_timer_seconds": 3600,
          "status": "finalized",
          "result": "no",
          "rules_primary": "If the temperature recorded at Chicago, IL for Sep 10, 2026 9 AM EDT as reported by The Weather Company (for coordinates KORD), is above 68.99\u00b0, then the market resolves to Yes.",
          "rules_secondary": "Not all weather data is the same. While checking a source like AccuWeather or Google Weather may help guide your decision, the official and final value used to determine this market is the maximum/minimum temperature as reported by the Weather Company.\n\nReading weather data\nPreliminary Weather Company data may be subject to rounding and conversion differences from the final reported value.\nUse caution when interpreting preliminary Weather Company readings.",
          "floor_strike": 68.99,
          "cap_strike": null,
          "functional_strike": null,
          "custom_strike": null,
          "occurrence_datetime": "2026-09-10T13:05:00Z",
          "is_provisional": null
        },
        {
          "ticker": "KXTEMPCHIH-26SEP1009-T67.99",
          "event_ticker": "KXTEMPCHIH-26SEP1009",
          "series_ticker": null,
          "title": "Will the temp in Chicago be above 67.99\u00b0 on Sep 10, 2026 at 9am EDT?",
          "subtitle": "-1\u00b0 or below",
          "yes_sub_title": "68\u00b0 or above",
          "no_sub_title": "68\u00b0 or above",
          "open_time": "2026-09-10T12:00:00Z",
          "close_time": "2026-09-10T13:00:00Z",
          "expected_expiration_time": "2026-09-10T13:05:00Z",
          "latest_expiration_time": "2026-09-17T13:00:00Z",
          "settlement_timer_seconds": 3600,
          "status": "finalized",
          "result": "no",
          "rules_primary": "If the temperature recorded at Chicago, IL for Sep 10, 2026 9 AM EDT as reported by The Weather Company (for coordinates KORD), is above 67.99\u00b0, then the market resolves to Yes.",
          "rules_secondary": "Not all weather data is the same. While checking a source like AccuWeather or Google Weather may help guide your decision, the official and final value used to determine this market is the maximum/minimum temperature as reported by the Weather Company.\n\nReading weather data\nPreliminary Weather Company data may be subject to rounding and conversion differences from the final reported value.\nUse caution when interpreting preliminary Weather Company readings.",
          "floor_strike": 67.99,
          "cap_strike": null,
          "functional_strike": null,
          "custom_strike": null,
          "occurrence_datetime": "2026-09-10T13:05:00Z",
          "is_provisional": null
        },
        {
          "ticker": "KXTEMPCHIH-26SEP1009-T66.99",
          "event_ticker": "KXTEMPCHIH-26SEP1009",
          "series_ticker": null,
          "title": "Will the temp in Chicago be above 66.99\u00b0 on Sep 10, 2026 at 9am EDT?",
          "subtitle": "-1\u00b0 or below",
          "yes_sub_title": "67\u00b0 or above",
          "no_sub_title": "67\u00b0 or above",
          "open_time": "2026-09-10T12:00:00Z",
          "close_time": "2026-09-10T13:00:00Z",
          "expected_expiration_time": "2026-09-10T13:05:00Z",
          "latest_expiration_time": "2026-09-17T13:00:00Z",
          "settlement_timer_seconds": 3600,
          "status": "finalized",
          "result": "yes",
          "rules_primary": "If the temperature recorded at Chicago, IL for Sep 10, 2026 9 AM EDT as reported by The Weather Company (for coordinates KORD), is above 66.99\u00b0, then the market resolves to Yes.",
          "rules_secondary": "Not all weather data is the same. While checking a source like AccuWeather or Google Weather may help guide your decision, the official and final value used to determine this market is the maximum/minimum temperature as reported by the Weather Company.\n\nReading weather data\nPreliminary Weather Company data may be subject to rounding and conversion differences from the final reported value.\nUse caution when interpreting preliminary Weather Company readings.",
          "floor_strike": 66.99,
          "cap_strike": null,
          "functional_strike": null,
          "custom_strike": null,
          "occurrence_datetime": "2026-09-10T13:05:00Z",
          "is_provisional": null
        },
        {
          "ticker": "KXTEMPCHIH-26SEP1009-T65.99",
          "event_ticker": "KXTEMPCHIH-26SEP1009",
          "series_ticker": null,
          "title": "Will the temp in Chicago be above 65.99\u00b0 on Sep 10, 2026 at 9am EDT?",
          "subtitle": "-1\u00b0 or below",
          "yes_sub_title": "66\u00b0 or above",
          "no_sub_title": "66\u00b0 or above",
          "open_time": "2026-09-10T12:00:00Z",
          "close_time": "2026-09-10T13:00:00Z",
          "expected_expiration_time": "2026-09-10T13:05:00Z",
          "latest_expiration_time": "2026-09-17T13:00:00Z",
          "settlement_timer_seconds": 3600,
          "status": "finalized",
          "result": "yes",
          "rules_primary": "If the temperature recorded at Chicago, IL for Sep 10, 2026 9 AM EDT as reported by The Weather Company (for coordinates KORD), is above 65.99\u00b0, then the market resolves to Yes.",
          "rules_secondary": "Not all weather data is the same. While checking a source like AccuWeather or Google Weather may help guide your decision, the official and final value used to determine this market is the maximum/minimum temperature as reported by the Weather Company.\n\nReading weather data\nPreliminary Weather Company data may be subject to rounding and conversion differences from the final reported value.\nUse caution when interpreting preliminary Weather Company readings.",
          "floor_strike": 65.99,
          "cap_strike": null,
          "functional_strike": null,
          "custom_strike": null,
          "occurrence_datetime": "2026-09-10T13:05:00Z",
          "is_provisional": null
        },
        {
          "ticker": "KXTEMPCHIH-26SEP1009-T64.99",
          "event_ticker": "KXTEMPCHIH-26SEP1009",
          "series_ticker": null,
          "title": "Will the temp in Chicago be above 64.99\u00b0 on Sep 10, 2026 at 9am EDT?",
          "subtitle": "-1\u00b0 or below",
          "yes_sub_title": "65\u00b0 or above",
          "no_sub_title": "65\u00b0 or above",
          "open_time": "2026-09-10T12:00:00Z",
          "close_time": "2026-09-10T13:00:00Z",
          "expected_expiration_time": "2026-09-10T13:05:00Z",
          "latest_expiration_time": "2026-09-17T13:00:00Z",
          "settlement_timer_seconds": 3600,
          "status": "finalized",
          "result": "yes",
          "rules_primary": "If the temperature recorded at Chicago, IL for Sep 10, 2026 9 AM EDT as reported by The Weather Company (for coordinates KORD), is above 64.99\u00b0, then the market resolves to Yes.",
          "rules_secondary": "Not all weather data is the same. While checking a source like AccuWeather or Google Weather may help guide your decision, the official and final value used to determine this market is the maximum/minimum temperature as reported by the Weather Company.\n\nReading weather data\nPreliminary Weather Company data may be subject to rounding and conversion differences from the final reported value.\nUse caution when interpreting preliminary Weather Company readings.",
          "floor_strike": 64.99,
          "cap_strike": null,
          "functional_strike": null,
          "custom_strike": null,
          "occurrence_datetime": "2026-09-10T13:05:00Z",
          "is_provisional": null
        },
        {
          "ticker": "KXTEMPCHIH-26SEP1009-T63.99",
          "event_ticker": "KXTEMPCHIH-26SEP1009",
          "series_ticker": null,
          "title": "Will the temp in Chicago be above 63.99\u00b0 on Sep 10, 2026 at 9am EDT?",
          "subtitle": "-1\u00b0 or below",
          "yes_sub_title": "64\u00b0 or above",
          "no_sub_title": "64\u00b0 or above",
          "open_time": "2026-09-10T12:00:00Z",
          "close_time": "2026-09-10T13:00:00Z",
          "expected_expiration_time": "2026-09-10T13:05:00Z",
          "latest_expiration_time": "2026-09-17T13:00:00Z",
          "settlement_timer_seconds": 3600,
          "status": "finalized",
          "result": "yes",
          "rules_primary": "If the temperature recorded at Chicago, IL for Sep 10, 2026 9 AM EDT as reported by The Weather Company (for coordinates KORD), is above 63.99\u00b0, then the market resolves to Yes.",
          "rules_secondary": "Not all weather data is the same. While checking a source like AccuWeather or Google Weather may help guide your decision, the official and final value used to determine this market is the maximum/minimum temperature as reported by the Weather Company.\n\nReading weather data\nPreliminary Weather Company data may be subject to rounding and conversion differences from the final reported value.\nUse caution when interpreting preliminary Weather Company readings.",
          "floor_strike": 63.99,
          "cap_strike": null,
          "functional_strike": null,
          "custom_strike": null,
          "occurrence_datetime": "2026-09-10T13:05:00Z",
          "is_provisional": null
        },
        {
          "ticker": "KXTEMPCHIH-26SEP1009-T62.99",
          "event_ticker": "KXTEMPCHIH-26SEP1009",
          "series_ticker": null,
          "title": "Will the temp in Chicago be above 62.99\u00b0 on Sep 10, 2026 at 9am EDT?",
          "subtitle": "-1\u00b0 or below",
          "yes_sub_title": "63\u00b0 or above",
          "no_sub_title": "63\u00b0 or above",
          "open_time": "2026-09-10T12:00:00Z",
          "close_time": "2026-09-10T13:00:00Z",
          "expected_expiration_time": "2026-09-10T13:05:00Z",
          "latest_expiration_time": "2026-09-17T13:00:00Z",
          "settlement_timer_seconds": 3600,
          "status": "finalized",
          "result": "yes",
          "rules_primary": "If the temperature recorded at Chicago, IL for Sep 10, 2026 9 AM EDT as reported by The Weather Company (for coordinates KORD), is above 62.99\u00b0, then the market resolves to Yes.",
          "rules_secondary": "Not all weather data is the same. While checking a source like AccuWeather or Google Weather may help guide your decision, the official and final value used to determine this market is the maximum/minimum temperature as reported by the Weather Company.\n\nReading weather data\nPreliminary Weather Company data may be subject to rounding and conversion differences from the final reported value.\nUse caution when interpreting preliminary Weather Company readings.",
          "floor_strike": 62.99,
          "cap_strike": null,
          "functional_strike": null,
          "custom_strike": null,
          "occurrence_datetime": "2026-09-10T13:05:00Z",
          "is_provisional": null
        },
        {
          "ticker": "KXTEMPCHIH-26SEP1008-T70.99",
          "event_ticker": "KXTEMPCHIH-26SEP1008",
          "series_ticker": null,
          "title": "Will the temp in Chicago be above 70.99\u00b0 on Sep 10, 2026 at 8am EDT?",
          "subtitle": "-1\u00b0 or below",
          "yes_sub_title": "71\u00b0 or above",
          "no_sub_title": "71\u00b0 or above",
          "open_time": "2026-09-10T11:00:00Z",
          "close_time": "2026-09-10T12:00:00Z",
          "expected_expiration_time": "2026-09-10T12:05:00Z",
          "latest_expiration_time": "2026-09-17T12:00:00Z",
          "settlement_timer_seconds": 3600,
          "status": "finalized",
          "result": "no",
          "rules_primary": "If the temperature recorded at Chicago, IL for Sep 10, 2026 8 AM EDT as reported by The Weather Company (for coordinates KORD), is above 70.99\u00b0, then the market resolves to Yes.",
          "rules_secondary": "Not all weather data is the same. While checking a source like AccuWeather or Google Weather may help guide your decision, the official and final value used to determine this market is the maximum/minimum temperature as reported by the Weather Company.\n\nReading weather data\nPreliminary Weather Company data may be subject to rounding and conversion differences from the final reported value.\nUse caution when interpreting preliminary Weather Company readings.",
          "floor_strike": 70.99,
          "cap_strike": null,
          "functional_strike": null,
          "custom_strike": null,
          "occurrence_datetime": "2026-09-10T12:05:00Z",
          "is_provisional": null
        },
        {
          "ticker": "KXTEMPCHIH-26SEP1008-T69.99",
          "event_ticker": "KXTEMPCHIH-26SEP1008",
          "series_ticker": null,
          "title": "Will the temp in Chicago be above 69.99\u00b0 on Sep 10, 2026 at 8am EDT?",
          "subtitle": "-1\u00b0 or below",
          "yes_sub_title": "70\u00b0 or above",
          "no_sub_title": "70\u00b0 or above",
          "open_time": "2026-09-10T11:00:00Z",
          "close_time": "2026-09-10T12:00:00Z",
          "expected_expiration_time": "2026-09-10T12:05:00Z",
          "latest_expiration_time": "2026-09-17T12:00:00Z",
          "settlement_timer_seconds": 3600,
          "status": "finalized",
          "result": "no",
          "rules_primary": "If the temperature recorded at Chicago, IL for Sep 10, 2026 8 AM EDT as reported by The Weather Company (for coordinates KORD), is above 69.99\u00b0, then the market resolves to Yes.",
          "rules_secondary": "Not all weather data is the same. While checking a source like AccuWeather or Google Weather may help guide your decision, the official and final value used to determine this market is the maximum/minimum temperature as reported by the Weather Company.\n\nReading weather data\nPreliminary Weather Company data may be subject to rounding and conversion differences from the final reported value.\nUse caution when interpreting preliminary Weather Company readings.",
          "floor_strike": 69.99,
          "cap_strike": null,
          "functional_strike": null,
          "custom_strike": null,
          "occurrence_datetime": "2026-09-10T12:05:00Z",
          "is_provisional": null
        },
        {
          "ticker": "KXTEMPCHIH-26SEP1008-T68.99",
          "event_ticker": "KXTEMPCHIH-26SEP1008",
          "series_ticker": null,
          "title": "Will the temp in Chicago be above 68.99\u00b0 on Sep 10, 2026 at 8am EDT?",
          "subtitle": "-1\u00b0 or below",
          "yes_sub_title": "69\u00b0 or above",
          "no_sub_title": "69\u00b0 or above",
          "open_time": "2026-09-10T11:00:00Z",
          "close_time": "2026-09-10T12:00:00Z",
          "expected_expiration_time": "2026-09-10T12:05:00Z",
          "latest_expiration_time": "2026-09-17T12:00:00Z",
          "settlement_timer_seconds": 3600,
          "status": "finalized",
          "result": "no",
          "rules_primary": "If the temperature recorded at Chicago, IL for Sep 10, 2026 8 AM EDT as reported by The Weather Company (for coordinates KORD), is above 68.99\u00b0, then the market resolves to Yes.",
          "rules_secondary": "Not all weather data is the same. While checking a source like AccuWeather or Google Weather may help guide your decision, the official and final value used to determine this market is the maximum/minimum temperature as reported by the Weather Company.\n\nReading weather data\nPreliminary Weather Company data may be subject to rounding and conversion differences from the final reported value.\nUse caution when interpreting preliminary Weather Company readings.",
          "floor_strike": 68.99,
          "cap_strike": null,
          "functional_strike": null,
          "custom_strike": null,
          "occurrence_datetime": "2026-09-10T12:05:00Z",
          "is_provisional": null
        },
        {
          "ticker": "KXTEMPCHIH-26SEP1008-T67.99",
          "event_ticker": "KXTEMPCHIH-26SEP1008",
          "series_ticker": null,
          "title": "Will the temp in Chicago be above 67.99\u00b0 on Sep 10, 2026 at 8am EDT?",
          "subtitle": "-1\u00b0 or below",
          "yes_sub_title": "68\u00b0 or above",
          "no_sub_title": "68\u00b0 or above",
          "open_time": "2026-09-10T11:00:00Z",
          "close_time": "2026-09-10T12:00:00Z",
          "expected_expiration_time": "2026-09-10T12:05:00Z",
          "latest_expiration_time": "2026-09-17T12:00:00Z",
          "settlement_timer_seconds": 3600,
          "status": "finalized",
          "result": "yes",
          "rules_primary": "If the temperature recorded at Chicago, IL for Sep 10, 2026 8 AM EDT as reported by The Weather Company (for coordinates KORD), is above 67.99\u00b0, then the market resolves to Yes.",
          "rules_secondary": "Not all weather data is the same. While checking a source like AccuWeather or Google Weather may help guide your decision, the official and final value used to determine this market is the maximum/minimum temperature as reported by the Weather Company.\n\nReading weather data\nPreliminary Weather Company data may be subject to rounding and conversion differences from the final reported value.\nUse caution when interpreting preliminary Weather Company readings.",
          "floor_strike": 67.99,
          "cap_strike": null,
          "functional_strike": null,
          "custom_strike": null,
          "occurrence_datetime": "2026-09-10T12:05:00Z",
          "is_provisional": null
        },
        {
          "ticker": "KXTEMPCHIH-26SEP1008-T66.99",
          "event_ticker": "KXTEMPCHIH-26SEP1008",
          "series_ticker": null,
          "title": "Will the temp in Chicago be above 66.99\u00b0 on Sep 10, 2026 at 8am EDT?",
          "subtitle": "-1\u00b0 or below",
          "yes_sub_title": "67\u00b0 or above",
          "no_sub_title": "67\u00b0 or above",
          "open_time": "2026-09-10T11:00:00Z",
          "close_time": "2026-09-10T12:00:00Z",
          "expected_expiration_time": "2026-09-10T12:05:00Z",
          "latest_expiration_time": "2026-09-17T12:00:00Z",
          "settlement_timer_seconds": 3600,
          "status": "finalized",
          "result": "yes",
          "rules_primary": "If the temperature recorded at Chicago, IL for Sep 10, 2026 8 AM EDT as reported by The Weather Company (for coordinates KORD), is above 66.99\u00b0, then the market resolves to Yes.",
          "rules_secondary": "Not all weather data is the same. While checking a source like AccuWeather or Google Weather may help guide your decision, the official and final value used to determine this market is the maximum/minimum temperature as reported by the Weather Company.\n\nReading weather data\nPreliminary Weather Company data may be subject to rounding and conversion differences from the final reported value.\nUse caution when interpreting preliminary Weather Company readings.",
          "floor_strike": 66.99,
          "cap_strike": null,
          "functional_strike": null,
          "custom_strike": null,
          "occurrence_datetime": "2026-09-10T12:05:00Z",
          "is_provisional": null
        },
        {
          "ticker": "KXTEMPCHIH-26SEP1008-T65.99",
          "event_ticker": "KXTEMPCHIH-26SEP1008",
          "series_ticker": null,
          "title": "Will the temp in Chicago be above 65.99\u00b0 on Sep 10, 2026 at 8am EDT?",
          "subtitle": "-1\u00b0 or below",
          "yes_sub_title": "66\u00b0 or above",
          "no_sub_title": "66\u00b0 or above",
          "open_time": "2026-09-10T11:00:00Z",
          "close_time": "2026-09-10T12:00:00Z",
          "expected_expiration_time": "2026-09-10T12:05:00Z",
          "latest_expiration_time": "2026-09-17T12:00:00Z",
          "settlement_timer_seconds": 3600,
          "status": "finalized",
          "result": "yes",
          "rules_primary": "If the temperature recorded at Chicago, IL for Sep 10, 2026 8 AM EDT as reported by The Weather Company (for coordinates KORD), is above 65.99\u00b0, then the market resolves to Yes.",
          "rules_secondary": "Not all weather data is the same. While checking a source like AccuWeather or Google Weather may help guide your decision, the official and final value used to determine this market is the maximum/minimum temperature as reported by the Weather Company.\n\nReading weather data\nPreliminary Weather Company data may be subject to rounding and conversion differences from the final reported value.\nUse caution when interpreting preliminary Weather Company readings.",
          "floor_strike": 65.99,
          "cap_strike": null,
          "functional_strike": null,
          "custom_strike": null,
          "occurrence_datetime": "2026-09-10T12:05:00Z",
          "is_provisional": null
        },
        {
          "ticker": "KXTEMPCHIH-26SEP1008-T64.99",
          "event_ticker": "KXTEMPCHIH-26SEP1008",
          "series_ticker": null,
          "title": "Will the temp in Chicago be above 64.99\u00b0 on Sep 10, 2026 at 8am EDT?",
          "subtitle": "-1\u00b0 or below",
          "yes_sub_title": "65\u00b0 or above",
          "no_sub_title": "65\u00b0 or above",
          "open_time": "2026-09-10T11:00:00Z",
          "close_time": "2026-09-10T12:00:00Z",
          "expected_expiration_time": "2026-09-10T12:05:00Z",
          "latest_expiration_time": "2026-09-17T12:00:00Z",
          "settlement_timer_seconds": 3600,
          "status": "finalized",
          "result": "yes",
          "rules_primary": "If the temperature recorded at Chicago, IL for Sep 10, 2026 8 AM EDT as reported by The Weather Company (for coordinates KORD), is above 64.99\u00b0, then the market resolves to Yes.",
          "rules_secondary": "Not all weather data is the same. While checking a source like AccuWeather or Google Weather may help guide your decision, the official and final value used to determine this market is the maximum/minimum temperature as reported by the Weather Company.\n\nReading weather data\nPreliminary Weather Company data may be subject to rounding and conversion differences from the final reported value.\nUse caution when interpreting preliminary Weather Company readings.",
          "floor_strike": 64.99,
          "cap_strike": null,
          "functional_strike": null,
          "custom_strike": null,
          "occurrence_datetime": "2026-09-10T12:05:00Z",
          "is_provisional": null
        },
        {
          "ticker": "KXTEMPCHIH-26SEP1008-T63.99",
          "event_ticker": "KXTEMPCHIH-26SEP1008",
          "series_ticker": null,
          "title": "Will the temp in Chicago be above 63.99\u00b0 on Sep 10, 2026 at 8am EDT?",
          "subtitle": "-1\u00b0 or below",
          "yes_sub_title": "64\u00b0 or above",
          "no_sub_title": "64\u00b0 or above",
          "open_time": "2026-09-10T11:00:00Z",
          "close_time": "2026-09-10T12:00:00Z",
          "expected_expiration_time": "2026-09-10T12:05:00Z",
          "latest_expiration_time": "2026-09-17T12:00:00Z",
          "settlement_timer_seconds": 3600,
          "status": "finalized",
          "result": "yes",
          "rules_primary": "If the temperature recorded at Chicago, IL for Sep 10, 2026 8 AM EDT as reported by The Weather Company (for coordinates KORD), is above 63.99\u00b0, then the market resolves to Yes.",
          "rules_secondary": "Not all weather data is the same. While checking a source like AccuWeather or Google Weather may help guide your decision, the official and final value used to determine this market is the maximum/minimum temperature as reported by the Weather Company.\n\nReading weather data\nPreliminary Weather Company data may be subject to rounding and conversion differences from the final reported value.\nUse caution when interpreting preliminary Weather Company readings.",
          "floor_strike": 63.99,
          "cap_strike": null,
          "functional_strike": null,
          "custom_strike": null,
          "occurrence_datetime": "2026-09-10T12:05:00Z",
          "is_provisional": null
        },
        {
          "ticker": "KXTEMPCHIH-26SEP1008-T62.99",
          "event_ticker": "KXTEMPCHIH-26SEP1008",
          "series_ticker": null,
          "title": "Will the temp in Chicago be above 62.99\u00b0 on Sep 10, 2026 at 8am EDT?",
          "subtitle": "-1\u00b0 or below",
          "yes_sub_title": "63\u00b0 or above",
          "no_sub_title": "63\u00b0 or above",
          "open_time": "2026-09-10T11:00:00Z",
          "close_time": "2026-09-10T12:00:00Z",
          "expected_expiration_time": "2026-09-10T12:05:00Z",
          "latest_expiration_time": "2026-09-17T12:00:00Z",
          "settlement_timer_seconds": 3600,
          "status": "finalized",
          "result": "yes",
          "rules_primary": "If the temperature recorded at Chicago, IL for Sep 10, 2026 8 AM EDT as reported by The Weather Company (for coordinates KORD), is above 62.99\u00b0, then the market resolves to Yes.",
          "rules_secondary": "Not all weather data is the same. While checking a source like AccuWeather or Google Weather may help guide your decision, the official and final value used to determine this market is the maximum/minimum temperature as reported by the Weather Company.\n\nReading weather data\nPreliminary Weather Company data may be subject to rounding and conversion differences from the final reported value.\nUse caution when interpreting preliminary Weather Company readings.",
          "floor_strike": 62.99,
          "cap_strike": null,
          "functional_strike": null,
          "custom_strike": null,
          "occurrence_datetime": "2026-09-10T12:05:00Z",
          "is_provisional": null
        },
        {
          "ticker": "KXTEMPCHIH-26SEP1008-T61.99",
          "event_ticker": "KXTEMPCHIH-26SEP1008",
          "series_ticker": null,
          "title": "Will the temp in Chicago be above 61.99\u00b0 on Sep 10, 2026 at 8am EDT?",
          "subtitle": "-1\u00b0 or below",
          "yes_sub_title": "62\u00b0 or above",
          "no_sub_title": "62\u00b0 or above",
          "open_time": "2026-09-10T11:00:00Z",
          "close_time": "2026-09-10T12:00:00Z",
          "expected_expiration_time": "2026-09-10T12:05:00Z",
          "latest_expiration_time": "2026-09-17T12:00:00Z",
          "settlement_timer_seconds": 3600,
          "status": "finalized",
          "result": "yes",
          "rules_primary": "If the temperature recorded at Chicago, IL for Sep 10, 2026 8 AM EDT as reported by The Weather Company (for coordinates KORD), is above 61.99\u00b0, then the market resolves to Yes.",
          "rules_secondary": "Not all weather data is the same. While checking a source like AccuWeather or Google Weather may help guide your decision, the official and final value used to determine this market is the maximum/minimum temperature as reported by the Weather Company.\n\nReading weather data\nPreliminary Weather Company data may be subject to rounding and conversion differences from the final reported value.\nUse caution when interpreting preliminary Weather Company readings.",
          "floor_strike": 61.99,
          "cap_strike": null,
          "functional_strike": null,
          "custom_strike": null,
          "occurrence_datetime": "2026-09-10T12:05:00Z",
          "is_provisional": null
        }
      ],
      "status_counts": {
        "finalized": 1000
      }
    },
    {
      "series_ticker": "KXTEMPLAXH",
      "series_status": 200,
      "series_sha256": "d278a246b6f4bad551e5a99f5e7f6c73e66ffb1f765c901c8b28ab722d7581ee",
      "series": {
        "ticker": "KXTEMPLAXH",
        "title": "Hourly Directional Los Angeles Temperature",
        "category": "Climate and Weather",
        "frequency": "hourly",
        "contract_url": "https://assets.kalshi.com/regulatory/product-certifications/LOCALTEMPERATURE.pdf",
        "contract_terms_url": "https://assets.kalshi.com/contract_terms/LOCALTEMPERATURE.pdf",
        "settlement_sources": [
          {
            "name": "The Weather Company",
            "url": "https://weather.com/kalshi"
          }
        ],
        "tags": [
          "Hourly temperature"
        ],
        "product_metadata": {
          "important_info": {
            "id": "NHIGHD-bulk-2026-06-12",
            "markdown": "**Important information:** Effective Thursday, September 10th for the 11am - 12pm ET market, the resolution source for KXTEMPLAXH, KXTEMPCHIH, and KXTEMPNYCH will transition to Synoptic Data. Until then, these stations will continue to be resolved using the current TWC methodology.",
            "message": "",
            "title": ""
          }
        },
        "additional_prohibitions": [
          "Persons who are employed by any of the Source Agencies are not permitted to trade on the Contract.",
          "Persons who hold any material, non-public information on the Underlying are not permitted to trade on the Contract."
        ]
      },
      "markets_status": 200,
      "markets_sha256": "5298a32a5d8f46b6870f594ec2ccdf1a3df0ce06ea61647b4ecd16c37fae4540",
      "market_count": 1000,
      "markets_preview": [
        {
          "ticker": "KXTEMPLAXH-26SEP1010-T79.99",
          "event_ticker": "KXTEMPLAXH-26SEP1010",
          "series_ticker": null,
          "title": "Will the temp in Los Angeles be above 79.99\u00b0 on Sep 10, 2026 at 10am EDT?",
          "subtitle": "-1\u00b0 or below",
          "yes_sub_title": "80\u00b0 or above",
          "no_sub_title": "80\u00b0 or above",
          "open_time": "2026-09-10T13:00:00Z",
          "close_time": "2026-09-10T14:00:00Z",
          "expected_expiration_time": "2026-09-10T14:05:00Z",
          "latest_expiration_time": "2026-09-17T14:00:00Z",
          "settlement_timer_seconds": 3600,
          "status": "finalized",
          "result": "no",
          "rules_primary": "If the temperature recorded at Los Angeles, CA for Sep 10, 2026 10 AM EDT as reported by The Weather Company (for coordinates KLAX), is above 79.99\u00b0, then the market resolves to Yes.",
          "rules_secondary": "Not all weather data is the same. While checking a source like AccuWeather or Google Weather may help guide your decision, the official and final value used to determine this market is the maximum/minimum temperature as reported by the Weather Company.\n\nReading weather data\nPreliminary Weather Company data may be subject to rounding and conversion differences from the final reported value.\nUse caution when interpreting preliminary Weather Company readings.",
          "floor_strike": 79.99,
          "cap_strike": null,
          "functional_strike": null,
          "custom_strike": null,
          "occurrence_datetime": "2026-09-10T14:05:00Z",
          "is_provisional": null
        },
        {
          "ticker": "KXTEMPLAXH-26SEP1010-T78.99",
          "event_ticker": "KXTEMPLAXH-26SEP1010",
          "series_ticker": null,
          "title": "Will the temp in Los Angeles be above 78.99\u00b0 on Sep 10, 2026 at 10am EDT?",
          "subtitle": "-1\u00b0 or below",
          "yes_sub_title": "79\u00b0 or above",
          "no_sub_title": "79\u00b0 or above",
          "open_time": "2026-09-10T13:00:00Z",
          "close_time": "2026-09-10T14:00:00Z",
          "expected_expiration_time": "2026-09-10T14:05:00Z",
          "latest_expiration_time": "2026-09-17T14:00:00Z",
          "settlement_timer_seconds": 3600,
          "status": "finalized",
          "result": "no",
          "rules_primary": "If the temperature recorded at Los Angeles, CA for Sep 10, 2026 10 AM EDT as reported by The Weather Company (for coordinates KLAX), is above 78.99\u00b0, then the market resolves to Yes.",
          "rules_secondary": "Not all weather data is the same. While checking a source like AccuWeather or Google Weather may help guide your decision, the official and final value used to determine this market is the maximum/minimum temperature as reported by the Weather Company.\n\nReading weather data\nPreliminary Weather Company data may be subject to rounding and conversion differences from the final reported value.\nUse caution when interpreting preliminary Weather Company readings.",
          "floor_strike": 78.99,
          "cap_strike": null,
          "functional_strike": null,
          "custom_strike": null,
          "occurrence_datetime": "2026-09-10T14:05:00Z",
          "is_provisional": null
        },
        {
          "ticker": "KXTEMPLAXH-26SEP1010-T77.99",
          "event_ticker": "KXTEMPLAXH-26SEP1010",
          "series_ticker": null,
          "title": "Will the temp in Los Angeles be above 77.99\u00b0 on Sep 10, 2026 at 10am EDT?",
          "subtitle": "-1\u00b0 or below",
          "yes_sub_title": "78\u00b0 or above",
          "no_sub_title": "78\u00b0 or above",
          "open_time": "2026-09-10T13:00:00Z",
          "close_time": "2026-09-10T14:00:00Z",
          "expected_expiration_time": "2026-09-10T14:05:00Z",
          "latest_expiration_time": "2026-09-17T14:00:00Z",
          "settlement_timer_seconds": 3600,
          "status": "finalized",
          "result": "yes",
          "rules_primary": "If the temperature recorded at Los Angeles, CA for Sep 10, 2026 10 AM EDT as reported by The Weather Company (for coordinates KLAX), is above 77.99\u00b0, then the market resolves to Yes.",
          "rules_secondary": "Not all weather data is the same. While checking a source like AccuWeather or Google Weather may help guide your decision, the official and final value used to determine this market is the maximum/minimum temperature as reported by the Weather Company.\n\nReading weather data\nPreliminary Weather Company data may be subject to rounding and conversion differences from the final reported value.\nUse caution when interpreting preliminary Weather Company readings.",
          "floor_strike": 77.99,
          "cap_strike": null,
          "functional_strike": null,
          "custom_strike": null,
          "occurrence_datetime": "2026-09-10T14:05:00Z",
          "is_provisional": null
        },
        {
          "ticker": "KXTEMPLAXH-26SEP1010-T76.99",
          "event_ticker": "KXTEMPLAXH-26SEP1010",
          "series_ticker": null,
          "title": "Will the temp in Los Angeles be above 76.99\u00b0 on Sep 10, 2026 at 10am EDT?",
          "subtitle": "-1\u00b0 or below",
          "yes_sub_title": "77\u00b0 or above",
          "no_sub_title": "77\u00b0 or above",
          "open_time": "2026-09-10T13:00:00Z",
          "close_time": "2026-09-10T14:00:00Z",
          "expected_expiration_time": "2026-09-10T14:05:00Z",
          "latest_expiration_time": "2026-09-17T14:00:00Z",
          "settlement_timer_seconds": 3600,
          "status": "finalized",
          "result": "yes",
          "rules_primary": "If the temperature recorded at Los Angeles, CA for Sep 10, 2026 10 AM EDT as reported by The Weather Company (for coordinates KLAX), is above 76.99\u00b0, then the market resolves to Yes.",
          "rules_secondary": "Not all weather data is the same. While checking a source like AccuWeather or Google Weather may help guide your decision, the official and final value used to determine this market is the maximum/minimum temperature as reported by the Weather Company.\n\nReading weather data\nPreliminary Weather Company data may be subject to rounding and conversion differences from the final reported value.\nUse caution when interpreting preliminary Weather Company readings.",
          "floor_strike": 76.99,
          "cap_strike": null,
          "functional_strike": null,
          "custom_strike": null,
          "occurrence_datetime": "2026-09-10T14:05:00Z",
          "is_provisional": null
        },
        {
          "ticker": "KXTEMPLAXH-26SEP1010-T75.99",
          "event_ticker": "KXTEMPLAXH-26SEP1010",
          "series_ticker": null,
          "title": "Will the temp in Los Angeles be above 75.99\u00b0 on Sep 10, 2026 at 10am EDT?",
          "subtitle": "-1\u00b0 or below",
          "yes_sub_title": "76\u00b0 or above",
          "no_sub_title": "76\u00b0 or above",
          "open_time": "2026-09-10T13:00:00Z",
          "close_time": "2026-09-10T14:00:00Z",
          "expected_expiration_time": "2026-09-10T14:05:00Z",
          "latest_expiration_time": "2026-09-17T14:00:00Z",
          "settlement_timer_seconds": 3600,
          "status": "finalized",
          "result": "yes",
          "rules_primary": "If the temperature recorded at Los Angeles, CA for Sep 10, 2026 10 AM EDT as reported by The Weather Company (for coordinates KLAX), is above 75.99\u00b0, then the market resolves to Yes.",
          "rules_secondary": "Not all weather data is the same. While checking a source like AccuWeather or Google Weather may help guide your decision, the official and final value used to determine this market is the maximum/minimum temperature as reported by the Weather Company.\n\nReading weather data\nPreliminary Weather Company data may be subject to rounding and conversion differences from the final reported value.\nUse caution when interpreting preliminary Weather Company readings.",
          "floor_strike": 75.99,
          "cap_strike": null,
          "functional_strike": null,
          "custom_strike": null,
          "occurrence_datetime": "2026-09-10T14:05:00Z",
          "is_provisional": null
        },
        {
          "ticker": "KXTEMPLAXH-26SEP1010-T74.99",
          "event_ticker": "KXTEMPLAXH-26SEP1010",
          "series_ticker": null,
          "title": "Will the temp in Los Angeles be above 74.99\u00b0 on Sep 10, 2026 at 10am EDT?",
          "subtitle": "-1\u00b0 or below",
          "yes_sub_title": "75\u00b0 or above",
          "no_sub_title": "75\u00b0 or above",
          "open_time": "2026-09-10T13:00:00Z",
          "close_time": "2026-09-10T14:00:00Z",
          "expected_expiration_time": "2026-09-10T14:05:00Z",
          "latest_expiration_time": "2026-09-17T14:00:00Z",
          "settlement_timer_seconds": 3600,
          "status": "finalized",
          "result": "yes",
          "rules_primary": "If the temperature recorded at Los Angeles, CA for Sep 10, 2026 10 AM EDT as reported by The Weather Company (for coordinates KLAX), is above 74.99\u00b0, then the market resolves to Yes.",
          "rules_secondary": "Not all weather data is the same. While checking a source like AccuWeather or Google Weather may help guide your decision, the official and final value used to determine this market is the maximum/minimum temperature as reported by the Weather Company.\n\nReading weather data\nPreliminary Weather Company data may be subject to rounding and conversion differences from the final reported value.\nUse caution when interpreting preliminary Weather Company readings.",
          "floor_strike": 74.99,
          "cap_strike": null,
          "functional_strike": null,
          "custom_strike": null,
          "occurrence_datetime": "2026-09-10T14:05:00Z",
          "is_provisional": null
        },
        {
          "ticker": "KXTEMPLAXH-26SEP1010-T73.99",
          "event_ticker": "KXTEMPLAXH-26SEP1010",
          "series_ticker": null,
          "title": "Will the temp in Los Angeles be above 73.99\u00b0 on Sep 10, 2026 at 10am EDT?",
          "subtitle": "-1\u00b0 or below",
          "yes_sub_title": "74\u00b0 or above",
          "no_sub_title": "74\u00b0 or above",
          "open_time": "2026-09-10T13:00:00Z",
          "close_time": "2026-09-10T14:00:00Z",
          "expected_expiration_time": "2026-09-10T14:05:00Z",
          "latest_expiration_time": "2026-09-17T14:00:00Z",
          "settlement_timer_seconds": 3600,
          "status": "finalized",
          "result": "yes",
          "rules_primary": "If the temperature recorded at Los Angeles, CA for Sep 10, 2026 10 AM EDT as reported by The Weather Company (for coordinates KLAX), is above 73.99\u00b0, then the market resolves to Yes.",
          "rules_secondary": "Not all weather data is the same. While checking a source like AccuWeather or Google Weather may help guide your decision, the official and final value used to determine this market is the maximum/minimum temperature as reported by the Weather Company.\n\nReading weather data\nPreliminary Weather Company data may be subject to rounding and conversion differences from the final reported value.\nUse caution when interpreting preliminary Weather Company readings.",
          "floor_strike": 73.99,
          "cap_strike": null,
          "functional_strike": null,
          "custom_strike": null,
          "occurrence_datetime": "2026-09-10T14:05:00Z",
          "is_provisional": null
        },
        {
          "ticker": "KXTEMPLAXH-26SEP1010-T72.99",
          "event_ticker": "KXTEMPLAXH-26SEP1010",
          "series_ticker": null,
          "title": "Will the temp in Los Angeles be above 72.99\u00b0 on Sep 10, 2026 at 10am EDT?",
          "subtitle": "-1\u00b0 or below",
          "yes_sub_title": "73\u00b0 or above",
          "no_sub_title": "73\u00b0 or above",
          "open_time": "2026-09-10T13:00:00Z",
          "close_time": "2026-09-10T14:00:00Z",
          "expected_expiration_time": "2026-09-10T14:05:00Z",
          "latest_expiration_time": "2026-09-17T14:00:00Z",
          "settlement_timer_seconds": 3600,
          "status": "finalized",
          "result": "yes",
          "rules_primary": "If the temperature recorded at Los Angeles, CA for Sep 10, 2026 10 AM EDT as reported by The Weather Company (for coordinates KLAX), is above 72.99\u00b0, then the market resolves to Yes.",
          "rules_secondary": "Not all weather data is the same. While checking a source like AccuWeather or Google Weather may help guide your decision, the official and final value used to determine this market is the maximum/minimum temperature as reported by the Weather Company.\n\nReading weather data\nPreliminary Weather Company data may be subject to rounding and conversion differences from the final reported value.\nUse caution when interpreting preliminary Weather Company readings.",
          "floor_strike": 72.99,
          "cap_strike": null,
          "functional_strike": null,
          "custom_strike": null,
          "occurrence_datetime": "2026-09-10T14:05:00Z",
          "is_provisional": null
        },
        {
          "ticker": "KXTEMPLAXH-26SEP1010-T71.99",
          "event_ticker": "KXTEMPLAXH-26SEP1010",
          "series_ticker": null,
          "title": "Will the temp in Los Angeles be above 71.99\u00b0 on Sep 10, 2026 at 10am EDT?",
          "subtitle": "-1\u00b0 or below",
          "yes_sub_title": "72\u00b0 or above",
          "no_sub_title": "72\u00b0 or above",
          "open_time": "2026-09-10T13:00:00Z",
          "close_time": "2026-09-10T14:00:00Z",
          "expected_expiration_time": "2026-09-10T14:05:00Z",
          "latest_expiration_time": "2026-09-17T14:00:00Z",
          "settlement_timer_seconds": 3600,
          "status": "finalized",
          "result": "yes",
          "rules_primary": "If the temperature recorded at Los Angeles, CA for Sep 10, 2026 10 AM EDT as reported by The Weather Company (for coordinates KLAX), is above 71.99\u00b0, then the market resolves to Yes.",
          "rules_secondary": "Not all weather data is the same. While checking a source like AccuWeather or Google Weather may help guide your decision, the official and final value used to determine this market is the maximum/minimum temperature as reported by the Weather Company.\n\nReading weather data\nPreliminary Weather Company data may be subject to rounding and conversion differences from the final reported value.\nUse caution when interpreting preliminary Weather Company readings.",
          "floor_strike": 71.99,
          "cap_strike": null,
          "functional_strike": null,
          "custom_strike": null,
          "occurrence_datetime": "2026-09-10T14:05:00Z",
          "is_provisional": null
        },
        {
          "ticker": "KXTEMPLAXH-26SEP1010-T70.99",
          "event_ticker": "KXTEMPLAXH-26SEP1010",
          "series_ticker": null,
          "title": "Will the temp in Los Angeles be above 70.99\u00b0 on Sep 10, 2026 at 10am EDT?",
          "subtitle": "-1\u00b0 or below",
          "yes_sub_title": "71\u00b0 or above",
          "no_sub_title": "71\u00b0 or above",
          "open_time": "2026-09-10T13:00:00Z",
          "close_time": "2026-09-10T14:00:00Z",
          "expected_expiration_time": "2026-09-10T14:05:00Z",
          "latest_expiration_time": "2026-09-17T14:00:00Z",
          "settlement_timer_seconds": 3600,
          "status": "finalized",
          "result": "yes",
          "rules_primary": "If the temperature recorded at Los Angeles, CA for Sep 10, 2026 10 AM EDT as reported by The Weather Company (for coordinates KLAX), is above 70.99\u00b0, then the market resolves to Yes.",
          "rules_secondary": "Not all weather data is the same. While checking a source like AccuWeather or Google Weather may help guide your decision, the official and final value used to determine this market is the maximum/minimum temperature as reported by the Weather Company.\n\nReading weather data\nPreliminary Weather Company data may be subject to rounding and conversion differences from the final reported value.\nUse caution when interpreting preliminary Weather Company readings.",
          "floor_strike": 70.99,
          "cap_strike": null,
          "functional_strike": null,
          "custom_strike": null,
          "occurrence_datetime": "2026-09-10T14:05:00Z",
          "is_provisional": null
        },
        {
          "ticker": "KXTEMPLAXH-26SEP1009-T79.99",
          "event_ticker": "KXTEMPLAXH-26SEP1009",
          "series_ticker": null,
          "title": "Will the temp in Los Angeles be above 79.99\u00b0 on Sep 10, 2026 at 9am EDT?",
          "subtitle": "-1\u00b0 or below",
          "yes_sub_title": "80\u00b0 or above",
          "no_sub_title": "80\u00b0 or above",
          "open_time": "2026-09-10T12:00:00Z",
          "close_time": "2026-09-10T13:00:00Z",
          "expected_expiration_time": "2026-09-10T13:05:00Z",
          "latest_expiration_time": "2026-09-17T13:00:00Z",
          "settlement_timer_seconds": 3600,
          "status": "finalized",
          "result": "no",
          "rules_primary": "If the temperature recorded at Los Angeles, CA for Sep 10, 2026 9 AM EDT as reported by The Weather Company (for coordinates KLAX), is above 79.99\u00b0, then the market resolves to Yes.",
          "rules_secondary": "Not all weather data is the same. While checking a source like AccuWeather or Google Weather may help guide your decision, the official and final value used to determine this market is the maximum/minimum temperature as reported by the Weather Company.\n\nReading weather data\nPreliminary Weather Company data may be subject to rounding and conversion differences from the final reported value.\nUse caution when interpreting preliminary Weather Company readings.",
          "floor_strike": 79.99,
          "cap_strike": null,
          "functional_strike": null,
          "custom_strike": null,
          "occurrence_datetime": "2026-09-10T13:05:00Z",
          "is_provisional": null
        },
        {
          "ticker": "KXTEMPLAXH-26SEP1009-T78.99",
          "event_ticker": "KXTEMPLAXH-26SEP1009",
          "series_ticker": null,
          "title": "Will the temp in Los Angeles be above 78.99\u00b0 on Sep 10, 2026 at 9am EDT?",
          "subtitle": "-1\u00b0 or below",
          "yes_sub_title": "79\u00b0 or above",
          "no_sub_title": "79\u00b0 or above",
          "open_time": "2026-09-10T12:00:00Z",
          "close_time": "2026-09-10T13:00:00Z",
          "expected_expiration_time": "2026-09-10T13:05:00Z",
          "latest_expiration_time": "2026-09-17T13:00:00Z",
          "settlement_timer_seconds": 3600,
          "status": "finalized",
          "result": "no",
          "rules_primary": "If the temperature recorded at Los Angeles, CA for Sep 10, 2026 9 AM EDT as reported by The Weather Company (for coordinates KLAX), is above 78.99\u00b0, then the market resolves to Yes.",
          "rules_secondary": "Not all weather data is the same. While checking a source like AccuWeather or Google Weather may help guide your decision, the official and final value used to determine this market is the maximum/minimum temperature as reported by the Weather Company.\n\nReading weather data\nPreliminary Weather Company data may be subject to rounding and conversion differences from the final reported value.\nUse caution when interpreting preliminary Weather Company readings.",
          "floor_strike": 78.99,
          "cap_strike": null,
          "functional_strike": null,
          "custom_strike": null,
          "occurrence_datetime": "2026-09-10T13:05:00Z",
          "is_provisional": null
        },
        {
          "ticker": "KXTEMPLAXH-26SEP1009-T77.99",
          "event_ticker": "KXTEMPLAXH-26SEP1009",
          "series_ticker": null,
          "title": "Will the temp in Los Angeles be above 77.99\u00b0 on Sep 10, 2026 at 9am EDT?",
          "subtitle": "-1\u00b0 or below",
          "yes_sub_title": "78\u00b0 or above",
          "no_sub_title": "78\u00b0 or above",
          "open_time": "2026-09-10T12:00:00Z",
          "close_time": "2026-09-10T13:00:00Z",
          "expected_expiration_time": "2026-09-10T13:05:00Z",
          "latest_expiration_time": "2026-09-17T13:00:00Z",
          "settlement_timer_seconds": 3600,
          "status": "finalized",
          "result": "no",
          "rules_primary": "If the temperature recorded at Los Angeles, CA for Sep 10, 2026 9 AM EDT as reported by The Weather Company (for coordinates KLAX), is above 77.99\u00b0, then the market resolves to Yes.",
          "rules_secondary": "Not all weather data is the same. While checking a source like AccuWeather or Google Weather may help guide your decision, the official and final value used to determine this market is the maximum/minimum temperature as reported by the Weather Company.\n\nReading weather data\nPreliminary Weather Company data may be subject to rounding and conversion differences from the final reported value.\nUse caution when interpreting preliminary Weather Company readings.",
          "floor_strike": 77.99,
          "cap_strike": null,
          "functional_strike": null,
          "custom_strike": null,
          "occurrence_datetime": "2026-09-10T13:05:00Z",
          "is_provisional": null
        },
        {
          "ticker": "KXTEMPLAXH-26SEP1009-T76.99",
          "event_ticker": "KXTEMPLAXH-26SEP1009",
          "series_ticker": null,
          "title": "Will the temp in Los Angeles be above 76.99\u00b0 on Sep 10, 2026 at 9am EDT?",
          "subtitle": "-1\u00b0 or below",
          "yes_sub_title": "77\u00b0 or above",
          "no_sub_title": "77\u00b0 or above",
          "open_time": "2026-09-10T12:00:00Z",
          "close_time": "2026-09-10T13:00:00Z",
          "expected_expiration_time": "2026-09-10T13:05:00Z",
          "latest_expiration_time": "2026-09-17T13:00:00Z",
          "settlement_timer_seconds": 3600,
          "status": "finalized",
          "result": "no",
          "rules_primary": "If the temperature recorded at Los Angeles, CA for Sep 10, 2026 9 AM EDT as reported by The Weather Company (for coordinates KLAX), is above 76.99\u00b0, then the market resolves to Yes.",
          "rules_secondary": "Not all weather data is the same. While checking a source like AccuWeather or Google Weather may help guide your decision, the official and final value used to determine this market is the maximum/minimum temperature as reported by the Weather Company.\n\nReading weather data\nPreliminary Weather Company data may be subject to rounding and conversion differences from the final reported value.\nUse caution when interpreting preliminary Weather Company readings.",
          "floor_strike": 76.99,
          "cap_strike": null,
          "functional_strike": null,
          "custom_strike": null,
          "occurrence_datetime": "2026-09-10T13:05:00Z",
          "is_provisional": null
        },
        {
          "ticker": "KXTEMPLAXH-26SEP1009-T75.99",
          "event_ticker": "KXTEMPLAXH-26SEP1009",
          "series_ticker": null,
          "title": "Will the temp in Los Angeles be above 75.99\u00b0 on Sep 10, 2026 at 9am EDT?",
          "subtitle": "-1\u00b0 or below",
          "yes_sub_title": "76\u00b0 or above",
          "no_sub_title": "76\u00b0 or above",
          "open_time": "2026-09-10T12:00:00Z",
          "close_time": "2026-09-10T13:00:00Z",
          "expected_expiration_time": "2026-09-10T13:05:00Z",
          "latest_expiration_time": "2026-09-17T13:00:00Z",
          "settlement_timer_seconds": 3600,
          "status": "finalized",
          "result": "yes",
          "rules_primary": "If the temperature recorded at Los Angeles, CA for Sep 10, 2026 9 AM EDT as reported by The Weather Company (for coordinates KLAX), is above 75.99\u00b0, then the market resolves to Yes.",
          "rules_secondary": "Not all weather data is the same. While checking a source like AccuWeather or Google Weather may help guide your decision, the official and final value used to determine this market is the maximum/minimum temperature as reported by the Weather Company.\n\nReading weather data\nPreliminary Weather Company data may be subject to rounding and conversion differences from the final reported value.\nUse caution when interpreting preliminary Weather Company readings.",
          "floor_strike": 75.99,
          "cap_strike": null,
          "functional_strike": null,
          "custom_strike": null,
          "occurrence_datetime": "2026-09-10T13:05:00Z",
          "is_provisional": null
        },
        {
          "ticker": "KXTEMPLAXH-26SEP1009-T74.99",
          "event_ticker": "KXTEMPLAXH-26SEP1009",
          "series_ticker": null,
          "title": "Will the temp in Los Angeles be above 74.99\u00b0 on Sep 10, 2026 at 9am EDT?",
          "subtitle": "-1\u00b0 or below",
          "yes_sub_title": "75\u00b0 or above",
          "no_sub_title": "75\u00b0 or above",
          "open_time": "2026-09-10T12:00:00Z",
          "close_time": "2026-09-10T13:00:00Z",
          "expected_expiration_time": "2026-09-10T13:05:00Z",
          "latest_expiration_time": "2026-09-17T13:00:00Z",
          "settlement_timer_seconds": 3600,
          "status": "finalized",
          "result": "yes",
          "rules_primary": "If the temperature recorded at Los Angeles, CA for Sep 10, 2026 9 AM EDT as reported by The Weather Company (for coordinates KLAX), is above 74.99\u00b0, then the market resolves to Yes.",
          "rules_secondary": "Not all weather data is the same. While checking a source like AccuWeather or Google Weather may help guide your decision, the official and final value used to determine this market is the maximum/minimum temperature as reported by the Weather Company.\n\nReading weather data\nPreliminary Weather Company data may be subject to rounding and conversion differences from the final reported value.\nUse caution when interpreting preliminary Weather Company readings.",
          "floor_strike": 74.99,
          "cap_strike": null,
          "functional_strike": null,
          "custom_strike": null,
          "occurrence_datetime": "2026-09-10T13:05:00Z",
          "is_provisional": null
        },
        {
          "ticker": "KXTEMPLAXH-26SEP1009-T73.99",
          "event_ticker": "KXTEMPLAXH-26SEP1009",
          "series_ticker": null,
          "title": "Will the temp in Los Angeles be above 73.99\u00b0 on Sep 10, 2026 at 9am EDT?",
          "subtitle": "-1\u00b0 or below",
          "yes_sub_title": "74\u00b0 or above",
          "no_sub_title": "74\u00b0 or above",
          "open_time": "2026-09-10T12:00:00Z",
          "close_time": "2026-09-10T13:00:00Z",
          "expected_expiration_time": "2026-09-10T13:05:00Z",
          "latest_expiration_time": "2026-09-17T13:00:00Z",
          "settlement_timer_seconds": 3600,
          "status": "finalized",
          "result": "yes",
          "rules_primary": "If the temperature recorded at Los Angeles, CA for Sep 10, 2026 9 AM EDT as reported by The Weather Company (for coordinates KLAX), is above 73.99\u00b0, then the market resolves to Yes.",
          "rules_secondary": "Not all weather data is the same. While checking a source like AccuWeather or Google Weather may help guide your decision, the official and final value used to determine this market is the maximum/minimum temperature as reported by the Weather Company.\n\nReading weather data\nPreliminary Weather Company data may be subject to rounding and conversion differences from the final reported value.\nUse caution when interpreting preliminary Weather Company readings.",
          "floor_strike": 73.99,
          "cap_strike": null,
          "functional_strike": null,
          "custom_strike": null,
          "occurrence_datetime": "2026-09-10T13:05:00Z",
          "is_provisional": null
        },
        {
          "ticker": "KXTEMPLAXH-26SEP1009-T72.99",
          "event_ticker": "KXTEMPLAXH-26SEP1009",
          "series_ticker": null,
          "title": "Will the temp in Los Angeles be above 72.99\u00b0 on Sep 10, 2026 at 9am EDT?",
          "subtitle": "-1\u00b0 or below",
          "yes_sub_title": "73\u00b0 or above",
          "no_sub_title": "73\u00b0 or above",
          "open_time": "2026-09-10T12:00:00Z",
          "close_time": "2026-09-10T13:00:00Z",
          "expected_expiration_time": "2026-09-10T13:05:00Z",
          "latest_expiration_time": "2026-09-17T13:00:00Z",
          "settlement_timer_seconds": 3600,
          "status": "finalized",
          "result": "yes",
          "rules_primary": "If the temperature recorded at Los Angeles, CA for Sep 10, 2026 9 AM EDT as reported by The Weather Company (for coordinates KLAX), is above 72.99\u00b0, then the market resolves to Yes.",
          "rules_secondary": "Not all weather data is the same. While checking a source like AccuWeather or Google Weather may help guide your decision, the official and final value used to determine this market is the maximum/minimum temperature as reported by the Weather Company.\n\nReading weather data\nPreliminary Weather Company data may be subject to rounding and conversion differences from the final reported value.\nUse caution when interpreting preliminary Weather Company readings.",
          "floor_strike": 72.99,
          "cap_strike": null,
          "functional_strike": null,
          "custom_strike": null,
          "occurrence_datetime": "2026-09-10T13:05:00Z",
          "is_provisional": null
        },
        {
          "ticker": "KXTEMPLAXH-26SEP1009-T71.99",
          "event_ticker": "KXTEMPLAXH-26SEP1009",
          "series_ticker": null,
          "title": "Will the temp in Los Angeles be above 71.99\u00b0 on Sep 10, 2026 at 9am EDT?",
          "subtitle": "-1\u00b0 or below",
          "yes_sub_title": "72\u00b0 or above",
          "no_sub_title": "72\u00b0 or above",
          "open_time": "2026-09-10T12:00:00Z",
          "close_time": "2026-09-10T13:00:00Z",
          "expected_expiration_time": "2026-09-10T13:05:00Z",
          "latest_expiration_time": "2026-09-17T13:00:00Z",
          "settlement_timer_seconds": 3600,
          "status": "finalized",
          "result": "yes",
          "rules_primary": "If the temperature recorded at Los Angeles, CA for Sep 10, 2026 9 AM EDT as reported by The Weather Company (for coordinates KLAX), is above 71.99\u00b0, then the market resolves to Yes.",
          "rules_secondary": "Not all weather data is the same. While checking a source like AccuWeather or Google Weather may help guide your decision, the official and final value used to determine this market is the maximum/minimum temperature as reported by the Weather Company.\n\nReading weather data\nPreliminary Weather Company data may be subject to rounding and conversion differences from the final reported value.\nUse caution when interpreting preliminary Weather Company readings.",
          "floor_strike": 71.99,
          "cap_strike": null,
          "functional_strike": null,
          "custom_strike": null,
          "occurrence_datetime": "2026-09-10T13:05:00Z",
          "is_provisional": null
        },
        {
          "ticker": "KXTEMPLAXH-26SEP1009-T70.99",
          "event_ticker": "KXTEMPLAXH-26SEP1009",
          "series_ticker": null,
          "title": "Will the temp in Los Angeles be above 70.99\u00b0 on Sep 10, 2026 at 9am EDT?",
          "subtitle": "-1\u00b0 or below",
          "yes_sub_title": "71\u00b0 or above",
          "no_sub_title": "71\u00b0 or above",
          "open_time": "2026-09-10T12:00:00Z",
          "close_time": "2026-09-10T13:00:00Z",
          "expected_expiration_time": "2026-09-10T13:05:00Z",
          "latest_expiration_time": "2026-09-17T13:00:00Z",
          "settlement_timer_seconds": 3600,
          "status": "finalized",
          "result": "yes",
          "rules_primary": "If the temperature recorded at Los Angeles, CA for Sep 10, 2026 9 AM EDT as reported by The Weather Company (for coordinates KLAX), is above 70.99\u00b0, then the market resolves to Yes.",
          "rules_secondary": "Not all weather data is the same. While checking a source like AccuWeather or Google Weather may help guide your decision, the official and final value used to determine this market is the maximum/minimum temperature as reported by the Weather Company.\n\nReading weather data\nPreliminary Weather Company data may be subject to rounding and conversion differences from the final reported value.\nUse caution when interpreting preliminary Weather Company readings.",
          "floor_strike": 70.99,
          "cap_strike": null,
          "functional_strike": null,
          "custom_strike": null,
          "occurrence_datetime": "2026-09-10T13:05:00Z",
          "is_provisional": null
        },
        {
          "ticker": "KXTEMPLAXH-26SEP1008-T80.99",
          "event_ticker": "KXTEMPLAXH-26SEP1008",
          "series_ticker": null,
          "title": "Will the temp in Los Angeles be above 80.99\u00b0 on Sep 10, 2026 at 8am EDT?",
          "subtitle": "-1\u00b0 or below",
          "yes_sub_title": "81\u00b0 or above",
          "no_sub_title": "81\u00b0 or above",
          "open_time": "2026-09-10T11:00:00Z",
          "close_time": "2026-09-10T12:00:00Z",
          "expected_expiration_time": "2026-09-10T12:05:00Z",
          "latest_expiration_time": "2026-09-17T12:00:00Z",
          "settlement_timer_seconds": 3600,
          "status": "finalized",
          "result": "no",
          "rules_primary": "If the temperature recorded at Los Angeles, CA for Sep 10, 2026 8 AM EDT as reported by The Weather Company (for coordinates KLAX), is above 80.99\u00b0, then the market resolves to Yes.",
          "rules_secondary": "Not all weather data is the same. While checking a source like AccuWeather or Google Weather may help guide your decision, the official and final value used to determine this market is the maximum/minimum temperature as reported by the Weather Company.\n\nReading weather data\nPreliminary Weather Company data may be subject to rounding and conversion differences from the final reported value.\nUse caution when interpreting preliminary Weather Company readings.",
          "floor_strike": 80.99,
          "cap_strike": null,
          "functional_strike": null,
          "custom_strike": null,
          "occurrence_datetime": "2026-09-10T12:05:00Z",
          "is_provisional": null
        },
        {
          "ticker": "KXTEMPLAXH-26SEP1008-T79.99",
          "event_ticker": "KXTEMPLAXH-26SEP1008",
          "series_ticker": null,
          "title": "Will the temp in Los Angeles be above 79.99\u00b0 on Sep 10, 2026 at 8am EDT?",
          "subtitle": "-1\u00b0 or below",
          "yes_sub_title": "80\u00b0 or above",
          "no_sub_title": "80\u00b0 or above",
          "open_time": "2026-09-10T11:00:00Z",
          "close_time": "2026-09-10T12:00:00Z",
          "expected_expiration_time": "2026-09-10T12:05:00Z",
          "latest_expiration_time": "2026-09-17T12:00:00Z",
          "settlement_timer_seconds": 3600,
          "status": "finalized",
          "result": "no",
          "rules_primary": "If the temperature recorded at Los Angeles, CA for Sep 10, 2026 8 AM EDT as reported by The Weather Company (for coordinates KLAX), is above 79.99\u00b0, then the market resolves to Yes.",
          "rules_secondary": "Not all weather data is the same. While checking a source like AccuWeather or Google Weather may help guide your decision, the official and final value used to determine this market is the maximum/minimum temperature as reported by the Weather Company.\n\nReading weather data\nPreliminary Weather Company data may be subject to rounding and conversion differences from the final reported value.\nUse caution when interpreting preliminary Weather Company readings.",
          "floor_strike": 79.99,
          "cap_strike": null,
          "functional_strike": null,
          "custom_strike": null,
          "occurrence_datetime": "2026-09-10T12:05:00Z",
          "is_provisional": null
        },
        {
          "ticker": "KXTEMPLAXH-26SEP1008-T78.99",
          "event_ticker": "KXTEMPLAXH-26SEP1008",
          "series_ticker": null,
          "title": "Will the temp in Los Angeles be above 78.99\u00b0 on Sep 10, 2026 at 8am EDT?",
          "subtitle": "-1\u00b0 or below",
          "yes_sub_title": "79\u00b0 or above",
          "no_sub_title": "79\u00b0 or above",
          "open_time": "2026-09-10T11:00:00Z",
          "close_time": "2026-09-10T12:00:00Z",
          "expected_expiration_time": "2026-09-10T12:05:00Z",
          "latest_expiration_time": "2026-09-17T12:00:00Z",
          "settlement_timer_seconds": 3600,
          "status": "finalized",
          "result": "no",
          "rules_primary": "If the temperature recorded at Los Angeles, CA for Sep 10, 2026 8 AM EDT as reported by The Weather Company (for coordinates KLAX), is above 78.99\u00b0, then the market resolves to Yes.",
          "rules_secondary": "Not all weather data is the same. While checking a source like AccuWeather or Google Weather may help guide your decision, the official and final value used to determine this market is the maximum/minimum temperature as reported by the Weather Company.\n\nReading weather data\nPreliminary Weather Company data may be subject to rounding and conversion differences from the final reported value.\nUse caution when interpreting preliminary Weather Company readings.",
          "floor_strike": 78.99,
          "cap_strike": null,
          "functional_strike": null,
          "custom_strike": null,
          "occurrence_datetime": "2026-09-10T12:05:00Z",
          "is_provisional": null
        },
        {
          "ticker": "KXTEMPLAXH-26SEP1008-T77.99",
          "event_ticker": "KXTEMPLAXH-26SEP1008",
          "series_ticker": null,
          "title": "Will the temp in Los Angeles be above 77.99\u00b0 on Sep 10, 2026 at 8am EDT?",
          "subtitle": "-1\u00b0 or below",
          "yes_sub_title": "78\u00b0 or above",
          "no_sub_title": "78\u00b0 or above",
          "open_time": "2026-09-10T11:00:00Z",
          "close_time": "2026-09-10T12:00:00Z",
          "expected_expiration_time": "2026-09-10T12:05:00Z",
          "latest_expiration_time": "2026-09-17T12:00:00Z",
          "settlement_timer_seconds": 3600,
          "status": "finalized",
          "result": "no",
          "rules_primary": "If the temperature recorded at Los Angeles, CA for Sep 10, 2026 8 AM EDT as reported by The Weather Company (for coordinates KLAX), is above 77.99\u00b0, then the market resolves to Yes.",
          "rules_secondary": "Not all weather data is the same. While checking a source like AccuWeather or Google Weather may help guide your decision, the official and final value used to determine this market is the maximum/minimum temperature as reported by the Weather Company.\n\nReading weather data\nPreliminary Weather Company data may be subject to rounding and conversion differences from the final reported value.\nUse caution when interpreting preliminary Weather Company readings.",
          "floor_strike": 77.99,
          "cap_strike": null,
          "functional_strike": null,
          "custom_strike": null,
          "occurrence_datetime": "2026-09-10T12:05:00Z",
          "is_provisional": null
        },
        {
          "ticker": "KXTEMPLAXH-26SEP1008-T76.99",
          "event_ticker": "KXTEMPLAXH-26SEP1008",
          "series_ticker": null,
          "title": "Will the temp in Los Angeles be above 76.99\u00b0 on Sep 10, 2026 at 8am EDT?",
          "subtitle": "-1\u00b0 or below",
          "yes_sub_title": "77\u00b0 or above",
          "no_sub_title": "77\u00b0 or above",
          "open_time": "2026-09-10T11:00:00Z",
          "close_time": "2026-09-10T12:00:00Z",
          "expected_expiration_time": "2026-09-10T12:05:00Z",
          "latest_expiration_time": "2026-09-17T12:00:00Z",
          "settlement_timer_seconds": 3600,
          "status": "finalized",
          "result": "yes",
          "rules_primary": "If the temperature recorded at Los Angeles, CA for Sep 10, 2026 8 AM EDT as reported by The Weather Company (for coordinates KLAX), is above 76.99\u00b0, then the market resolves to Yes.",
          "rules_secondary": "Not all weather data is the same. While checking a source like AccuWeather or Google Weather may help guide your decision, the official and final value used to determine this market is the maximum/minimum temperature as reported by the Weather Company.\n\nReading weather data\nPreliminary Weather Company data may be subject to rounding and conversion differences from the final reported value.\nUse caution when interpreting preliminary Weather Company readings.",
          "floor_strike": 76.99,
          "cap_strike": null,
          "functional_strike": null,
          "custom_strike": null,
          "occurrence_datetime": "2026-09-10T12:05:00Z",
          "is_provisional": null
        },
        {
          "ticker": "KXTEMPLAXH-26SEP1008-T75.99",
          "event_ticker": "KXTEMPLAXH-26SEP1008",
          "series_ticker": null,
          "title": "Will the temp in Los Angeles be above 75.99\u00b0 on Sep 10, 2026 at 8am EDT?",
          "subtitle": "-1\u00b0 or below",
          "yes_sub_title": "76\u00b0 or above",
          "no_sub_title": "76\u00b0 or above",
          "open_time": "2026-09-10T11:00:00Z",
          "close_time": "2026-09-10T12:00:00Z",
          "expected_expiration_time": "2026-09-10T12:05:00Z",
          "latest_expiration_time": "2026-09-17T12:00:00Z",
          "settlement_timer_seconds": 3600,
          "status": "finalized",
          "result": "yes",
          "rules_primary": "If the temperature recorded at Los Angeles, CA for Sep 10, 2026 8 AM EDT as reported by The Weather Company (for coordinates KLAX), is above 75.99\u00b0, then the market resolves to Yes.",
          "rules_secondary": "Not all weather data is the same. While checking a source like AccuWeather or Google Weather may help guide your decision, the official and final value used to determine this market is the maximum/minimum temperature as reported by the Weather Company.\n\nReading weather data\nPreliminary Weather Company data may be subject to rounding and conversion differences from the final reported value.\nUse caution when interpreting preliminary Weather Company readings.",
          "floor_strike": 75.99,
          "cap_strike": null,
          "functional_strike": null,
          "custom_strike": null,
          "occurrence_datetime": "2026-09-10T12:05:00Z",
          "is_provisional": null
        },
        {
          "ticker": "KXTEMPLAXH-26SEP1008-T74.99",
          "event_ticker": "KXTEMPLAXH-26SEP1008",
          "series_ticker": null,
          "title": "Will the temp in Los Angeles be above 74.99\u00b0 on Sep 10, 2026 at 8am EDT?",
          "subtitle": "-1\u00b0 or below",
          "yes_sub_title": "75\u00b0 or above",
          "no_sub_title": "75\u00b0 or above",
          "open_time": "2026-09-10T11:00:00Z",
          "close_time": "2026-09-10T12:00:00Z",
          "expected_expiration_time": "2026-09-10T12:05:00Z",
          "latest_expiration_time": "2026-09-17T12:00:00Z",
          "settlement_timer_seconds": 3600,
          "status": "finalized",
          "result": "yes",
          "rules_primary": "If the temperature recorded at Los Angeles, CA for Sep 10, 2026 8 AM EDT as reported by The Weather Company (for coordinates KLAX), is above 74.99\u00b0, then the market resolves to Yes.",
          "rules_secondary": "Not all weather data is the same. While checking a source like AccuWeather or Google Weather may help guide your decision, the official and final value used to determine this market is the maximum/minimum temperature as reported by the Weather Company.\n\nReading weather data\nPreliminary Weather Company data may be subject to rounding and conversion differences from the final reported value.\nUse caution when interpreting preliminary Weather Company readings.",
          "floor_strike": 74.99,
          "cap_strike": null,
          "functional_strike": null,
          "custom_strike": null,
          "occurrence_datetime": "2026-09-10T12:05:00Z",
          "is_provisional": null
        },
        {
          "ticker": "KXTEMPLAXH-26SEP1008-T73.99",
          "event_ticker": "KXTEMPLAXH-26SEP1008",
          "series_ticker": null,
          "title": "Will the temp in Los Angeles be above 73.99\u00b0 on Sep 10, 2026 at 8am EDT?",
          "subtitle": "-1\u00b0 or below",
          "yes_sub_title": "74\u00b0 or above",
          "no_sub_title": "74\u00b0 or above",
          "open_time": "2026-09-10T11:00:00Z",
          "close_time": "2026-09-10T12:00:00Z",
          "expected_expiration_time": "2026-09-10T12:05:00Z",
          "latest_expiration_time": "2026-09-17T12:00:00Z",
          "settlement_timer_seconds": 3600,
          "status": "finalized",
          "result": "yes",
          "rules_primary": "If the temperature recorded at Los Angeles, CA for Sep 10, 2026 8 AM EDT as reported by The Weather Company (for coordinates KLAX), is above 73.99\u00b0, then the market resolves to Yes.",
          "rules_secondary": "Not all weather data is the same. While checking a source like AccuWeather or Google Weather may help guide your decision, the official and final value used to determine this market is the maximum/minimum temperature as reported by the Weather Company.\n\nReading weather data\nPreliminary Weather Company data may be subject to rounding and conversion differences from the final reported value.\nUse caution when interpreting preliminary Weather Company readings.",
          "floor_strike": 73.99,
          "cap_strike": null,
          "functional_strike": null,
          "custom_strike": null,
          "occurrence_datetime": "2026-09-10T12:05:00Z",
          "is_provisional": null
        },
        {
          "ticker": "KXTEMPLAXH-26SEP1008-T72.99",
          "event_ticker": "KXTEMPLAXH-26SEP1008",
          "series_ticker": null,
          "title": "Will the temp in Los Angeles be above 72.99\u00b0 on Sep 10, 2026 at 8am EDT?",
          "subtitle": "-1\u00b0 or below",
          "yes_sub_title": "73\u00b0 or above",
          "no_sub_title": "73\u00b0 or above",
          "open_time": "2026-09-10T11:00:00Z",
          "close_time": "2026-09-10T12:00:00Z",
          "expected_expiration_time": "2026-09-10T12:05:00Z",
          "latest_expiration_time": "2026-09-17T12:00:00Z",
          "settlement_timer_seconds": 3600,
          "status": "finalized",
          "result": "yes",
          "rules_primary": "If the temperature recorded at Los Angeles, CA for Sep 10, 2026 8 AM EDT as reported by The Weather Company (for coordinates KLAX), is above 72.99\u00b0, then the market resolves to Yes.",
          "rules_secondary": "Not all weather data is the same. While checking a source like AccuWeather or Google Weather may help guide your decision, the official and final value used to determine this market is the maximum/minimum temperature as reported by the Weather Company.\n\nReading weather data\nPreliminary Weather Company data may be subject to rounding and conversion differences from the final reported value.\nUse caution when interpreting preliminary Weather Company readings.",
          "floor_strike": 72.99,
          "cap_strike": null,
          "functional_strike": null,
          "custom_strike": null,
          "occurrence_datetime": "2026-09-10T12:05:00Z",
          "is_provisional": null
        },
        {
          "ticker": "KXTEMPLAXH-26SEP1008-T71.99",
          "event_ticker": "KXTEMPLAXH-26SEP1008",
          "series_ticker": null,
          "title": "Will the temp in Los Angeles be above 71.99\u00b0 on Sep 10, 2026 at 8am EDT?",
          "subtitle": "-1\u00b0 or below",
          "yes_sub_title": "72\u00b0 or above",
          "no_sub_title": "72\u00b0 or above",
          "open_time": "2026-09-10T11:00:00Z",
          "close_time": "2026-09-10T12:00:00Z",
          "expected_expiration_time": "2026-09-10T12:05:00Z",
          "latest_expiration_time": "2026-09-17T12:00:00Z",
          "settlement_timer_seconds": 3600,
          "status": "finalized",
          "result": "yes",
          "rules_primary": "If the temperature recorded at Los Angeles, CA for Sep 10, 2026 8 AM EDT as reported by The Weather Company (for coordinates KLAX), is above 71.99\u00b0, then the market resolves to Yes.",
          "rules_secondary": "Not all weather data is the same. While checking a source like AccuWeather or Google Weather may help guide your decision, the official and final value used to determine this market is the maximum/minimum temperature as reported by the Weather Company.\n\nReading weather data\nPreliminary Weather Company data may be subject to rounding and conversion differences from the final reported value.\nUse caution when interpreting preliminary Weather Company readings.",
          "floor_strike": 71.99,
          "cap_strike": null,
          "functional_strike": null,
          "custom_strike": null,
          "occurrence_datetime": "2026-09-10T12:05:00Z",
          "is_provisional": null
        }
      ],
      "status_counts": {
        "finalized": 1000
      }
    },
    {
      "series_ticker": "KXTEMPMIAH",
      "series_status": 200,
      "series_sha256": "d3d58b8ef78c828a258964e5d22f3eda5b6ff8b03b644401179bf3c31670b5e5",
      "series": {
        "ticker": "KXTEMPMIAH",
        "title": "Hourly Directional Miami Temperature",
        "category": "Climate and Weather",
        "frequency": "hourly",
        "contract_url": "https://assets.kalshi.com/regulatory/product-certifications/MIAWINDEX.pdf",
        "contract_terms_url": "https://assets.kalshi.com/contract_terms/MIAWINDEX.pdf",
        "settlement_sources": [
          {
            "name": "Synoptic Data",
            "url": "https://synopticdata.com/"
          }
        ],
        "tags": [
          "Hourly temperature"
        ],
        "product_metadata": {
          "important_info": {
            "id": "NHIGHD-bulk-2026-06-12",
            "markdown": "**Important information:** The data shown is 5 minutes delayed. Resolution for KXTEMPMIAH is based on Synoptic Data and calculated via Kalshi Weather Index Methodology. Please see additional details for more information.",
            "message": "",
            "title": ""
          }
        },
        "additional_prohibitions": [
          "Persons who are employed by any of the Source Agencies are not permitted to trade on the Contract.",
          "Persons who hold any material, non-public information on the Underlying are not permitted to trade on the Contract."
        ]
      },
      "markets_status": 200,
      "markets_sha256": "4a80a7e6af6b591d860fac2da89bbf0a426a47b848bfea1aa879714b6c8fe22f",
      "market_count": 1000,
      "markets_preview": [
        {
          "ticker": "KXTEMPMIAH-26SEP1920-T80.99",
          "event_ticker": "KXTEMPMIAH-26SEP1920",
          "series_ticker": null,
          "title": "Will the temp in Miami be above 80.99\u00b0 on Sep 19, 2026 at 8pm EDT?",
          "subtitle": "-1\u00b0 or below",
          "yes_sub_title": "81\u00b0 or above",
          "no_sub_title": "81\u00b0 or above",
          "open_time": "2026-09-19T23:00:00Z",
          "close_time": "2026-09-20T00:00:00Z",
          "expected_expiration_time": "2026-09-20T00:05:00Z",
          "latest_expiration_time": "2026-09-27T00:00:00Z",
          "settlement_timer_seconds": 3600,
          "status": "active",
          "result": "",
          "rules_primary": "If the temperature recorded at Miami, FL for Sep 19, 2026 at 8 PM EDT as reported by Synoptic Data, is above 80.99\u00b0, then the market resolves to Yes.",
          "rules_secondary": "The official final value for this market is determined strictly by the temperature reported by Synoptic Data, calculated in accordance with the Kalshi Weather Index Methodology. Alternative sources\u2014such as NWS Climatological Reports or Google Weather\u2014may serve as references, but are not authoritative and will not be used for market resolution.",
          "floor_strike": 80.99,
          "cap_strike": null,
          "functional_strike": null,
          "custom_strike": null,
          "occurrence_datetime": "2026-09-20T00:05:00Z",
          "is_provisional": null
        },
        {
          "ticker": "KXTEMPMIAH-26SEP1920-T79.99",
          "event_ticker": "KXTEMPMIAH-26SEP1920",
          "series_ticker": null,
          "title": "Will the temp in Miami be above 79.99\u00b0 on Sep 19, 2026 at 8pm EDT?",
          "subtitle": "-1\u00b0 or below",
          "yes_sub_title": "80\u00b0 or above",
          "no_sub_title": "80\u00b0 or above",
          "open_time": "2026-09-19T23:00:00Z",
          "close_time": "2026-09-20T00:00:00Z",
          "expected_expiration_time": "2026-09-20T00:05:00Z",
          "latest_expiration_time": "2026-09-27T00:00:00Z",
          "settlement_timer_seconds": 3600,
          "status": "active",
          "result": "",
          "rules_primary": "If the temperature recorded at Miami, FL for Sep 19, 2026 at 8 PM EDT as reported by Synoptic Data, is above 79.99\u00b0, then the market resolves to Yes.",
          "rules_secondary": "The official final value for this market is determined strictly by the temperature reported by Synoptic Data, calculated in accordance with the Kalshi Weather Index Methodology. Alternative sources\u2014such as NWS Climatological Reports or Google Weather\u2014may serve as references, but are not authoritative and will not be used for market resolution.",
          "floor_strike": 79.99,
          "cap_strike": null,
          "functional_strike": null,
          "custom_strike": null,
          "occurrence_datetime": "2026-09-20T00:05:00Z",
          "is_provisional": null
        },
        {
          "ticker": "KXTEMPMIAH-26SEP1920-T78.99",
          "event_ticker": "KXTEMPMIAH-26SEP1920",
          "series_ticker": null,
          "title": "Will the temp in Miami be above 78.99\u00b0 on Sep 19, 2026 at 8pm EDT?",
          "subtitle": "-1\u00b0 or below",
          "yes_sub_title": "79\u00b0 or above",
          "no_sub_title": "79\u00b0 or above",
          "open_time": "2026-09-19T23:00:00Z",
          "close_time": "2026-09-20T00:00:00Z",
          "expected_expiration_time": "2026-09-20T00:05:00Z",
          "latest_expiration_time": "2026-09-27T00:00:00Z",
          "settlement_timer_seconds": 3600,
          "status": "active",
          "result": "",
          "rules_primary": "If the temperature recorded at Miami, FL for Sep 19, 2026 at 8 PM EDT as reported by Synoptic Data, is above 78.99\u00b0, then the market resolves to Yes.",
          "rules_secondary": "The official final value for this market is determined strictly by the temperature reported by Synoptic Data, calculated in accordance with the Kalshi Weather Index Methodology. Alternative sources\u2014such as NWS Climatological Reports or Google Weather\u2014may serve as references, but are not authoritative and will not be used for market resolution.",
          "floor_strike": 78.99,
          "cap_strike": null,
          "functional_strike": null,
          "custom_strike": null,
          "occurrence_datetime": "2026-09-20T00:05:00Z",
          "is_provisional": null
        },
        {
          "ticker": "KXTEMPMIAH-26SEP1920-T77.99",
          "event_ticker": "KXTEMPMIAH-26SEP1920",
          "series_ticker": null,
          "title": "Will the temp in Miami be above 77.99\u00b0 on Sep 19, 2026 at 8pm EDT?",
          "subtitle": "-1\u00b0 or below",
          "yes_sub_title": "78\u00b0 or above",
          "no_sub_title": "78\u00b0 or above",
          "open_time": "2026-09-19T23:00:00Z",
          "close_time": "2026-09-20T00:00:00Z",
          "expected_expiration_time": "2026-09-20T00:05:00Z",
          "latest_expiration_time": "2026-09-27T00:00:00Z",
          "settlement_timer_seconds": 3600,
          "status": "active",
          "result": "",
          "rules_primary": "If the temperature recorded at Miami, FL for Sep 19, 2026 at 8 PM EDT as reported by Synoptic Data, is above 77.99\u00b0, then the market resolves to Yes.",
          "rules_secondary": "The official final value for this market is determined strictly by the temperature reported by Synoptic Data, calculated in accordance with the Kalshi Weather Index Methodology. Alternative sources\u2014such as NWS Climatological Reports or Google Weather\u2014may serve as references, but are not authoritative and will not be used for market resolution.",
          "floor_strike": 77.99,
          "cap_strike": null,
          "functional_strike": null,
          "custom_strike": null,
          "occurrence_datetime": "2026-09-20T00:05:00Z",
          "is_provisional": null
        },
        {
          "ticker": "KXTEMPMIAH-26SEP1920-T76.99",
          "event_ticker": "KXTEMPMIAH-26SEP1920",
          "series_ticker": null,
          "title": "Will the temp in Miami be above 76.99\u00b0 on Sep 19, 2026 at 8pm EDT?",
          "subtitle": "-1\u00b0 or below",
          "yes_sub_title": "77\u00b0 or above",
          "no_sub_title": "77\u00b0 or above",
          "open_time": "2026-09-19T23:00:00Z",
          "close_time": "2026-09-20T00:00:00Z",
          "expected_expiration_time": "2026-09-20T00:05:00Z",
          "latest_expiration_time": "2026-09-27T00:00:00Z",
          "settlement_timer_seconds": 3600,
          "status": "active",
          "result": "",
          "rules_primary": "If the temperature recorded at Miami, FL for Sep 19, 2026 at 8 PM EDT as reported by Synoptic Data, is above 76.99\u00b0, then the market resolves to Yes.",
          "rules_secondary": "The official final value for this market is determined strictly by the temperature reported by Synoptic Data, calculated in accordance with the Kalshi Weather Index Methodology. Alternative sources\u2014such as NWS Climatological Reports or Google Weather\u2014may serve as references, but are not authoritative and will not be used for market resolution.",
          "floor_strike": 76.99,
          "cap_strike": null,
          "functional_strike": null,
          "custom_strike": null,
          "occurrence_datetime": "2026-09-20T00:05:00Z",
          "is_provisional": null
        },
        {
          "ticker": "KXTEMPMIAH-26SEP1920-T75.99",
          "event_ticker": "KXTEMPMIAH-26SEP1920",
          "series_ticker": null,
          "title": "Will the temp in Miami be above 75.99\u00b0 on Sep 19, 2026 at 8pm EDT?",
          "subtitle": "-1\u00b0 or below",
          "yes_sub_title": "76\u00b0 or above",
          "no_sub_title": "76\u00b0 or above",
          "open_time": "2026-09-19T23:00:00Z",
          "close_time": "2026-09-20T00:00:00Z",
          "expected_expiration_time": "2026-09-20T00:05:00Z",
          "latest_expiration_time": "2026-09-27T00:00:00Z",
          "settlement_timer_seconds": 3600,
          "status": "active",
          "result": "",
          "rules_primary": "If the temperature recorded at Miami, FL for Sep 19, 2026 at 8 PM EDT as reported by Synoptic Data, is above 75.99\u00b0, then the market resolves to Yes.",
          "rules_secondary": "The official final value for this market is determined strictly by the temperature reported by Synoptic Data, calculated in accordance with the Kalshi Weather Index Methodology. Alternative sources\u2014such as NWS Climatological Reports or Google Weather\u2014may serve as references, but are not authoritative and will not be used for market resolution.",
          "floor_strike": 75.99,
          "cap_strike": null,
          "functional_strike": null,
          "custom_strike": null,
          "occurrence_datetime": "2026-09-20T00:05:00Z",
          "is_provisional": null
        },
        {
          "ticker": "KXTEMPMIAH-26SEP1920-T74.99",
          "event_ticker": "KXTEMPMIAH-26SEP1920",
          "series_ticker": null,
          "title": "Will the temp in Miami be above 74.99\u00b0 on Sep 19, 2026 at 8pm EDT?",
          "subtitle": "-1\u00b0 or below",
          "yes_sub_title": "75\u00b0 or above",
          "no_sub_title": "75\u00b0 or above",
          "open_time": "2026-09-19T23:00:00Z",
          "close_time": "2026-09-20T00:00:00Z",
          "expected_expiration_time": "2026-09-20T00:05:00Z",
          "latest_expiration_time": "2026-09-27T00:00:00Z",
          "settlement_timer_seconds": 3600,
          "status": "active",
          "result": "",
          "rules_primary": "If the temperature recorded at Miami, FL for Sep 19, 2026 at 8 PM EDT as reported by Synoptic Data, is above 74.99\u00b0, then the market resolves to Yes.",
          "rules_secondary": "The official final value for this market is determined strictly by the temperature reported by Synoptic Data, calculated in accordance with the Kalshi Weather Index Methodology. Alternative sources\u2014such as NWS Climatological Reports or Google Weather\u2014may serve as references, but are not authoritative and will not be used for market resolution.",
          "floor_strike": 74.99,
          "cap_strike": null,
          "functional_strike": null,
          "custom_strike": null,
          "occurrence_datetime": "2026-09-20T00:05:00Z",
          "is_provisional": null
        },
        {
          "ticker": "KXTEMPMIAH-26SEP1920-T73.99",
          "event_ticker": "KXTEMPMIAH-26SEP1920",
          "series_ticker": null,
          "title": "Will the temp in Miami be above 73.99\u00b0 on Sep 19, 2026 at 8pm EDT?",
          "subtitle": "-1\u00b0 or below",
          "yes_sub_title": "74\u00b0 or above",
          "no_sub_title": "74\u00b0 or above",
          "open_time": "2026-09-19T23:00:00Z",
          "close_time": "2026-09-20T00:00:00Z",
          "expected_expiration_time": "2026-09-20T00:05:00Z",
          "latest_expiration_time": "2026-09-27T00:00:00Z",
          "settlement_timer_seconds": 3600,
          "status": "active",
          "result": "",
          "rules_primary": "If the temperature recorded at Miami, FL for Sep 19, 2026 at 8 PM EDT as reported by Synoptic Data, is above 73.99\u00b0, then the market resolves to Yes.",
          "rules_secondary": "The official final value for this market is determined strictly by the temperature reported by Synoptic Data, calculated in accordance with the Kalshi Weather Index Methodology. Alternative sources\u2014such as NWS Climatological Reports or Google Weather\u2014may serve as references, but are not authoritative and will not be used for market resolution.",
          "floor_strike": 73.99,
          "cap_strike": null,
          "functional_strike": null,
          "custom_strike": null,
          "occurrence_datetime": "2026-09-20T00:05:00Z",
          "is_provisional": null
        },
        {
          "ticker": "KXTEMPMIAH-26SEP1920-T72.99",
          "event_ticker": "KXTEMPMIAH-26SEP1920",
          "series_ticker": null,
          "title": "Will the temp in Miami be above 72.99\u00b0 on Sep 19, 2026 at 8pm EDT?",
          "subtitle": "-1\u00b0 or below",
          "yes_sub_title": "73\u00b0 or above",
          "no_sub_title": "73\u00b0 or above",
          "open_time": "2026-09-19T23:00:00Z",
          "close_time": "2026-09-20T00:00:00Z",
          "expected_expiration_time": "2026-09-20T00:05:00Z",
          "latest_expiration_time": "2026-09-27T00:00:00Z",
          "settlement_timer_seconds": 3600,
          "status": "active",
          "result": "",
          "rules_primary": "If the temperature recorded at Miami, FL for Sep 19, 2026 at 8 PM EDT as reported by Synoptic Data, is above 72.99\u00b0, then the market resolves to Yes.",
          "rules_secondary": "The official final value for this market is determined strictly by the temperature reported by Synoptic Data, calculated in accordance with the Kalshi Weather Index Methodology. Alternative sources\u2014such as NWS Climatological Reports or Google Weather\u2014may serve as references, but are not authoritative and will not be used for market resolution.",
          "floor_strike": 72.99,
          "cap_strike": null,
          "functional_strike": null,
          "custom_strike": null,
          "occurrence_datetime": "2026-09-20T00:05:00Z",
          "is_provisional": null
        },
        {
          "ticker": "KXTEMPMIAH-26SEP1920-T71.99",
          "event_ticker": "KXTEMPMIAH-26SEP1920",
          "series_ticker": null,
          "title": "Will the temp in Miami be above 71.99\u00b0 on Sep 19, 2026 at 8pm EDT?",
          "subtitle": "-1\u00b0 or below",
          "yes_sub_title": "72\u00b0 or above",
          "no_sub_title": "72\u00b0 or above",
          "open_time": "2026-09-19T23:00:00Z",
          "close_time": "2026-09-20T00:00:00Z",
          "expected_expiration_time": "2026-09-20T00:05:00Z",
          "latest_expiration_time": "2026-09-27T00:00:00Z",
          "settlement_timer_seconds": 3600,
          "status": "active",
          "result": "",
          "rules_primary": "If the temperature recorded at Miami, FL for Sep 19, 2026 at 8 PM EDT as reported by Synoptic Data, is above 71.99\u00b0, then the market resolves to Yes.",
          "rules_secondary": "The official final value for this market is determined strictly by the temperature reported by Synoptic Data, calculated in accordance with the Kalshi Weather Index Methodology. Alternative sources\u2014such as NWS Climatological Reports or Google Weather\u2014may serve as references, but are not authoritative and will not be used for market resolution.",
          "floor_strike": 71.99,
          "cap_strike": null,
          "functional_strike": null,
          "custom_strike": null,
          "occurrence_datetime": "2026-09-20T00:05:00Z",
          "is_provisional": null
        },
        {
          "ticker": "KXTEMPMIAH-26SEP1919-T83.99",
          "event_ticker": "KXTEMPMIAH-26SEP1919",
          "series_ticker": null,
          "title": "Will the temp in Miami be above 83.99\u00b0 on Sep 19, 2026 at 7pm EDT?",
          "subtitle": "-1\u00b0 or below",
          "yes_sub_title": "84\u00b0 or above",
          "no_sub_title": "84\u00b0 or above",
          "open_time": "2026-09-19T22:00:00Z",
          "close_time": "2026-09-19T23:00:00Z",
          "expected_expiration_time": "2026-09-19T23:05:00Z",
          "latest_expiration_time": "2026-09-26T23:00:00Z",
          "settlement_timer_seconds": 3600,
          "status": "determined",
          "result": "no",
          "rules_primary": "If the temperature recorded at Miami, FL for Sep 19, 2026 at 7 PM EDT as reported by Synoptic Data, is above 83.99\u00b0, then the market resolves to Yes.",
          "rules_secondary": "The official final value for this market is determined strictly by the temperature reported by Synoptic Data, calculated in accordance with the Kalshi Weather Index Methodology. Alternative sources\u2014such as NWS Climatological Reports or Google Weather\u2014may serve as references, but are not authoritative and will not be used for market resolution.",
          "floor_strike": 83.99,
          "cap_strike": null,
          "functional_strike": null,
          "custom_strike": null,
          "occurrence_datetime": "2026-09-19T23:05:00Z",
          "is_provisional": null
        },
        {
          "ticker": "KXTEMPMIAH-26SEP1919-T82.99",
          "event_ticker": "KXTEMPMIAH-26SEP1919",
          "series_ticker": null,
          "title": "Will the temp in Miami be above 82.99\u00b0 on Sep 19, 2026 at 7pm EDT?",
          "subtitle": "-1\u00b0 or below",
          "yes_sub_title": "83\u00b0 or above",
          "no_sub_title": "83\u00b0 or above",
          "open_time": "2026-09-19T22:00:00Z",
          "close_time": "2026-09-19T23:00:00Z",
          "expected_expiration_time": "2026-09-19T23:05:00Z",
          "latest_expiration_time": "2026-09-26T23:00:00Z",
          "settlement_timer_seconds": 3600,
          "status": "determined",
          "result": "no",
          "rules_primary": "If the temperature recorded at Miami, FL for Sep 19, 2026 at 7 PM EDT as reported by Synoptic Data, is above 82.99\u00b0, then the market resolves to Yes.",
          "rules_secondary": "The official final value for this market is determined strictly by the temperature reported by Synoptic Data, calculated in accordance with the Kalshi Weather Index Methodology. Alternative sources\u2014such as NWS Climatological Reports or Google Weather\u2014may serve as references, but are not authoritative and will not be used for market resolution.",
          "floor_strike": 82.99,
          "cap_strike": null,
          "functional_strike": null,
          "custom_strike": null,
          "occurrence_datetime": "2026-09-19T23:05:00Z",
          "is_provisional": null
        },
        {
          "ticker": "KXTEMPMIAH-26SEP1919-T81.99",
          "event_ticker": "KXTEMPMIAH-26SEP1919",
          "series_ticker": null,
          "title": "Will the temp in Miami be above 81.99\u00b0 on Sep 19, 2026 at 7pm EDT?",
          "subtitle": "-1\u00b0 or below",
          "yes_sub_title": "82\u00b0 or above",
          "no_sub_title": "82\u00b0 or above",
          "open_time": "2026-09-19T22:00:00Z",
          "close_time": "2026-09-19T23:00:00Z",
          "expected_expiration_time": "2026-09-19T23:05:00Z",
          "latest_expiration_time": "2026-09-26T23:00:00Z",
          "settlement_timer_seconds": 3600,
          "status": "determined",
          "result": "no",
          "rules_primary": "If the temperature recorded at Miami, FL for Sep 19, 2026 at 7 PM EDT as reported by Synoptic Data, is above 81.99\u00b0, then the market resolves to Yes.",
          "rules_secondary": "The official final value for this market is determined strictly by the temperature reported by Synoptic Data, calculated in accordance with the Kalshi Weather Index Methodology. Alternative sources\u2014such as NWS Climatological Reports or Google Weather\u2014may serve as references, but are not authoritative and will not be used for market resolution.",
          "floor_strike": 81.99,
          "cap_strike": null,
          "functional_strike": null,
          "custom_strike": null,
          "occurrence_datetime": "2026-09-19T23:05:00Z",
          "is_provisional": null
        },
        {
          "ticker": "KXTEMPMIAH-26SEP1919-T80.99",
          "event_ticker": "KXTEMPMIAH-26SEP1919",
          "series_ticker": null,
          "title": "Will the temp in Miami be above 80.99\u00b0 on Sep 19, 2026 at 7pm EDT?",
          "subtitle": "-1\u00b0 or below",
          "yes_sub_title": "81\u00b0 or above",
          "no_sub_title": "81\u00b0 or above",
          "open_time": "2026-09-19T22:00:00Z",
          "close_time": "2026-09-19T23:00:00Z",
          "expected_expiration_time": "2026-09-19T23:05:00Z",
          "latest_expiration_time": "2026-09-26T23:00:00Z",
          "settlement_timer_seconds": 3600,
          "status": "determined",
          "result": "no",
          "rules_primary": "If the temperature recorded at Miami, FL for Sep 19, 2026 at 7 PM EDT as reported by Synoptic Data, is above 80.99\u00b0, then the market resolves to Yes.",
          "rules_secondary": "The official final value for this market is determined strictly by the temperature reported by Synoptic Data, calculated in accordance with the Kalshi Weather Index Methodology. Alternative sources\u2014such as NWS Climatological Reports or Google Weather\u2014may serve as references, but are not authoritative and will not be used for market resolution.",
          "floor_strike": 80.99,
          "cap_strike": null,
          "functional_strike": null,
          "custom_strike": null,
          "occurrence_datetime": "2026-09-19T23:05:00Z",
          "is_provisional": null
        },
        {
          "ticker": "KXTEMPMIAH-26SEP1919-T79.99",
          "event_ticker": "KXTEMPMIAH-26SEP1919",
          "series_ticker": null,
          "title": "Will the temp in Miami be above 79.99\u00b0 on Sep 19, 2026 at 7pm EDT?",
          "subtitle": "-1\u00b0 or below",
          "yes_sub_title": "80\u00b0 or above",
          "no_sub_title": "80\u00b0 or above",
          "open_time": "2026-09-19T22:00:00Z",
          "close_time": "2026-09-19T23:00:00Z",
          "expected_expiration_time": "2026-09-19T23:05:00Z",
          "latest_expiration_time": "2026-09-26T23:00:00Z",
          "settlement_timer_seconds": 3600,
          "status": "determined",
          "result": "no",
          "rules_primary": "If the temperature recorded at Miami, FL for Sep 19, 2026 at 7 PM EDT as reported by Synoptic Data, is above 79.99\u00b0, then the market resolves to Yes.",
          "rules_secondary": "The official final value for this market is determined strictly by the temperature reported by Synoptic Data, calculated in accordance with the Kalshi Weather Index Methodology. Alternative sources\u2014such as NWS Climatological Reports or Google Weather\u2014may serve as references, but are not authoritative and will not be used for market resolution.",
          "floor_strike": 79.99,
          "cap_strike": null,
          "functional_strike": null,
          "custom_strike": null,
          "occurrence_datetime": "2026-09-19T23:05:00Z",
          "is_provisional": null
        },
        {
          "ticker": "KXTEMPMIAH-26SEP1919-T78.99",
          "event_ticker": "KXTEMPMIAH-26SEP1919",
          "series_ticker": null,
          "title": "Will the temp in Miami be above 78.99\u00b0 on Sep 19, 2026 at 7pm EDT?",
          "subtitle": "-1\u00b0 or below",
          "yes_sub_title": "79\u00b0 or above",
          "no_sub_title": "79\u00b0 or above",
          "open_time": "2026-09-19T22:00:00Z",
          "close_time": "2026-09-19T23:00:00Z",
          "expected_expiration_time": "2026-09-19T23:05:00Z",
          "latest_expiration_time": "2026-09-26T23:00:00Z",
          "settlement_timer_seconds": 3600,
          "status": "determined",
          "result": "no",
          "rules_primary": "If the temperature recorded at Miami, FL for Sep 19, 2026 at 7 PM EDT as reported by Synoptic Data, is above 78.99\u00b0, then the market resolves to Yes.",
          "rules_secondary": "The official final value for this market is determined strictly by the temperature reported by Synoptic Data, calculated in accordance with the Kalshi Weather Index Methodology. Alternative sources\u2014such as NWS Climatological Reports or Google Weather\u2014may serve as references, but are not authoritative and will not be used for market resolution.",
          "floor_strike": 78.99,
          "cap_strike": null,
          "functional_strike": null,
          "custom_strike": null,
          "occurrence_datetime": "2026-09-19T23:05:00Z",
          "is_provisional": null
        },
        {
          "ticker": "KXTEMPMIAH-26SEP1919-T77.99",
          "event_ticker": "KXTEMPMIAH-26SEP1919",
          "series_ticker": null,
          "title": "Will the temp in Miami be above 77.99\u00b0 on Sep 19, 2026 at 7pm EDT?",
          "subtitle": "-1\u00b0 or below",
          "yes_sub_title": "78\u00b0 or above",
          "no_sub_title": "78\u00b0 or above",
          "open_time": "2026-09-19T22:00:00Z",
          "close_time": "2026-09-19T23:00:00Z",
          "expected_expiration_time": "2026-09-19T23:05:00Z",
          "latest_expiration_time": "2026-09-26T23:00:00Z",
          "settlement_timer_seconds": 3600,
          "status": "determined",
          "result": "yes",
          "rules_primary": "If the temperature recorded at Miami, FL for Sep 19, 2026 at 7 PM EDT as reported by Synoptic Data, is above 77.99\u00b0, then the market resolves to Yes.",
          "rules_secondary": "The official final value for this market is determined strictly by the temperature reported by Synoptic Data, calculated in accordance with the Kalshi Weather Index Methodology. Alternative sources\u2014such as NWS Climatological Reports or Google Weather\u2014may serve as references, but are not authoritative and will not be used for market resolution.",
          "floor_strike": 77.99,
          "cap_strike": null,
          "functional_strike": null,
          "custom_strike": null,
          "occurrence_datetime": "2026-09-19T23:05:00Z",
          "is_provisional": null
        },
        {
          "ticker": "KXTEMPMIAH-26SEP1919-T76.99",
          "event_ticker": "KXTEMPMIAH-26SEP1919",
          "series_ticker": null,
          "title": "Will the temp in Miami be above 76.99\u00b0 on Sep 19, 2026 at 7pm EDT?",
          "subtitle": "-1\u00b0 or below",
          "yes_sub_title": "77\u00b0 or above",
          "no_sub_title": "77\u00b0 or above",
          "open_time": "2026-09-19T22:00:00Z",
          "close_time": "2026-09-19T23:00:00Z",
          "expected_expiration_time": "2026-09-19T23:05:00Z",
          "latest_expiration_time": "2026-09-26T23:00:00Z",
          "settlement_timer_seconds": 3600,
          "status": "determined",
          "result": "yes",
          "rules_primary": "If the temperature recorded at Miami, FL for Sep 19, 2026 at 7 PM EDT as reported by Synoptic Data, is above 76.99\u00b0, then the market resolves to Yes.",
          "rules_secondary": "The official final value for this market is determined strictly by the temperature reported by Synoptic Data, calculated in accordance with the Kalshi Weather Index Methodology. Alternative sources\u2014such as NWS Climatological Reports or Google Weather\u2014may serve as references, but are not authoritative and will not be used for market resolution.",
          "floor_strike": 76.99,
          "cap_strike": null,
          "functional_strike": null,
          "custom_strike": null,
          "occurrence_datetime": "2026-09-19T23:05:00Z",
          "is_provisional": null
        },
        {
          "ticker": "KXTEMPMIAH-26SEP1919-T75.99",
          "event_ticker": "KXTEMPMIAH-26SEP1919",
          "series_ticker": null,
          "title": "Will the temp in Miami be above 75.99\u00b0 on Sep 19, 2026 at 7pm EDT?",
          "subtitle": "-1\u00b0 or below",
          "yes_sub_title": "76\u00b0 or above",
          "no_sub_title": "76\u00b0 or above",
          "open_time": "2026-09-19T22:00:00Z",
          "close_time": "2026-09-19T23:00:00Z",
          "expected_expiration_time": "2026-09-19T23:05:00Z",
          "latest_expiration_time": "2026-09-26T23:00:00Z",
          "settlement_timer_seconds": 3600,
          "status": "determined",
          "result": "yes",
          "rules_primary": "If the temperature recorded at Miami, FL for Sep 19, 2026 at 7 PM EDT as reported by Synoptic Data, is above 75.99\u00b0, then the market resolves to Yes.",
          "rules_secondary": "The official final value for this market is determined strictly by the temperature reported by Synoptic Data, calculated in accordance with the Kalshi Weather Index Methodology. Alternative sources\u2014such as NWS Climatological Reports or Google Weather\u2014may serve as references, but are not authoritative and will not be used for market resolution.",
          "floor_strike": 75.99,
          "cap_strike": null,
          "functional_strike": null,
          "custom_strike": null,
          "occurrence_datetime": "2026-09-19T23:05:00Z",
          "is_provisional": null
        },
        {
          "ticker": "KXTEMPMIAH-26SEP1919-T74.99",
          "event_ticker": "KXTEMPMIAH-26SEP1919",
          "series_ticker": null,
          "title": "Will the temp in Miami be above 74.99\u00b0 on Sep 19, 2026 at 7pm EDT?",
          "subtitle": "-1\u00b0 or below",
          "yes_sub_title": "75\u00b0 or above",
          "no_sub_title": "75\u00b0 or above",
          "open_time": "2026-09-19T22:00:00Z",
          "close_time": "2026-09-19T23:00:00Z",
          "expected_expiration_time": "2026-09-19T23:05:00Z",
          "latest_expiration_time": "2026-09-26T23:00:00Z",
          "settlement_timer_seconds": 3600,
          "status": "determined",
          "result": "yes",
          "rules_primary": "If the temperature recorded at Miami, FL for Sep 19, 2026 at 7 PM EDT as reported by Synoptic Data, is above 74.99\u00b0, then the market resolves to Yes.",
          "rules_secondary": "The official final value for this market is determined strictly by the temperature reported by Synoptic Data, calculated in accordance with the Kalshi Weather Index Methodology. Alternative sources\u2014such as NWS Climatological Reports or Google Weather\u2014may serve as references, but are not authoritative and will not be used for market resolution.",
          "floor_strike": 74.99,
          "cap_strike": null,
          "functional_strike": null,
          "custom_strike": null,
          "occurrence_datetime": "2026-09-19T23:05:00Z",
          "is_provisional": null
        },
        {
          "ticker": "KXTEMPMIAH-26SEP1918-T86.99",
          "event_ticker": "KXTEMPMIAH-26SEP1918",
          "series_ticker": null,
          "title": "Will the temp in Miami be above 86.99\u00b0 on Sep 19, 2026 at 6pm EDT?",
          "subtitle": "-1\u00b0 or below",
          "yes_sub_title": "87\u00b0 or above",
          "no_sub_title": "87\u00b0 or above",
          "open_time": "2026-09-19T21:00:00Z",
          "close_time": "2026-09-19T22:00:00Z",
          "expected_expiration_time": "2026-09-19T22:05:00Z",
          "latest_expiration_time": "2026-09-26T22:00:00Z",
          "settlement_timer_seconds": 3600,
          "status": "finalized",
          "result": "no",
          "rules_primary": "If the temperature recorded at Miami, FL for Sep 19, 2026 at 6 PM EDT as reported by Synoptic Data, is above 86.99\u00b0, then the market resolves to Yes.",
          "rules_secondary": "The official final value for this market is determined strictly by the temperature reported by Synoptic Data, calculated in accordance with the Kalshi Weather Index Methodology. Alternative sources\u2014such as NWS Climatological Reports or Google Weather\u2014may serve as references, but are not authoritative and will not be used for market resolution.",
          "floor_strike": 86.99,
          "cap_strike": null,
          "functional_strike": null,
          "custom_strike": null,
          "occurrence_datetime": "2026-09-19T22:05:00Z",
          "is_provisional": null
        },
        {
          "ticker": "KXTEMPMIAH-26SEP1918-T85.99",
          "event_ticker": "KXTEMPMIAH-26SEP1918",
          "series_ticker": null,
          "title": "Will the temp in Miami be above 85.99\u00b0 on Sep 19, 2026 at 6pm EDT?",
          "subtitle": "-1\u00b0 or below",
          "yes_sub_title": "86\u00b0 or above",
          "no_sub_title": "86\u00b0 or above",
          "open_time": "2026-09-19T21:00:00Z",
          "close_time": "2026-09-19T22:00:00Z",
          "expected_expiration_time": "2026-09-19T22:05:00Z",
          "latest_expiration_time": "2026-09-26T22:00:00Z",
          "settlement_timer_seconds": 3600,
          "status": "finalized",
          "result": "no",
          "rules_primary": "If the temperature recorded at Miami, FL for Sep 19, 2026 at 6 PM EDT as reported by Synoptic Data, is above 85.99\u00b0, then the market resolves to Yes.",
          "rules_secondary": "The official final value for this market is determined strictly by the temperature reported by Synoptic Data, calculated in accordance with the Kalshi Weather Index Methodology. Alternative sources\u2014such as NWS Climatological Reports or Google Weather\u2014may serve as references, but are not authoritative and will not be used for market resolution.",
          "floor_strike": 85.99,
          "cap_strike": null,
          "functional_strike": null,
          "custom_strike": null,
          "occurrence_datetime": "2026-09-19T22:05:00Z",
          "is_provisional": null
        },
        {
          "ticker": "KXTEMPMIAH-26SEP1918-T84.99",
          "event_ticker": "KXTEMPMIAH-26SEP1918",
          "series_ticker": null,
          "title": "Will the temp in Miami be above 84.99\u00b0 on Sep 19, 2026 at 6pm EDT?",
          "subtitle": "-1\u00b0 or below",
          "yes_sub_title": "85\u00b0 or above",
          "no_sub_title": "85\u00b0 or above",
          "open_time": "2026-09-19T21:00:00Z",
          "close_time": "2026-09-19T22:00:00Z",
          "expected_expiration_time": "2026-09-19T22:05:00Z",
          "latest_expiration_time": "2026-09-26T22:00:00Z",
          "settlement_timer_seconds": 3600,
          "status": "finalized",
          "result": "no",
          "rules_primary": "If the temperature recorded at Miami, FL for Sep 19, 2026 at 6 PM EDT as reported by Synoptic Data, is above 84.99\u00b0, then the market resolves to Yes.",
          "rules_secondary": "The official final value for this market is determined strictly by the temperature reported by Synoptic Data, calculated in accordance with the Kalshi Weather Index Methodology. Alternative sources\u2014such as NWS Climatological Reports or Google Weather\u2014may serve as references, but are not authoritative and will not be used for market resolution.",
          "floor_strike": 84.99,
          "cap_strike": null,
          "functional_strike": null,
          "custom_strike": null,
          "occurrence_datetime": "2026-09-19T22:05:00Z",
          "is_provisional": null
        },
        {
          "ticker": "KXTEMPMIAH-26SEP1918-T83.99",
          "event_ticker": "KXTEMPMIAH-26SEP1918",
          "series_ticker": null,
          "title": "Will the temp in Miami be above 83.99\u00b0 on Sep 19, 2026 at 6pm EDT?",
          "subtitle": "-1\u00b0 or below",
          "yes_sub_title": "84\u00b0 or above",
          "no_sub_title": "84\u00b0 or above",
          "open_time": "2026-09-19T21:00:00Z",
          "close_time": "2026-09-19T22:00:00Z",
          "expected_expiration_time": "2026-09-19T22:05:00Z",
          "latest_expiration_time": "2026-09-26T22:00:00Z",
          "settlement_timer_seconds": 3600,
          "status": "finalized",
          "result": "no",
          "rules_primary": "If the temperature recorded at Miami, FL for Sep 19, 2026 at 6 PM EDT as reported by Synoptic Data, is above 83.99\u00b0, then the market resolves to Yes.",
          "rules_secondary": "The official final value for this market is determined strictly by the temperature reported by Synoptic Data, calculated in accordance with the Kalshi Weather Index Methodology. Alternative sources\u2014such as NWS Climatological Reports or Google Weather\u2014may serve as references, but are not authoritative and will not be used for market resolution.",
          "floor_strike": 83.99,
          "cap_strike": null,
          "functional_strike": null,
          "custom_strike": null,
          "occurrence_datetime": "2026-09-19T22:05:00Z",
          "is_provisional": null
        },
        {
          "ticker": "KXTEMPMIAH-26SEP1918-T82.99",
          "event_ticker": "KXTEMPMIAH-26SEP1918",
          "series_ticker": null,
          "title": "Will the temp in Miami be above 82.99\u00b0 on Sep 19, 2026 at 6pm EDT?",
          "subtitle": "-1\u00b0 or below",
          "yes_sub_title": "83\u00b0 or above",
          "no_sub_title": "83\u00b0 or above",
          "open_time": "2026-09-19T21:00:00Z",
          "close_time": "2026-09-19T22:00:00Z",
          "expected_expiration_time": "2026-09-19T22:05:00Z",
          "latest_expiration_time": "2026-09-26T22:00:00Z",
          "settlement_timer_seconds": 3600,
          "status": "finalized",
          "result": "no",
          "rules_primary": "If the temperature recorded at Miami, FL for Sep 19, 2026 at 6 PM EDT as reported by Synoptic Data, is above 82.99\u00b0, then the market resolves to Yes.",
          "rules_secondary": "The official final value for this market is determined strictly by the temperature reported by Synoptic Data, calculated in accordance with the Kalshi Weather Index Methodology. Alternative sources\u2014such as NWS Climatological Reports or Google Weather\u2014may serve as references, but are not authoritative and will not be used for market resolution.",
          "floor_strike": 82.99,
          "cap_strike": null,
          "functional_strike": null,
          "custom_strike": null,
          "occurrence_datetime": "2026-09-19T22:05:00Z",
          "is_provisional": null
        },
        {
          "ticker": "KXTEMPMIAH-26SEP1918-T81.99",
          "event_ticker": "KXTEMPMIAH-26SEP1918",
          "series_ticker": null,
          "title": "Will the temp in Miami be above 81.99\u00b0 on Sep 19, 2026 at 6pm EDT?",
          "subtitle": "-1\u00b0 or below",
          "yes_sub_title": "82\u00b0 or above",
          "no_sub_title": "82\u00b0 or above",
          "open_time": "2026-09-19T21:00:00Z",
          "close_time": "2026-09-19T22:00:00Z",
          "expected_expiration_time": "2026-09-19T22:05:00Z",
          "latest_expiration_time": "2026-09-26T22:00:00Z",
          "settlement_timer_seconds": 3600,
          "status": "finalized",
          "result": "no",
          "rules_primary": "If the temperature recorded at Miami, FL for Sep 19, 2026 at 6 PM EDT as reported by Synoptic Data, is above 81.99\u00b0, then the market resolves to Yes.",
          "rules_secondary": "The official final value for this market is determined strictly by the temperature reported by Synoptic Data, calculated in accordance with the Kalshi Weather Index Methodology. Alternative sources\u2014such as NWS Climatological Reports or Google Weather\u2014may serve as references, but are not authoritative and will not be used for market resolution.",
          "floor_strike": 81.99,
          "cap_strike": null,
          "functional_strike": null,
          "custom_strike": null,
          "occurrence_datetime": "2026-09-19T22:05:00Z",
          "is_provisional": null
        },
        {
          "ticker": "KXTEMPMIAH-26SEP1918-T80.99",
          "event_ticker": "KXTEMPMIAH-26SEP1918",
          "series_ticker": null,
          "title": "Will the temp in Miami be above 80.99\u00b0 on Sep 19, 2026 at 6pm EDT?",
          "subtitle": "-1\u00b0 or below",
          "yes_sub_title": "81\u00b0 or above",
          "no_sub_title": "81\u00b0 or above",
          "open_time": "2026-09-19T21:00:00Z",
          "close_time": "2026-09-19T22:00:00Z",
          "expected_expiration_time": "2026-09-19T22:05:00Z",
          "latest_expiration_time": "2026-09-26T22:00:00Z",
          "settlement_timer_seconds": 3600,
          "status": "finalized",
          "result": "no",
          "rules_primary": "If the temperature recorded at Miami, FL for Sep 19, 2026 at 6 PM EDT as reported by Synoptic Data, is above 80.99\u00b0, then the market resolves to Yes.",
          "rules_secondary": "The official final value for this market is determined strictly by the temperature reported by Synoptic Data, calculated in accordance with the Kalshi Weather Index Methodology. Alternative sources\u2014such as NWS Climatological Reports or Google Weather\u2014may serve as references, but are not authoritative and will not be used for market resolution.",
          "floor_strike": 80.99,
          "cap_strike": null,
          "functional_strike": null,
          "custom_strike": null,
          "occurrence_datetime": "2026-09-19T22:05:00Z",
          "is_provisional": null
        },
        {
          "ticker": "KXTEMPMIAH-26SEP1918-T79.99",
          "event_ticker": "KXTEMPMIAH-26SEP1918",
          "series_ticker": null,
          "title": "Will the temp in Miami be above 79.99\u00b0 on Sep 19, 2026 at 6pm EDT?",
          "subtitle": "-1\u00b0 or below",
          "yes_sub_title": "80\u00b0 or above",
          "no_sub_title": "80\u00b0 or above",
          "open_time": "2026-09-19T21:00:00Z",
          "close_time": "2026-09-19T22:00:00Z",
          "expected_expiration_time": "2026-09-19T22:05:00Z",
          "latest_expiration_time": "2026-09-26T22:00:00Z",
          "settlement_timer_seconds": 3600,
          "status": "finalized",
          "result": "yes",
          "rules_primary": "If the temperature recorded at Miami, FL for Sep 19, 2026 at 6 PM EDT as reported by Synoptic Data, is above 79.99\u00b0, then the market resolves to Yes.",
          "rules_secondary": "The official final value for this market is determined strictly by the temperature reported by Synoptic Data, calculated in accordance with the Kalshi Weather Index Methodology. Alternative sources\u2014such as NWS Climatological Reports or Google Weather\u2014may serve as references, but are not authoritative and will not be used for market resolution.",
          "floor_strike": 79.99,
          "cap_strike": null,
          "functional_strike": null,
          "custom_strike": null,
          "occurrence_datetime": "2026-09-19T22:05:00Z",
          "is_provisional": null
        },
        {
          "ticker": "KXTEMPMIAH-26SEP1918-T78.99",
          "event_ticker": "KXTEMPMIAH-26SEP1918",
          "series_ticker": null,
          "title": "Will the temp in Miami be above 78.99\u00b0 on Sep 19, 2026 at 6pm EDT?",
          "subtitle": "-1\u00b0 or below",
          "yes_sub_title": "79\u00b0 or above",
          "no_sub_title": "79\u00b0 or above",
          "open_time": "2026-09-19T21:00:00Z",
          "close_time": "2026-09-19T22:00:00Z",
          "expected_expiration_time": "2026-09-19T22:05:00Z",
          "latest_expiration_time": "2026-09-26T22:00:00Z",
          "settlement_timer_seconds": 3600,
          "status": "finalized",
          "result": "yes",
          "rules_primary": "If the temperature recorded at Miami, FL for Sep 19, 2026 at 6 PM EDT as reported by Synoptic Data, is above 78.99\u00b0, then the market resolves to Yes.",
          "rules_secondary": "The official final value for this market is determined strictly by the temperature reported by Synoptic Data, calculated in accordance with the Kalshi Weather Index Methodology. Alternative sources\u2014such as NWS Climatological Reports or Google Weather\u2014may serve as references, but are not authoritative and will not be used for market resolution.",
          "floor_strike": 78.99,
          "cap_strike": null,
          "functional_strike": null,
          "custom_strike": null,
          "occurrence_datetime": "2026-09-19T22:05:00Z",
          "is_provisional": null
        },
        {
          "ticker": "KXTEMPMIAH-26SEP1918-T77.99",
          "event_ticker": "KXTEMPMIAH-26SEP1918",
          "series_ticker": null,
          "title": "Will the temp in Miami be above 77.99\u00b0 on Sep 19, 2026 at 6pm EDT?",
          "subtitle": "-1\u00b0 or below",
          "yes_sub_title": "78\u00b0 or above",
          "no_sub_title": "78\u00b0 or above",
          "open_time": "2026-09-19T21:00:00Z",
          "close_time": "2026-09-19T22:00:00Z",
          "expected_expiration_time": "2026-09-19T22:05:00Z",
          "latest_expiration_time": "2026-09-26T22:00:00Z",
          "settlement_timer_seconds": 3600,
          "status": "finalized",
          "result": "yes",
          "rules_primary": "If the temperature recorded at Miami, FL for Sep 19, 2026 at 6 PM EDT as reported by Synoptic Data, is above 77.99\u00b0, then the market resolves to Yes.",
          "rules_secondary": "The official final value for this market is determined strictly by the temperature reported by Synoptic Data, calculated in accordance with the Kalshi Weather Index Methodology. Alternative sources\u2014such as NWS Climatological Reports or Google Weather\u2014may serve as references, but are not authoritative and will not be used for market resolution.",
          "floor_strike": 77.99,
          "cap_strike": null,
          "functional_strike": null,
          "custom_strike": null,
          "occurrence_datetime": "2026-09-19T22:05:00Z",
          "is_provisional": null
        }
      ],
      "status_counts": {
        "active": 10,
        "determined": 10,
        "finalized": 980
      }
    }
  ],
  "commit": {
    "rc": 0,
    "stdout": "[main e4b9d62] research(weather): resolve known Kalshi hourly temperature series\n 1 file changed, 3066 insertions(+)\n create mode 100644 knowledge/runs/kalshi-hourly-series-e209.json",
    "stderr": ""
  },
  "push": {
    "rc": 0,
    "stdout": "",
    "stderr": "To github.com:bas1231/onderzoek.git\n   316bac0..e4b9d62  HEAD -> main"
  },
  "live_trading": false,
  "paid_actions": false,
  "wallet_actions": false
}
