{
  "artifact": "knowledge/runs/kalshi-hourly-source-transition-e211.json",
  "transition_cut": "2026-09-10T15:00:00Z",
  "series": [
    {
      "series_ticker": "KXTEMPNYCH",
      "historical_raw_sha256": "65ad1e94b8b8bbf2bcc75d87b88b27b991d3dfab759d67421cedb103828753f6",
      "historical_raw_exists": true,
      "historical_market_count": 1000,
      "historical_source_counts": {
        "TWC": 1000
      },
      "nearest_before_transition": [
        {
          "ticker": "KXTEMPNYCH-26SEP1010-T75.99",
          "event_ticker": "KXTEMPNYCH-26SEP1010",
          "title": "Will the temp in New York City be above 75.99\u00b0 on Sep 10, 2026 at 10am EDT?",
          "subtitle": "-1\u00b0 or below",
          "open_time": "2026-09-10T13:00:00Z",
          "close_time": "2026-09-10T14:00:00Z",
          "expected_expiration_time": "2026-09-10T14:05:00Z",
          "latest_expiration_time": "2026-09-17T14:00:00Z",
          "status": "finalized",
          "result": "no",
          "rules_primary": "If the temperature recorded at Central Park, New York City for Sep 10, 2026 10 AM EDT as reported by The Weather Company (for coordinates KNYC), is above 75.99\u00b0, then the market resolves to Yes.",
          "rules_secondary": "Not all weather data is the same. While checking a source like AccuWeather or Google Weather may help guide your decision, the official and final value used to determine this market is the maximum/minimum temperature as reported by the Weather Company.\n\nReading weather data\nPreliminary Weather Company data may be subject to rounding and conversion differences from the final reported value.\nUse caution when interpreting preliminary Weather Company readings.",
          "floor_strike": 75.99,
          "cap_strike": null,
          "occurrence_datetime": "2026-09-10T14:05:00Z",
          "settlement_timer_seconds": 3600,
          "source_label": "TWC"
        },
        {
          "ticker": "KXTEMPNYCH-26SEP1010-T74.99",
          "event_ticker": "KXTEMPNYCH-26SEP1010",
          "title": "Will the temp in New York City be above 74.99\u00b0 on Sep 10, 2026 at 10am EDT?",
          "subtitle": "-1\u00b0 or below",
          "open_time": "2026-09-10T13:00:00Z",
          "close_time": "2026-09-10T14:00:00Z",
          "expected_expiration_time": "2026-09-10T14:05:00Z",
          "latest_expiration_time": "2026-09-17T14:00:00Z",
          "status": "finalized",
          "result": "yes",
          "rules_primary": "If the temperature recorded at Central Park, New York City for Sep 10, 2026 10 AM EDT as reported by The Weather Company (for coordinates KNYC), is above 74.99\u00b0, then the market resolves to Yes.",
          "rules_secondary": "Not all weather data is the same. While checking a source like AccuWeather or Google Weather may help guide your decision, the official and final value used to determine this market is the maximum/minimum temperature as reported by the Weather Company.\n\nReading weather data\nPreliminary Weather Company data may be subject to rounding and conversion differences from the final reported value.\nUse caution when interpreting preliminary Weather Company readings.",
          "floor_strike": 74.99,
          "cap_strike": null,
          "occurrence_datetime": "2026-09-10T14:05:00Z",
          "settlement_timer_seconds": 3600,
          "source_label": "TWC"
        },
        {
          "ticker": "KXTEMPNYCH-26SEP1010-T73.99",
          "event_ticker": "KXTEMPNYCH-26SEP1010",
          "title": "Will the temp in New York City be above 73.99\u00b0 on Sep 10, 2026 at 10am EDT?",
          "subtitle": "-1\u00b0 or below",
          "open_time": "2026-09-10T13:00:00Z",
          "close_time": "2026-09-10T14:00:00Z",
          "expected_expiration_time": "2026-09-10T14:05:00Z",
          "latest_expiration_time": "2026-09-17T14:00:00Z",
          "status": "finalized",
          "result": "yes",
          "rules_primary": "If the temperature recorded at Central Park, New York City for Sep 10, 2026 10 AM EDT as reported by The Weather Company (for coordinates KNYC), is above 73.99\u00b0, then the market resolves to Yes.",
          "rules_secondary": "Not all weather data is the same. While checking a source like AccuWeather or Google Weather may help guide your decision, the official and final value used to determine this market is the maximum/minimum temperature as reported by the Weather Company.\n\nReading weather data\nPreliminary Weather Company data may be subject to rounding and conversion differences from the final reported value.\nUse caution when interpreting preliminary Weather Company readings.",
          "floor_strike": 73.99,
          "cap_strike": null,
          "occurrence_datetime": "2026-09-10T14:05:00Z",
          "settlement_timer_seconds": 3600,
          "source_label": "TWC"
        },
        {
          "ticker": "KXTEMPNYCH-26SEP1010-T72.99",
          "event_ticker": "KXTEMPNYCH-26SEP1010",
          "title": "Will the temp in New York City be above 72.99\u00b0 on Sep 10, 2026 at 10am EDT?",
          "subtitle": "-1\u00b0 or below",
          "open_time": "2026-09-10T13:00:00Z",
          "close_time": "2026-09-10T14:00:00Z",
          "expected_expiration_time": "2026-09-10T14:05:00Z",
          "latest_expiration_time": "2026-09-17T14:00:00Z",
          "status": "finalized",
          "result": "yes",
          "rules_primary": "If the temperature recorded at Central Park, New York City for Sep 10, 2026 10 AM EDT as reported by The Weather Company (for coordinates KNYC), is above 72.99\u00b0, then the market resolves to Yes.",
          "rules_secondary": "Not all weather data is the same. While checking a source like AccuWeather or Google Weather may help guide your decision, the official and final value used to determine this market is the maximum/minimum temperature as reported by the Weather Company.\n\nReading weather data\nPreliminary Weather Company data may be subject to rounding and conversion differences from the final reported value.\nUse caution when interpreting preliminary Weather Company readings.",
          "floor_strike": 72.99,
          "cap_strike": null,
          "occurrence_datetime": "2026-09-10T14:05:00Z",
          "settlement_timer_seconds": 3600,
          "source_label": "TWC"
        },
        {
          "ticker": "KXTEMPNYCH-26SEP1010-T71.99",
          "event_ticker": "KXTEMPNYCH-26SEP1010",
          "title": "Will the temp in New York City be above 71.99\u00b0 on Sep 10, 2026 at 10am EDT?",
          "subtitle": "-1\u00b0 or below",
          "open_time": "2026-09-10T13:00:00Z",
          "close_time": "2026-09-10T14:00:00Z",
          "expected_expiration_time": "2026-09-10T14:05:00Z",
          "latest_expiration_time": "2026-09-17T14:00:00Z",
          "status": "finalized",
          "result": "yes",
          "rules_primary": "If the temperature recorded at Central Park, New York City for Sep 10, 2026 10 AM EDT as reported by The Weather Company (for coordinates KNYC), is above 71.99\u00b0, then the market resolves to Yes.",
          "rules_secondary": "Not all weather data is the same. While checking a source like AccuWeather or Google Weather may help guide your decision, the official and final value used to determine this market is the maximum/minimum temperature as reported by the Weather Company.\n\nReading weather data\nPreliminary Weather Company data may be subject to rounding and conversion differences from the final reported value.\nUse caution when interpreting preliminary Weather Company readings.",
          "floor_strike": 71.99,
          "cap_strike": null,
          "occurrence_datetime": "2026-09-10T14:05:00Z",
          "settlement_timer_seconds": 3600,
          "source_label": "TWC"
        },
        {
          "ticker": "KXTEMPNYCH-26SEP1010-T70.99",
          "event_ticker": "KXTEMPNYCH-26SEP1010",
          "title": "Will the temp in New York City be above 70.99\u00b0 on Sep 10, 2026 at 10am EDT?",
          "subtitle": "-1\u00b0 or below",
          "open_time": "2026-09-10T13:00:00Z",
          "close_time": "2026-09-10T14:00:00Z",
          "expected_expiration_time": "2026-09-10T14:05:00Z",
          "latest_expiration_time": "2026-09-17T14:00:00Z",
          "status": "finalized",
          "result": "yes",
          "rules_primary": "If the temperature recorded at Central Park, New York City for Sep 10, 2026 10 AM EDT as reported by The Weather Company (for coordinates KNYC), is above 70.99\u00b0, then the market resolves to Yes.",
          "rules_secondary": "Not all weather data is the same. While checking a source like AccuWeather or Google Weather may help guide your decision, the official and final value used to determine this market is the maximum/minimum temperature as reported by the Weather Company.\n\nReading weather data\nPreliminary Weather Company data may be subject to rounding and conversion differences from the final reported value.\nUse caution when interpreting preliminary Weather Company readings.",
          "floor_strike": 70.99,
          "cap_strike": null,
          "occurrence_datetime": "2026-09-10T14:05:00Z",
          "settlement_timer_seconds": 3600,
          "source_label": "TWC"
        }
      ],
      "first_after_transition": [],
      "latest_historical": [
        {
          "ticker": "KXTEMPNYCH-26SEP1009-T68.99",
          "event_ticker": "KXTEMPNYCH-26SEP1009",
          "title": "Will the temp in New York City be above 68.99\u00b0 on Sep 10, 2026 at 9am EDT?",
          "subtitle": "-1\u00b0 or below",
          "open_time": "2026-09-10T12:00:00Z",
          "close_time": "2026-09-10T13:00:00Z",
          "expected_expiration_time": "2026-09-10T13:05:00Z",
          "latest_expiration_time": "2026-09-17T13:00:00Z",
          "status": "finalized",
          "result": "yes",
          "rules_primary": "If the temperature recorded at Central Park, New York City for Sep 10, 2026 9 AM EDT as reported by The Weather Company (for coordinates KNYC), is above 68.99\u00b0, then the market resolves to Yes.",
          "rules_secondary": "Not all weather data is the same. While checking a source like AccuWeather or Google Weather may help guide your decision, the official and final value used to determine this market is the maximum/minimum temperature as reported by the Weather Company.\n\nReading weather data\nPreliminary Weather Company data may be subject to rounding and conversion differences from the final reported value.\nUse caution when interpreting preliminary Weather Company readings.",
          "floor_strike": 68.99,
          "cap_strike": null,
          "occurrence_datetime": "2026-09-10T13:05:00Z",
          "settlement_timer_seconds": 3600,
          "source_label": "TWC"
        },
        {
          "ticker": "KXTEMPNYCH-26SEP1009-T67.99",
          "event_ticker": "KXTEMPNYCH-26SEP1009",
          "title": "Will the temp in New York City be above 67.99\u00b0 on Sep 10, 2026 at 9am EDT?",
          "subtitle": "-1\u00b0 or below",
          "open_time": "2026-09-10T12:00:00Z",
          "close_time": "2026-09-10T13:00:00Z",
          "expected_expiration_time": "2026-09-10T13:05:00Z",
          "latest_expiration_time": "2026-09-17T13:00:00Z",
          "status": "finalized",
          "result": "yes",
          "rules_primary": "If the temperature recorded at Central Park, New York City for Sep 10, 2026 9 AM EDT as reported by The Weather Company (for coordinates KNYC), is above 67.99\u00b0, then the market resolves to Yes.",
          "rules_secondary": "Not all weather data is the same. While checking a source like AccuWeather or Google Weather may help guide your decision, the official and final value used to determine this market is the maximum/minimum temperature as reported by the Weather Company.\n\nReading weather data\nPreliminary Weather Company data may be subject to rounding and conversion differences from the final reported value.\nUse caution when interpreting preliminary Weather Company readings.",
          "floor_strike": 67.99,
          "cap_strike": null,
          "occurrence_datetime": "2026-09-10T13:05:00Z",
          "settlement_timer_seconds": 3600,
          "source_label": "TWC"
        },
        {
          "ticker": "KXTEMPNYCH-26SEP1010-T79.99",
          "event_ticker": "KXTEMPNYCH-26SEP1010",
          "title": "Will the temp in New York City be above 79.99\u00b0 on Sep 10, 2026 at 10am EDT?",
          "subtitle": "-1\u00b0 or below",
          "open_time": "2026-09-10T13:00:00Z",
          "close_time": "2026-09-10T14:00:00Z",
          "expected_expiration_time": "2026-09-10T14:05:00Z",
          "latest_expiration_time": "2026-09-17T14:00:00Z",
          "status": "finalized",
          "result": "no",
          "rules_primary": "If the temperature recorded at Central Park, New York City for Sep 10, 2026 10 AM EDT as reported by The Weather Company (for coordinates KNYC), is above 79.99\u00b0, then the market resolves to Yes.",
          "rules_secondary": "Not all weather data is the same. While checking a source like AccuWeather or Google Weather may help guide your decision, the official and final value used to determine this market is the maximum/minimum temperature as reported by the Weather Company.\n\nReading weather data\nPreliminary Weather Company data may be subject to rounding and conversion differences from the final reported value.\nUse caution when interpreting preliminary Weather Company readings.",
          "floor_strike": 79.99,
          "cap_strike": null,
          "occurrence_datetime": "2026-09-10T14:05:00Z",
          "settlement_timer_seconds": 3600,
          "source_label": "TWC"
        },
        {
          "ticker": "KXTEMPNYCH-26SEP1010-T78.99",
          "event_ticker": "KXTEMPNYCH-26SEP1010",
          "title": "Will the temp in New York City be above 78.99\u00b0 on Sep 10, 2026 at 10am EDT?",
          "subtitle": "-1\u00b0 or below",
          "open_time": "2026-09-10T13:00:00Z",
          "close_time": "2026-09-10T14:00:00Z",
          "expected_expiration_time": "2026-09-10T14:05:00Z",
          "latest_expiration_time": "2026-09-17T14:00:00Z",
          "status": "finalized",
          "result": "no",
          "rules_primary": "If the temperature recorded at Central Park, New York City for Sep 10, 2026 10 AM EDT as reported by The Weather Company (for coordinates KNYC), is above 78.99\u00b0, then the market resolves to Yes.",
          "rules_secondary": "Not all weather data is the same. While checking a source like AccuWeather or Google Weather may help guide your decision, the official and final value used to determine this market is the maximum/minimum temperature as reported by the Weather Company.\n\nReading weather data\nPreliminary Weather Company data may be subject to rounding and conversion differences from the final reported value.\nUse caution when interpreting preliminary Weather Company readings.",
          "floor_strike": 78.99,
          "cap_strike": null,
          "occurrence_datetime": "2026-09-10T14:05:00Z",
          "settlement_timer_seconds": 3600,
          "source_label": "TWC"
        },
        {
          "ticker": "KXTEMPNYCH-26SEP1010-T77.99",
          "event_ticker": "KXTEMPNYCH-26SEP1010",
          "title": "Will the temp in New York City be above 77.99\u00b0 on Sep 10, 2026 at 10am EDT?",
          "subtitle": "-1\u00b0 or below",
          "open_time": "2026-09-10T13:00:00Z",
          "close_time": "2026-09-10T14:00:00Z",
          "expected_expiration_time": "2026-09-10T14:05:00Z",
          "latest_expiration_time": "2026-09-17T14:00:00Z",
          "status": "finalized",
          "result": "no",
          "rules_primary": "If the temperature recorded at Central Park, New York City for Sep 10, 2026 10 AM EDT as reported by The Weather Company (for coordinates KNYC), is above 77.99\u00b0, then the market resolves to Yes.",
          "rules_secondary": "Not all weather data is the same. While checking a source like AccuWeather or Google Weather may help guide your decision, the official and final value used to determine this market is the maximum/minimum temperature as reported by the Weather Company.\n\nReading weather data\nPreliminary Weather Company data may be subject to rounding and conversion differences from the final reported value.\nUse caution when interpreting preliminary Weather Company readings.",
          "floor_strike": 77.99,
          "cap_strike": null,
          "occurrence_datetime": "2026-09-10T14:05:00Z",
          "settlement_timer_seconds": 3600,
          "source_label": "TWC"
        },
        {
          "ticker": "KXTEMPNYCH-26SEP1010-T76.99",
          "event_ticker": "KXTEMPNYCH-26SEP1010",
          "title": "Will the temp in New York City be above 76.99\u00b0 on Sep 10, 2026 at 10am EDT?",
          "subtitle": "-1\u00b0 or below",
          "open_time": "2026-09-10T13:00:00Z",
          "close_time": "2026-09-10T14:00:00Z",
          "expected_expiration_time": "2026-09-10T14:05:00Z",
          "latest_expiration_time": "2026-09-17T14:00:00Z",
          "status": "finalized",
          "result": "no",
          "rules_primary": "If the temperature recorded at Central Park, New York City for Sep 10, 2026 10 AM EDT as reported by The Weather Company (for coordinates KNYC), is above 76.99\u00b0, then the market resolves to Yes.",
          "rules_secondary": "Not all weather data is the same. While checking a source like AccuWeather or Google Weather may help guide your decision, the official and final value used to determine this market is the maximum/minimum temperature as reported by the Weather Company.\n\nReading weather data\nPreliminary Weather Company data may be subject to rounding and conversion differences from the final reported value.\nUse caution when interpreting preliminary Weather Company readings.",
          "floor_strike": 76.99,
          "cap_strike": null,
          "occurrence_datetime": "2026-09-10T14:05:00Z",
          "settlement_timer_seconds": 3600,
          "source_label": "TWC"
        },
        {
          "ticker": "KXTEMPNYCH-26SEP1010-T75.99",
          "event_ticker": "KXTEMPNYCH-26SEP1010",
          "title": "Will the temp in New York City be above 75.99\u00b0 on Sep 10, 2026 at 10am EDT?",
          "subtitle": "-1\u00b0 or below",
          "open_time": "2026-09-10T13:00:00Z",
          "close_time": "2026-09-10T14:00:00Z",
          "expected_expiration_time": "2026-09-10T14:05:00Z",
          "latest_expiration_time": "2026-09-17T14:00:00Z",
          "status": "finalized",
          "result": "no",
          "rules_primary": "If the temperature recorded at Central Park, New York City for Sep 10, 2026 10 AM EDT as reported by The Weather Company (for coordinates KNYC), is above 75.99\u00b0, then the market resolves to Yes.",
          "rules_secondary": "Not all weather data is the same. While checking a source like AccuWeather or Google Weather may help guide your decision, the official and final value used to determine this market is the maximum/minimum temperature as reported by the Weather Company.\n\nReading weather data\nPreliminary Weather Company data may be subject to rounding and conversion differences from the final reported value.\nUse caution when interpreting preliminary Weather Company readings.",
          "floor_strike": 75.99,
          "cap_strike": null,
          "occurrence_datetime": "2026-09-10T14:05:00Z",
          "settlement_timer_seconds": 3600,
          "source_label": "TWC"
        },
        {
          "ticker": "KXTEMPNYCH-26SEP1010-T74.99",
          "event_ticker": "KXTEMPNYCH-26SEP1010",
          "title": "Will the temp in New York City be above 74.99\u00b0 on Sep 10, 2026 at 10am EDT?",
          "subtitle": "-1\u00b0 or below",
          "open_time": "2026-09-10T13:00:00Z",
          "close_time": "2026-09-10T14:00:00Z",
          "expected_expiration_time": "2026-09-10T14:05:00Z",
          "latest_expiration_time": "2026-09-17T14:00:00Z",
          "status": "finalized",
          "result": "yes",
          "rules_primary": "If the temperature recorded at Central Park, New York City for Sep 10, 2026 10 AM EDT as reported by The Weather Company (for coordinates KNYC), is above 74.99\u00b0, then the market resolves to Yes.",
          "rules_secondary": "Not all weather data is the same. While checking a source like AccuWeather or Google Weather may help guide your decision, the official and final value used to determine this market is the maximum/minimum temperature as reported by the Weather Company.\n\nReading weather data\nPreliminary Weather Company data may be subject to rounding and conversion differences from the final reported value.\nUse caution when interpreting preliminary Weather Company readings.",
          "floor_strike": 74.99,
          "cap_strike": null,
          "occurrence_datetime": "2026-09-10T14:05:00Z",
          "settlement_timer_seconds": 3600,
          "source_label": "TWC"
        },
        {
          "ticker": "KXTEMPNYCH-26SEP1010-T73.99",
          "event_ticker": "KXTEMPNYCH-26SEP1010",
          "title": "Will the temp in New York City be above 73.99\u00b0 on Sep 10, 2026 at 10am EDT?",
          "subtitle": "-1\u00b0 or below",
          "open_time": "2026-09-10T13:00:00Z",
          "close_time": "2026-09-10T14:00:00Z",
          "expected_expiration_time": "2026-09-10T14:05:00Z",
          "latest_expiration_time": "2026-09-17T14:00:00Z",
          "status": "finalized",
          "result": "yes",
          "rules_primary": "If the temperature recorded at Central Park, New York City for Sep 10, 2026 10 AM EDT as reported by The Weather Company (for coordinates KNYC), is above 73.99\u00b0, then the market resolves to Yes.",
          "rules_secondary": "Not all weather data is the same. While checking a source like AccuWeather or Google Weather may help guide your decision, the official and final value used to determine this market is the maximum/minimum temperature as reported by the Weather Company.\n\nReading weather data\nPreliminary Weather Company data may be subject to rounding and conversion differences from the final reported value.\nUse caution when interpreting preliminary Weather Company readings.",
          "floor_strike": 73.99,
          "cap_strike": null,
          "occurrence_datetime": "2026-09-10T14:05:00Z",
          "settlement_timer_seconds": 3600,
          "source_label": "TWC"
        },
        {
          "ticker": "KXTEMPNYCH-26SEP1010-T72.99",
          "event_ticker": "KXTEMPNYCH-26SEP1010",
          "title": "Will the temp in New York City be above 72.99\u00b0 on Sep 10, 2026 at 10am EDT?",
          "subtitle": "-1\u00b0 or below",
          "open_time": "2026-09-10T13:00:00Z",
          "close_time": "2026-09-10T14:00:00Z",
          "expected_expiration_time": "2026-09-10T14:05:00Z",
          "latest_expiration_time": "2026-09-17T14:00:00Z",
          "status": "finalized",
          "result": "yes",
          "rules_primary": "If the temperature recorded at Central Park, New York City for Sep 10, 2026 10 AM EDT as reported by The Weather Company (for coordinates KNYC), is above 72.99\u00b0, then the market resolves to Yes.",
          "rules_secondary": "Not all weather data is the same. While checking a source like AccuWeather or Google Weather may help guide your decision, the official and final value used to determine this market is the maximum/minimum temperature as reported by the Weather Company.\n\nReading weather data\nPreliminary Weather Company data may be subject to rounding and conversion differences from the final reported value.\nUse caution when interpreting preliminary Weather Company readings.",
          "floor_strike": 72.99,
          "cap_strike": null,
          "occurrence_datetime": "2026-09-10T14:05:00Z",
          "settlement_timer_seconds": 3600,
          "source_label": "TWC"
        },
        {
          "ticker": "KXTEMPNYCH-26SEP1010-T71.99",
          "event_ticker": "KXTEMPNYCH-26SEP1010",
          "title": "Will the temp in New York City be above 71.99\u00b0 on Sep 10, 2026 at 10am EDT?",
          "subtitle": "-1\u00b0 or below",
          "open_time": "2026-09-10T13:00:00Z",
          "close_time": "2026-09-10T14:00:00Z",
          "expected_expiration_time": "2026-09-10T14:05:00Z",
          "latest_expiration_time": "2026-09-17T14:00:00Z",
          "status": "finalized",
          "result": "yes",
          "rules_primary": "If the temperature recorded at Central Park, New York City for Sep 10, 2026 10 AM EDT as reported by The Weather Company (for coordinates KNYC), is above 71.99\u00b0, then the market resolves to Yes.",
          "rules_secondary": "Not all weather data is the same. While checking a source like AccuWeather or Google Weather may help guide your decision, the official and final value used to determine this market is the maximum/minimum temperature as reported by the Weather Company.\n\nReading weather data\nPreliminary Weather Company data may be subject to rounding and conversion differences from the final reported value.\nUse caution when interpreting preliminary Weather Company readings.",
          "floor_strike": 71.99,
          "cap_strike": null,
          "occurrence_datetime": "2026-09-10T14:05:00Z",
          "settlement_timer_seconds": 3600,
          "source_label": "TWC"
        },
        {
          "ticker": "KXTEMPNYCH-26SEP1010-T70.99",
          "event_ticker": "KXTEMPNYCH-26SEP1010",
          "title": "Will the temp in New York City be above 70.99\u00b0 on Sep 10, 2026 at 10am EDT?",
          "subtitle": "-1\u00b0 or below",
          "open_time": "2026-09-10T13:00:00Z",
          "close_time": "2026-09-10T14:00:00Z",
          "expected_expiration_time": "2026-09-10T14:05:00Z",
          "latest_expiration_time": "2026-09-17T14:00:00Z",
          "status": "finalized",
          "result": "yes",
          "rules_primary": "If the temperature recorded at Central Park, New York City for Sep 10, 2026 10 AM EDT as reported by The Weather Company (for coordinates KNYC), is above 70.99\u00b0, then the market resolves to Yes.",
          "rules_secondary": "Not all weather data is the same. While checking a source like AccuWeather or Google Weather may help guide your decision, the official and final value used to determine this market is the maximum/minimum temperature as reported by the Weather Company.\n\nReading weather data\nPreliminary Weather Company data may be subject to rounding and conversion differences from the final reported value.\nUse caution when interpreting preliminary Weather Company readings.",
          "floor_strike": 70.99,
          "cap_strike": null,
          "occurrence_datetime": "2026-09-10T14:05:00Z",
          "settlement_timer_seconds": 3600,
          "source_label": "TWC"
        }
      ],
      "open_query_status": 200,
      "open_query_sha256": "50699ea1db13415ea46ec367dcfa58decd9660083271c5dc061561f38337fbac",
      "open_market_count": 0,
      "open_source_counts": {},
      "open_market_preview": []
    },
    {
      "series_ticker": "KXTEMPCHIH",
      "historical_raw_sha256": "41310dd55b3b1bbf326bbac244c914e8ec7cc1f05e6a959ae80ff679d1794966",
      "historical_raw_exists": true,
      "historical_market_count": 1000,
      "historical_source_counts": {
        "TWC": 1000
      },
      "nearest_before_transition": [
        {
          "ticker": "KXTEMPCHIH-26SEP1010-T69.99",
          "event_ticker": "KXTEMPCHIH-26SEP1010",
          "title": "Will the temp in Chicago be above 69.99\u00b0 on Sep 10, 2026 at 10am EDT?",
          "subtitle": "-1\u00b0 or below",
          "open_time": "2026-09-10T13:00:00Z",
          "close_time": "2026-09-10T14:00:00Z",
          "expected_expiration_time": "2026-09-10T14:05:00Z",
          "latest_expiration_time": "2026-09-17T14:00:00Z",
          "status": "finalized",
          "result": "yes",
          "rules_primary": "If the temperature recorded at Chicago, IL for Sep 10, 2026 10 AM EDT as reported by The Weather Company (for coordinates KORD), is above 69.99\u00b0, then the market resolves to Yes.",
          "rules_secondary": "Not all weather data is the same. While checking a source like AccuWeather or Google Weather may help guide your decision, the official and final value used to determine this market is the maximum/minimum temperature as reported by the Weather Company.\n\nReading weather data\nPreliminary Weather Company data may be subject to rounding and conversion differences from the final reported value.\nUse caution when interpreting preliminary Weather Company readings.",
          "floor_strike": 69.99,
          "cap_strike": null,
          "occurrence_datetime": "2026-09-10T14:05:00Z",
          "settlement_timer_seconds": 3600,
          "source_label": "TWC"
        },
        {
          "ticker": "KXTEMPCHIH-26SEP1010-T68.99",
          "event_ticker": "KXTEMPCHIH-26SEP1010",
          "title": "Will the temp in Chicago be above 68.99\u00b0 on Sep 10, 2026 at 10am EDT?",
          "subtitle": "-1\u00b0 or below",
          "open_time": "2026-09-10T13:00:00Z",
          "close_time": "2026-09-10T14:00:00Z",
          "expected_expiration_time": "2026-09-10T14:05:00Z",
          "latest_expiration_time": "2026-09-17T14:00:00Z",
          "status": "finalized",
          "result": "yes",
          "rules_primary": "If the temperature recorded at Chicago, IL for Sep 10, 2026 10 AM EDT as reported by The Weather Company (for coordinates KORD), is above 68.99\u00b0, then the market resolves to Yes.",
          "rules_secondary": "Not all weather data is the same. While checking a source like AccuWeather or Google Weather may help guide your decision, the official and final value used to determine this market is the maximum/minimum temperature as reported by the Weather Company.\n\nReading weather data\nPreliminary Weather Company data may be subject to rounding and conversion differences from the final reported value.\nUse caution when interpreting preliminary Weather Company readings.",
          "floor_strike": 68.99,
          "cap_strike": null,
          "occurrence_datetime": "2026-09-10T14:05:00Z",
          "settlement_timer_seconds": 3600,
          "source_label": "TWC"
        },
        {
          "ticker": "KXTEMPCHIH-26SEP1010-T67.99",
          "event_ticker": "KXTEMPCHIH-26SEP1010",
          "title": "Will the temp in Chicago be above 67.99\u00b0 on Sep 10, 2026 at 10am EDT?",
          "subtitle": "-1\u00b0 or below",
          "open_time": "2026-09-10T13:00:00Z",
          "close_time": "2026-09-10T14:00:00Z",
          "expected_expiration_time": "2026-09-10T14:05:00Z",
          "latest_expiration_time": "2026-09-17T14:00:00Z",
          "status": "finalized",
          "result": "yes",
          "rules_primary": "If the temperature recorded at Chicago, IL for Sep 10, 2026 10 AM EDT as reported by The Weather Company (for coordinates KORD), is above 67.99\u00b0, then the market resolves to Yes.",
          "rules_secondary": "Not all weather data is the same. While checking a source like AccuWeather or Google Weather may help guide your decision, the official and final value used to determine this market is the maximum/minimum temperature as reported by the Weather Company.\n\nReading weather data\nPreliminary Weather Company data may be subject to rounding and conversion differences from the final reported value.\nUse caution when interpreting preliminary Weather Company readings.",
          "floor_strike": 67.99,
          "cap_strike": null,
          "occurrence_datetime": "2026-09-10T14:05:00Z",
          "settlement_timer_seconds": 3600,
          "source_label": "TWC"
        },
        {
          "ticker": "KXTEMPCHIH-26SEP1010-T66.99",
          "event_ticker": "KXTEMPCHIH-26SEP1010",
          "title": "Will the temp in Chicago be above 66.99\u00b0 on Sep 10, 2026 at 10am EDT?",
          "subtitle": "-1\u00b0 or below",
          "open_time": "2026-09-10T13:00:00Z",
          "close_time": "2026-09-10T14:00:00Z",
          "expected_expiration_time": "2026-09-10T14:05:00Z",
          "latest_expiration_time": "2026-09-17T14:00:00Z",
          "status": "finalized",
          "result": "yes",
          "rules_primary": "If the temperature recorded at Chicago, IL for Sep 10, 2026 10 AM EDT as reported by The Weather Company (for coordinates KORD), is above 66.99\u00b0, then the market resolves to Yes.",
          "rules_secondary": "Not all weather data is the same. While checking a source like AccuWeather or Google Weather may help guide your decision, the official and final value used to determine this market is the maximum/minimum temperature as reported by the Weather Company.\n\nReading weather data\nPreliminary Weather Company data may be subject to rounding and conversion differences from the final reported value.\nUse caution when interpreting preliminary Weather Company readings.",
          "floor_strike": 66.99,
          "cap_strike": null,
          "occurrence_datetime": "2026-09-10T14:05:00Z",
          "settlement_timer_seconds": 3600,
          "source_label": "TWC"
        },
        {
          "ticker": "KXTEMPCHIH-26SEP1010-T65.99",
          "event_ticker": "KXTEMPCHIH-26SEP1010",
          "title": "Will the temp in Chicago be above 65.99\u00b0 on Sep 10, 2026 at 10am EDT?",
          "subtitle": "-1\u00b0 or below",
          "open_time": "2026-09-10T13:00:00Z",
          "close_time": "2026-09-10T14:00:00Z",
          "expected_expiration_time": "2026-09-10T14:05:00Z",
          "latest_expiration_time": "2026-09-17T14:00:00Z",
          "status": "finalized",
          "result": "yes",
          "rules_primary": "If the temperature recorded at Chicago, IL for Sep 10, 2026 10 AM EDT as reported by The Weather Company (for coordinates KORD), is above 65.99\u00b0, then the market resolves to Yes.",
          "rules_secondary": "Not all weather data is the same. While checking a source like AccuWeather or Google Weather may help guide your decision, the official and final value used to determine this market is the maximum/minimum temperature as reported by the Weather Company.\n\nReading weather data\nPreliminary Weather Company data may be subject to rounding and conversion differences from the final reported value.\nUse caution when interpreting preliminary Weather Company readings.",
          "floor_strike": 65.99,
          "cap_strike": null,
          "occurrence_datetime": "2026-09-10T14:05:00Z",
          "settlement_timer_seconds": 3600,
          "source_label": "TWC"
        },
        {
          "ticker": "KXTEMPCHIH-26SEP1010-T64.99",
          "event_ticker": "KXTEMPCHIH-26SEP1010",
          "title": "Will the temp in Chicago be above 64.99\u00b0 on Sep 10, 2026 at 10am EDT?",
          "subtitle": "-1\u00b0 or below",
          "open_time": "2026-09-10T13:00:00Z",
          "close_time": "2026-09-10T14:00:00Z",
          "expected_expiration_time": "2026-09-10T14:05:00Z",
          "latest_expiration_time": "2026-09-17T14:00:00Z",
          "status": "finalized",
          "result": "yes",
          "rules_primary": "If the temperature recorded at Chicago, IL for Sep 10, 2026 10 AM EDT as reported by The Weather Company (for coordinates KORD), is above 64.99\u00b0, then the market resolves to Yes.",
          "rules_secondary": "Not all weather data is the same. While checking a source like AccuWeather or Google Weather may help guide your decision, the official and final value used to determine this market is the maximum/minimum temperature as reported by the Weather Company.\n\nReading weather data\nPreliminary Weather Company data may be subject to rounding and conversion differences from the final reported value.\nUse caution when interpreting preliminary Weather Company readings.",
          "floor_strike": 64.99,
          "cap_strike": null,
          "occurrence_datetime": "2026-09-10T14:05:00Z",
          "settlement_timer_seconds": 3600,
          "source_label": "TWC"
        }
      ],
      "first_after_transition": [],
      "latest_historical": [
        {
          "ticker": "KXTEMPCHIH-26SEP1009-T63.99",
          "event_ticker": "KXTEMPCHIH-26SEP1009",
          "title": "Will the temp in Chicago be above 63.99\u00b0 on Sep 10, 2026 at 9am EDT?",
          "subtitle": "-1\u00b0 or below",
          "open_time": "2026-09-10T12:00:00Z",
          "close_time": "2026-09-10T13:00:00Z",
          "expected_expiration_time": "2026-09-10T13:05:00Z",
          "latest_expiration_time": "2026-09-17T13:00:00Z",
          "status": "finalized",
          "result": "yes",
          "rules_primary": "If the temperature recorded at Chicago, IL for Sep 10, 2026 9 AM EDT as reported by The Weather Company (for coordinates KORD), is above 63.99\u00b0, then the market resolves to Yes.",
          "rules_secondary": "Not all weather data is the same. While checking a source like AccuWeather or Google Weather may help guide your decision, the official and final value used to determine this market is the maximum/minimum temperature as reported by the Weather Company.\n\nReading weather data\nPreliminary Weather Company data may be subject to rounding and conversion differences from the final reported value.\nUse caution when interpreting preliminary Weather Company readings.",
          "floor_strike": 63.99,
          "cap_strike": null,
          "occurrence_datetime": "2026-09-10T13:05:00Z",
          "settlement_timer_seconds": 3600,
          "source_label": "TWC"
        },
        {
          "ticker": "KXTEMPCHIH-26SEP1009-T62.99",
          "event_ticker": "KXTEMPCHIH-26SEP1009",
          "title": "Will the temp in Chicago be above 62.99\u00b0 on Sep 10, 2026 at 9am EDT?",
          "subtitle": "-1\u00b0 or below",
          "open_time": "2026-09-10T12:00:00Z",
          "close_time": "2026-09-10T13:00:00Z",
          "expected_expiration_time": "2026-09-10T13:05:00Z",
          "latest_expiration_time": "2026-09-17T13:00:00Z",
          "status": "finalized",
          "result": "yes",
          "rules_primary": "If the temperature recorded at Chicago, IL for Sep 10, 2026 9 AM EDT as reported by The Weather Company (for coordinates KORD), is above 62.99\u00b0, then the market resolves to Yes.",
          "rules_secondary": "Not all weather data is the same. While checking a source like AccuWeather or Google Weather may help guide your decision, the official and final value used to determine this market is the maximum/minimum temperature as reported by the Weather Company.\n\nReading weather data\nPreliminary Weather Company data may be subject to rounding and conversion differences from the final reported value.\nUse caution when interpreting preliminary Weather Company readings.",
          "floor_strike": 62.99,
          "cap_strike": null,
          "occurrence_datetime": "2026-09-10T13:05:00Z",
          "settlement_timer_seconds": 3600,
          "source_label": "TWC"
        },
        {
          "ticker": "KXTEMPCHIH-26SEP1010-T73.99",
          "event_ticker": "KXTEMPCHIH-26SEP1010",
          "title": "Will the temp in Chicago be above 73.99\u00b0 on Sep 10, 2026 at 10am EDT?",
          "subtitle": "-1\u00b0 or below",
          "open_time": "2026-09-10T13:00:00Z",
          "close_time": "2026-09-10T14:00:00Z",
          "expected_expiration_time": "2026-09-10T14:05:00Z",
          "latest_expiration_time": "2026-09-17T14:00:00Z",
          "status": "finalized",
          "result": "no",
          "rules_primary": "If the temperature recorded at Chicago, IL for Sep 10, 2026 10 AM EDT as reported by The Weather Company (for coordinates KORD), is above 73.99\u00b0, then the market resolves to Yes.",
          "rules_secondary": "Not all weather data is the same. While checking a source like AccuWeather or Google Weather may help guide your decision, the official and final value used to determine this market is the maximum/minimum temperature as reported by the Weather Company.\n\nReading weather data\nPreliminary Weather Company data may be subject to rounding and conversion differences from the final reported value.\nUse caution when interpreting preliminary Weather Company readings.",
          "floor_strike": 73.99,
          "cap_strike": null,
          "occurrence_datetime": "2026-09-10T14:05:00Z",
          "settlement_timer_seconds": 3600,
          "source_label": "TWC"
        },
        {
          "ticker": "KXTEMPCHIH-26SEP1010-T72.99",
          "event_ticker": "KXTEMPCHIH-26SEP1010",
          "title": "Will the temp in Chicago be above 72.99\u00b0 on Sep 10, 2026 at 10am EDT?",
          "subtitle": "-1\u00b0 or below",
          "open_time": "2026-09-10T13:00:00Z",
          "close_time": "2026-09-10T14:00:00Z",
          "expected_expiration_time": "2026-09-10T14:05:00Z",
          "latest_expiration_time": "2026-09-17T14:00:00Z",
          "status": "finalized",
          "result": "no",
          "rules_primary": "If the temperature recorded at Chicago, IL for Sep 10, 2026 10 AM EDT as reported by The Weather Company (for coordinates KORD), is above 72.99\u00b0, then the market resolves to Yes.",
          "rules_secondary": "Not all weather data is the same. While checking a source like AccuWeather or Google Weather may help guide your decision, the official and final value used to determine this market is the maximum/minimum temperature as reported by the Weather Company.\n\nReading weather data\nPreliminary Weather Company data may be subject to rounding and conversion differences from the final reported value.\nUse caution when interpreting preliminary Weather Company readings.",
          "floor_strike": 72.99,
          "cap_strike": null,
          "occurrence_datetime": "2026-09-10T14:05:00Z",
          "settlement_timer_seconds": 3600,
          "source_label": "TWC"
        },
        {
          "ticker": "KXTEMPCHIH-26SEP1010-T71.99",
          "event_ticker": "KXTEMPCHIH-26SEP1010",
          "title": "Will the temp in Chicago be above 71.99\u00b0 on Sep 10, 2026 at 10am EDT?",
          "subtitle": "-1\u00b0 or below",
          "open_time": "2026-09-10T13:00:00Z",
          "close_time": "2026-09-10T14:00:00Z",
          "expected_expiration_time": "2026-09-10T14:05:00Z",
          "latest_expiration_time": "2026-09-17T14:00:00Z",
          "status": "finalized",
          "result": "no",
          "rules_primary": "If the temperature recorded at Chicago, IL for Sep 10, 2026 10 AM EDT as reported by The Weather Company (for coordinates KORD), is above 71.99\u00b0, then the market resolves to Yes.",
          "rules_secondary": "Not all weather data is the same. While checking a source like AccuWeather or Google Weather may help guide your decision, the official and final value used to determine this market is the maximum/minimum temperature as reported by the Weather Company.\n\nReading weather data\nPreliminary Weather Company data may be subject to rounding and conversion differences from the final reported value.\nUse caution when interpreting preliminary Weather Company readings.",
          "floor_strike": 71.99,
          "cap_strike": null,
          "occurrence_datetime": "2026-09-10T14:05:00Z",
          "settlement_timer_seconds": 3600,
          "source_label": "TWC"
        },
        {
          "ticker": "KXTEMPCHIH-26SEP1010-T70.99",
          "event_ticker": "KXTEMPCHIH-26SEP1010",
          "title": "Will the temp in Chicago be above 70.99\u00b0 on Sep 10, 2026 at 10am EDT?",
          "subtitle": "-1\u00b0 or below",
          "open_time": "2026-09-10T13:00:00Z",
          "close_time": "2026-09-10T14:00:00Z",
          "expected_expiration_time": "2026-09-10T14:05:00Z",
          "latest_expiration_time": "2026-09-17T14:00:00Z",
          "status": "finalized",
          "result": "no",
          "rules_primary": "If the temperature recorded at Chicago, IL for Sep 10, 2026 10 AM EDT as reported by The Weather Company (for coordinates KORD), is above 70.99\u00b0, then the market resolves to Yes.",
          "rules_secondary": "Not all weather data is the same. While checking a source like AccuWeather or Google Weather may help guide your decision, the official and final value used to determine this market is the maximum/minimum temperature as reported by the Weather Company.\n\nReading weather data\nPreliminary Weather Company data may be subject to rounding and conversion differences from the final reported value.\nUse caution when interpreting preliminary Weather Company readings.",
          "floor_strike": 70.99,
          "cap_strike": null,
          "occurrence_datetime": "2026-09-10T14:05:00Z",
          "settlement_timer_seconds": 3600,
          "source_label": "TWC"
        },
        {
          "ticker": "KXTEMPCHIH-26SEP1010-T69.99",
          "event_ticker": "KXTEMPCHIH-26SEP1010",
          "title": "Will the temp in Chicago be above 69.99\u00b0 on Sep 10, 2026 at 10am EDT?",
          "subtitle": "-1\u00b0 or below",
          "open_time": "2026-09-10T13:00:00Z",
          "close_time": "2026-09-10T14:00:00Z",
          "expected_expiration_time": "2026-09-10T14:05:00Z",
          "latest_expiration_time": "2026-09-17T14:00:00Z",
          "status": "finalized",
          "result": "yes",
          "rules_primary": "If the temperature recorded at Chicago, IL for Sep 10, 2026 10 AM EDT as reported by The Weather Company (for coordinates KORD), is above 69.99\u00b0, then the market resolves to Yes.",
          "rules_secondary": "Not all weather data is the same. While checking a source like AccuWeather or Google Weather may help guide your decision, the official and final value used to determine this market is the maximum/minimum temperature as reported by the Weather Company.\n\nReading weather data\nPreliminary Weather Company data may be subject to rounding and conversion differences from the final reported value.\nUse caution when interpreting preliminary Weather Company readings.",
          "floor_strike": 69.99,
          "cap_strike": null,
          "occurrence_datetime": "2026-09-10T14:05:00Z",
          "settlement_timer_seconds": 3600,
          "source_label": "TWC"
        },
        {
          "ticker": "KXTEMPCHIH-26SEP1010-T68.99",
          "event_ticker": "KXTEMPCHIH-26SEP1010",
          "title": "Will the temp in Chicago be above 68.99\u00b0 on Sep 10, 2026 at 10am EDT?",
          "subtitle": "-1\u00b0 or below",
          "open_time": "2026-09-10T13:00:00Z",
          "close_time": "2026-09-10T14:00:00Z",
          "expected_expiration_time": "2026-09-10T14:05:00Z",
          "latest_expiration_time": "2026-09-17T14:00:00Z",
          "status": "finalized",
          "result": "yes",
          "rules_primary": "If the temperature recorded at Chicago, IL for Sep 10, 2026 10 AM EDT as reported by The Weather Company (for coordinates KORD), is above 68.99\u00b0, then the market resolves to Yes.",
          "rules_secondary": "Not all weather data is the same. While checking a source like AccuWeather or Google Weather may help guide your decision, the official and final value used to determine this market is the maximum/minimum temperature as reported by the Weather Company.\n\nReading weather data\nPreliminary Weather Company data may be subject to rounding and conversion differences from the final reported value.\nUse caution when interpreting preliminary Weather Company readings.",
          "floor_strike": 68.99,
          "cap_strike": null,
          "occurrence_datetime": "2026-09-10T14:05:00Z",
          "settlement_timer_seconds": 3600,
          "source_label": "TWC"
        },
        {
          "ticker": "KXTEMPCHIH-26SEP1010-T67.99",
          "event_ticker": "KXTEMPCHIH-26SEP1010",
          "title": "Will the temp in Chicago be above 67.99\u00b0 on Sep 10, 2026 at 10am EDT?",
          "subtitle": "-1\u00b0 or below",
          "open_time": "2026-09-10T13:00:00Z",
          "close_time": "2026-09-10T14:00:00Z",
          "expected_expiration_time": "2026-09-10T14:05:00Z",
          "latest_expiration_time": "2026-09-17T14:00:00Z",
          "status": "finalized",
          "result": "yes",
          "rules_primary": "If the temperature recorded at Chicago, IL for Sep 10, 2026 10 AM EDT as reported by The Weather Company (for coordinates KORD), is above 67.99\u00b0, then the market resolves to Yes.",
          "rules_secondary": "Not all weather data is the same. While checking a source like AccuWeather or Google Weather may help guide your decision, the official and final value used to determine this market is the maximum/minimum temperature as reported by the Weather Company.\n\nReading weather data\nPreliminary Weather Company data may be subject to rounding and conversion differences from the final reported value.\nUse caution when interpreting preliminary Weather Company readings.",
          "floor_strike": 67.99,
          "cap_strike": null,
          "occurrence_datetime": "2026-09-10T14:05:00Z",
          "settlement_timer_seconds": 3600,
          "source_label": "TWC"
        },
        {
          "ticker": "KXTEMPCHIH-26SEP1010-T66.99",
          "event_ticker": "KXTEMPCHIH-26SEP1010",
          "title": "Will the temp in Chicago be above 66.99\u00b0 on Sep 10, 2026 at 10am EDT?",
          "subtitle": "-1\u00b0 or below",
          "open_time": "2026-09-10T13:00:00Z",
          "close_time": "2026-09-10T14:00:00Z",
          "expected_expiration_time": "2026-09-10T14:05:00Z",
          "latest_expiration_time": "2026-09-17T14:00:00Z",
          "status": "finalized",
          "result": "yes",
          "rules_primary": "If the temperature recorded at Chicago, IL for Sep 10, 2026 10 AM EDT as reported by The Weather Company (for coordinates KORD), is above 66.99\u00b0, then the market resolves to Yes.",
          "rules_secondary": "Not all weather data is the same. While checking a source like AccuWeather or Google Weather may help guide your decision, the official and final value used to determine this market is the maximum/minimum temperature as reported by the Weather Company.\n\nReading weather data\nPreliminary Weather Company data may be subject to rounding and conversion differences from the final reported value.\nUse caution when interpreting preliminary Weather Company readings.",
          "floor_strike": 66.99,
          "cap_strike": null,
          "occurrence_datetime": "2026-09-10T14:05:00Z",
          "settlement_timer_seconds": 3600,
          "source_label": "TWC"
        },
        {
          "ticker": "KXTEMPCHIH-26SEP1010-T65.99",
          "event_ticker": "KXTEMPCHIH-26SEP1010",
          "title": "Will the temp in Chicago be above 65.99\u00b0 on Sep 10, 2026 at 10am EDT?",
          "subtitle": "-1\u00b0 or below",
          "open_time": "2026-09-10T13:00:00Z",
          "close_time": "2026-09-10T14:00:00Z",
          "expected_expiration_time": "2026-09-10T14:05:00Z",
          "latest_expiration_time": "2026-09-17T14:00:00Z",
          "status": "finalized",
          "result": "yes",
          "rules_primary": "If the temperature recorded at Chicago, IL for Sep 10, 2026 10 AM EDT as reported by The Weather Company (for coordinates KORD), is above 65.99\u00b0, then the market resolves to Yes.",
          "rules_secondary": "Not all weather data is the same. While checking a source like AccuWeather or Google Weather may help guide your decision, the official and final value used to determine this market is the maximum/minimum temperature as reported by the Weather Company.\n\nReading weather data\nPreliminary Weather Company data may be subject to rounding and conversion differences from the final reported value.\nUse caution when interpreting preliminary Weather Company readings.",
          "floor_strike": 65.99,
          "cap_strike": null,
          "occurrence_datetime": "2026-09-10T14:05:00Z",
          "settlement_timer_seconds": 3600,
          "source_label": "TWC"
        },
        {
          "ticker": "KXTEMPCHIH-26SEP1010-T64.99",
          "event_ticker": "KXTEMPCHIH-26SEP1010",
          "title": "Will the temp in Chicago be above 64.99\u00b0 on Sep 10, 2026 at 10am EDT?",
          "subtitle": "-1\u00b0 or below",
          "open_time": "2026-09-10T13:00:00Z",
          "close_time": "2026-09-10T14:00:00Z",
          "expected_expiration_time": "2026-09-10T14:05:00Z",
          "latest_expiration_time": "2026-09-17T14:00:00Z",
          "status": "finalized",
          "result": "yes",
          "rules_primary": "If the temperature recorded at Chicago, IL for Sep 10, 2026 10 AM EDT as reported by The Weather Company (for coordinates KORD), is above 64.99\u00b0, then the market resolves to Yes.",
          "rules_secondary": "Not all weather data is the same. While checking a source like AccuWeather or Google Weather may help guide your decision, the official and final value used to determine this market is the maximum/minimum temperature as reported by the Weather Company.\n\nReading weather data\nPreliminary Weather Company data may be subject to rounding and conversion differences from the final reported value.\nUse caution when interpreting preliminary Weather Company readings.",
          "floor_strike": 64.99,
          "cap_strike": null,
          "occurrence_datetime": "2026-09-10T14:05:00Z",
          "settlement_timer_seconds": 3600,
          "source_label": "TWC"
        }
      ],
      "open_query_status": 200,
      "open_query_sha256": "50699ea1db13415ea46ec367dcfa58decd9660083271c5dc061561f38337fbac",
      "open_market_count": 0,
      "open_source_counts": {},
      "open_market_preview": []
    },
    {
      "series_ticker": "KXTEMPLAXH",
      "historical_raw_sha256": "5298a32a5d8f46b6870f594ec2ccdf1a3df0ce06ea61647b4ecd16c37fae4540",
      "historical_raw_exists": true,
      "historical_market_count": 1000,
      "historical_source_counts": {
        "TWC": 1000
      },
      "nearest_before_transition": [
        {
          "ticker": "KXTEMPLAXH-26SEP1010-T75.99",
          "event_ticker": "KXTEMPLAXH-26SEP1010",
          "title": "Will the temp in Los Angeles be above 75.99\u00b0 on Sep 10, 2026 at 10am EDT?",
          "subtitle": "-1\u00b0 or below",
          "open_time": "2026-09-10T13:00:00Z",
          "close_time": "2026-09-10T14:00:00Z",
          "expected_expiration_time": "2026-09-10T14:05:00Z",
          "latest_expiration_time": "2026-09-17T14:00:00Z",
          "status": "finalized",
          "result": "yes",
          "rules_primary": "If the temperature recorded at Los Angeles, CA for Sep 10, 2026 10 AM EDT as reported by The Weather Company (for coordinates KLAX), is above 75.99\u00b0, then the market resolves to Yes.",
          "rules_secondary": "Not all weather data is the same. While checking a source like AccuWeather or Google Weather may help guide your decision, the official and final value used to determine this market is the maximum/minimum temperature as reported by the Weather Company.\n\nReading weather data\nPreliminary Weather Company data may be subject to rounding and conversion differences from the final reported value.\nUse caution when interpreting preliminary Weather Company readings.",
          "floor_strike": 75.99,
          "cap_strike": null,
          "occurrence_datetime": "2026-09-10T14:05:00Z",
          "settlement_timer_seconds": 3600,
          "source_label": "TWC"
        },
        {
          "ticker": "KXTEMPLAXH-26SEP1010-T74.99",
          "event_ticker": "KXTEMPLAXH-26SEP1010",
          "title": "Will the temp in Los Angeles be above 74.99\u00b0 on Sep 10, 2026 at 10am EDT?",
          "subtitle": "-1\u00b0 or below",
          "open_time": "2026-09-10T13:00:00Z",
          "close_time": "2026-09-10T14:00:00Z",
          "expected_expiration_time": "2026-09-10T14:05:00Z",
          "latest_expiration_time": "2026-09-17T14:00:00Z",
          "status": "finalized",
          "result": "yes",
          "rules_primary": "If the temperature recorded at Los Angeles, CA for Sep 10, 2026 10 AM EDT as reported by The Weather Company (for coordinates KLAX), is above 74.99\u00b0, then the market resolves to Yes.",
          "rules_secondary": "Not all weather data is the same. While checking a source like AccuWeather or Google Weather may help guide your decision, the official and final value used to determine this market is the maximum/minimum temperature as reported by the Weather Company.\n\nReading weather data\nPreliminary Weather Company data may be subject to rounding and conversion differences from the final reported value.\nUse caution when interpreting preliminary Weather Company readings.",
          "floor_strike": 74.99,
          "cap_strike": null,
          "occurrence_datetime": "2026-09-10T14:05:00Z",
          "settlement_timer_seconds": 3600,
          "source_label": "TWC"
        },
        {
          "ticker": "KXTEMPLAXH-26SEP1010-T73.99",
          "event_ticker": "KXTEMPLAXH-26SEP1010",
          "title": "Will the temp in Los Angeles be above 73.99\u00b0 on Sep 10, 2026 at 10am EDT?",
          "subtitle": "-1\u00b0 or below",
          "open_time": "2026-09-10T13:00:00Z",
          "close_time": "2026-09-10T14:00:00Z",
          "expected_expiration_time": "2026-09-10T14:05:00Z",
          "latest_expiration_time": "2026-09-17T14:00:00Z",
          "status": "finalized",
          "result": "yes",
          "rules_primary": "If the temperature recorded at Los Angeles, CA for Sep 10, 2026 10 AM EDT as reported by The Weather Company (for coordinates KLAX), is above 73.99\u00b0, then the market resolves to Yes.",
          "rules_secondary": "Not all weather data is the same. While checking a source like AccuWeather or Google Weather may help guide your decision, the official and final value used to determine this market is the maximum/minimum temperature as reported by the Weather Company.\n\nReading weather data\nPreliminary Weather Company data may be subject to rounding and conversion differences from the final reported value.\nUse caution when interpreting preliminary Weather Company readings.",
          "floor_strike": 73.99,
          "cap_strike": null,
          "occurrence_datetime": "2026-09-10T14:05:00Z",
          "settlement_timer_seconds": 3600,
          "source_label": "TWC"
        },
        {
          "ticker": "KXTEMPLAXH-26SEP1010-T72.99",
          "event_ticker": "KXTEMPLAXH-26SEP1010",
          "title": "Will the temp in Los Angeles be above 72.99\u00b0 on Sep 10, 2026 at 10am EDT?",
          "subtitle": "-1\u00b0 or below",
          "open_time": "2026-09-10T13:00:00Z",
          "close_time": "2026-09-10T14:00:00Z",
          "expected_expiration_time": "2026-09-10T14:05:00Z",
          "latest_expiration_time": "2026-09-17T14:00:00Z",
          "status": "finalized",
          "result": "yes",
          "rules_primary": "If the temperature recorded at Los Angeles, CA for Sep 10, 2026 10 AM EDT as reported by The Weather Company (for coordinates KLAX), is above 72.99\u00b0, then the market resolves to Yes.",
          "rules_secondary": "Not all weather data is the same. While checking a source like AccuWeather or Google Weather may help guide your decision, the official and final value used to determine this market is the maximum/minimum temperature as reported by the Weather Company.\n\nReading weather data\nPreliminary Weather Company data may be subject to rounding and conversion differences from the final reported value.\nUse caution when interpreting preliminary Weather Company readings.",
          "floor_strike": 72.99,
          "cap_strike": null,
          "occurrence_datetime": "2026-09-10T14:05:00Z",
          "settlement_timer_seconds": 3600,
          "source_label": "TWC"
        },
        {
          "ticker": "KXTEMPLAXH-26SEP1010-T71.99",
          "event_ticker": "KXTEMPLAXH-26SEP1010",
          "title": "Will the temp in Los Angeles be above 71.99\u00b0 on Sep 10, 2026 at 10am EDT?",
          "subtitle": "-1\u00b0 or below",
          "open_time": "2026-09-10T13:00:00Z",
          "close_time": "2026-09-10T14:00:00Z",
          "expected_expiration_time": "2026-09-10T14:05:00Z",
          "latest_expiration_time": "2026-09-17T14:00:00Z",
          "status": "finalized",
          "result": "yes",
          "rules_primary": "If the temperature recorded at Los Angeles, CA for Sep 10, 2026 10 AM EDT as reported by The Weather Company (for coordinates KLAX), is above 71.99\u00b0, then the market resolves to Yes.",
          "rules_secondary": "Not all weather data is the same. While checking a source like AccuWeather or Google Weather may help guide your decision, the official and final value used to determine this market is the maximum/minimum temperature as reported by the Weather Company.\n\nReading weather data\nPreliminary Weather Company data may be subject to rounding and conversion differences from the final reported value.\nUse caution when interpreting preliminary Weather Company readings.",
          "floor_strike": 71.99,
          "cap_strike": null,
          "occurrence_datetime": "2026-09-10T14:05:00Z",
          "settlement_timer_seconds": 3600,
          "source_label": "TWC"
        },
        {
          "ticker": "KXTEMPLAXH-26SEP1010-T70.99",
          "event_ticker": "KXTEMPLAXH-26SEP1010",
          "title": "Will the temp in Los Angeles be above 70.99\u00b0 on Sep 10, 2026 at 10am EDT?",
          "subtitle": "-1\u00b0 or below",
          "open_time": "2026-09-10T13:00:00Z",
          "close_time": "2026-09-10T14:00:00Z",
          "expected_expiration_time": "2026-09-10T14:05:00Z",
          "latest_expiration_time": "2026-09-17T14:00:00Z",
          "status": "finalized",
          "result": "yes",
          "rules_primary": "If the temperature recorded at Los Angeles, CA for Sep 10, 2026 10 AM EDT as reported by The Weather Company (for coordinates KLAX), is above 70.99\u00b0, then the market resolves to Yes.",
          "rules_secondary": "Not all weather data is the same. While checking a source like AccuWeather or Google Weather may help guide your decision, the official and final value used to determine this market is the maximum/minimum temperature as reported by the Weather Company.\n\nReading weather data\nPreliminary Weather Company data may be subject to rounding and conversion differences from the final reported value.\nUse caution when interpreting preliminary Weather Company readings.",
          "floor_strike": 70.99,
          "cap_strike": null,
          "occurrence_datetime": "2026-09-10T14:05:00Z",
          "settlement_timer_seconds": 3600,
          "source_label": "TWC"
        }
      ],
      "first_after_transition": [],
      "latest_historical": [
        {
          "ticker": "KXTEMPLAXH-26SEP1009-T71.99",
          "event_ticker": "KXTEMPLAXH-26SEP1009",
          "title": "Will the temp in Los Angeles be above 71.99\u00b0 on Sep 10, 2026 at 9am EDT?",
          "subtitle": "-1\u00b0 or below",
          "open_time": "2026-09-10T12:00:00Z",
          "close_time": "2026-09-10T13:00:00Z",
          "expected_expiration_time": "2026-09-10T13:05:00Z",
          "latest_expiration_time": "2026-09-17T13:00:00Z",
          "status": "finalized",
          "result": "yes",
          "rules_primary": "If the temperature recorded at Los Angeles, CA for Sep 10, 2026 9 AM EDT as reported by The Weather Company (for coordinates KLAX), is above 71.99\u00b0, then the market resolves to Yes.",
          "rules_secondary": "Not all weather data is the same. While checking a source like AccuWeather or Google Weather may help guide your decision, the official and final value used to determine this market is the maximum/minimum temperature as reported by the Weather Company.\n\nReading weather data\nPreliminary Weather Company data may be subject to rounding and conversion differences from the final reported value.\nUse caution when interpreting preliminary Weather Company readings.",
          "floor_strike": 71.99,
          "cap_strike": null,
          "occurrence_datetime": "2026-09-10T13:05:00Z",
          "settlement_timer_seconds": 3600,
          "source_label": "TWC"
        },
        {
          "ticker": "KXTEMPLAXH-26SEP1009-T70.99",
          "event_ticker": "KXTEMPLAXH-26SEP1009",
          "title": "Will the temp in Los Angeles be above 70.99\u00b0 on Sep 10, 2026 at 9am EDT?",
          "subtitle": "-1\u00b0 or below",
          "open_time": "2026-09-10T12:00:00Z",
          "close_time": "2026-09-10T13:00:00Z",
          "expected_expiration_time": "2026-09-10T13:05:00Z",
          "latest_expiration_time": "2026-09-17T13:00:00Z",
          "status": "finalized",
          "result": "yes",
          "rules_primary": "If the temperature recorded at Los Angeles, CA for Sep 10, 2026 9 AM EDT as reported by The Weather Company (for coordinates KLAX), is above 70.99\u00b0, then the market resolves to Yes.",
          "rules_secondary": "Not all weather data is the same. While checking a source like AccuWeather or Google Weather may help guide your decision, the official and final value used to determine this market is the maximum/minimum temperature as reported by the Weather Company.\n\nReading weather data\nPreliminary Weather Company data may be subject to rounding and conversion differences from the final reported value.\nUse caution when interpreting preliminary Weather Company readings.",
          "floor_strike": 70.99,
          "cap_strike": null,
          "occurrence_datetime": "2026-09-10T13:05:00Z",
          "settlement_timer_seconds": 3600,
          "source_label": "TWC"
        },
        {
          "ticker": "KXTEMPLAXH-26SEP1010-T79.99",
          "event_ticker": "KXTEMPLAXH-26SEP1010",
          "title": "Will the temp in Los Angeles be above 79.99\u00b0 on Sep 10, 2026 at 10am EDT?",
          "subtitle": "-1\u00b0 or below",
          "open_time": "2026-09-10T13:00:00Z",
          "close_time": "2026-09-10T14:00:00Z",
          "expected_expiration_time": "2026-09-10T14:05:00Z",
          "latest_expiration_time": "2026-09-17T14:00:00Z",
          "status": "finalized",
          "result": "no",
          "rules_primary": "If the temperature recorded at Los Angeles, CA for Sep 10, 2026 10 AM EDT as reported by The Weather Company (for coordinates KLAX), is above 79.99\u00b0, then the market resolves to Yes.",
          "rules_secondary": "Not all weather data is the same. While checking a source like AccuWeather or Google Weather may help guide your decision, the official and final value used to determine this market is the maximum/minimum temperature as reported by the Weather Company.\n\nReading weather data\nPreliminary Weather Company data may be subject to rounding and conversion differences from the final reported value.\nUse caution when interpreting preliminary Weather Company readings.",
          "floor_strike": 79.99,
          "cap_strike": null,
          "occurrence_datetime": "2026-09-10T14:05:00Z",
          "settlement_timer_seconds": 3600,
          "source_label": "TWC"
        },
        {
          "ticker": "KXTEMPLAXH-26SEP1010-T78.99",
          "event_ticker": "KXTEMPLAXH-26SEP1010",
          "title": "Will the temp in Los Angeles be above 78.99\u00b0 on Sep 10, 2026 at 10am EDT?",
          "subtitle": "-1\u00b0 or below",
          "open_time": "2026-09-10T13:00:00Z",
          "close_time": "2026-09-10T14:00:00Z",
          "expected_expiration_time": "2026-09-10T14:05:00Z",
          "latest_expiration_time": "2026-09-17T14:00:00Z",
          "status": "finalized",
          "result": "no",
          "rules_primary": "If the temperature recorded at Los Angeles, CA for Sep 10, 2026 10 AM EDT as reported by The Weather Company (for coordinates KLAX), is above 78.99\u00b0, then the market resolves to Yes.",
          "rules_secondary": "Not all weather data is the same. While checking a source like AccuWeather or Google Weather may help guide your decision, the official and final value used to determine this market is the maximum/minimum temperature as reported by the Weather Company.\n\nReading weather data\nPreliminary Weather Company data may be subject to rounding and conversion differences from the final reported value.\nUse caution when interpreting preliminary Weather Company readings.",
          "floor_strike": 78.99,
          "cap_strike": null,
          "occurrence_datetime": "2026-09-10T14:05:00Z",
          "settlement_timer_seconds": 3600,
          "source_label": "TWC"
        },
        {
          "ticker": "KXTEMPLAXH-26SEP1010-T77.99",
          "event_ticker": "KXTEMPLAXH-26SEP1010",
          "title": "Will the temp in Los Angeles be above 77.99\u00b0 on Sep 10, 2026 at 10am EDT?",
          "subtitle": "-1\u00b0 or below",
          "open_time": "2026-09-10T13:00:00Z",
          "close_time": "2026-09-10T14:00:00Z",
          "expected_expiration_time": "2026-09-10T14:05:00Z",
          "latest_expiration_time": "2026-09-17T14:00:00Z",
          "status": "finalized",
          "result": "yes",
          "rules_primary": "If the temperature recorded at Los Angeles, CA for Sep 10, 2026 10 AM EDT as reported by The Weather Company (for coordinates KLAX), is above 77.99\u00b0, then the market resolves to Yes.",
          "rules_secondary": "Not all weather data is the same. While checking a source like AccuWeather or Google Weather may help guide your decision, the official and final value used to determine this market is the maximum/minimum temperature as reported by the Weather Company.\n\nReading weather data\nPreliminary Weather Company data may be subject to rounding and conversion differences from the final reported value.\nUse caution when interpreting preliminary Weather Company readings.",
          "floor_strike": 77.99,
          "cap_strike": null,
          "occurrence_datetime": "2026-09-10T14:05:00Z",
          "settlement_timer_seconds": 3600,
          "source_label": "TWC"
        },
        {
          "ticker": "KXTEMPLAXH-26SEP1010-T76.99",
          "event_ticker": "KXTEMPLAXH-26SEP1010",
          "title": "Will the temp in Los Angeles be above 76.99\u00b0 on Sep 10, 2026 at 10am EDT?",
          "subtitle": "-1\u00b0 or below",
          "open_time": "2026-09-10T13:00:00Z",
          "close_time": "2026-09-10T14:00:00Z",
          "expected_expiration_time": "2026-09-10T14:05:00Z",
          "latest_expiration_time": "2026-09-17T14:00:00Z",
          "status": "finalized",
          "result": "yes",
          "rules_primary": "If the temperature recorded at Los Angeles, CA for Sep 10, 2026 10 AM EDT as reported by The Weather Company (for coordinates KLAX), is above 76.99\u00b0, then the market resolves to Yes.",
          "rules_secondary": "Not all weather data is the same. While checking a source like AccuWeather or Google Weather may help guide your decision, the official and final value used to determine this market is the maximum/minimum temperature as reported by the Weather Company.\n\nReading weather data\nPreliminary Weather Company data may be subject to rounding and conversion differences from the final reported value.\nUse caution when interpreting preliminary Weather Company readings.",
          "floor_strike": 76.99,
          "cap_strike": null,
          "occurrence_datetime": "2026-09-10T14:05:00Z",
          "settlement_timer_seconds": 3600,
          "source_label": "TWC"
        },
        {
          "ticker": "KXTEMPLAXH-26SEP1010-T75.99",
          "event_ticker": "KXTEMPLAXH-26SEP1010",
          "title": "Will the temp in Los Angeles be above 75.99\u00b0 on Sep 10, 2026 at 10am EDT?",
          "subtitle": "-1\u00b0 or below",
          "open_time": "2026-09-10T13:00:00Z",
          "close_time": "2026-09-10T14:00:00Z",
          "expected_expiration_time": "2026-09-10T14:05:00Z",
          "latest_expiration_time": "2026-09-17T14:00:00Z",
          "status": "finalized",
          "result": "yes",
          "rules_primary": "If the temperature recorded at Los Angeles, CA for Sep 10, 2026 10 AM EDT as reported by The Weather Company (for coordinates KLAX), is above 75.99\u00b0, then the market resolves to Yes.",
          "rules_secondary": "Not all weather data is the same. While checking a source like AccuWeather or Google Weather may help guide your decision, the official and final value used to determine this market is the maximum/minimum temperature as reported by the Weather Company.\n\nReading weather data\nPreliminary Weather Company data may be subject to rounding and conversion differences from the final reported value.\nUse caution when interpreting preliminary Weather Company readings.",
          "floor_strike": 75.99,
          "cap_strike": null,
          "occurrence_datetime": "2026-09-10T14:05:00Z",
          "settlement_timer_seconds": 3600,
          "source_label": "TWC"
        },
        {
          "ticker": "KXTEMPLAXH-26SEP1010-T74.99",
          "event_ticker": "KXTEMPLAXH-26SEP1010",
          "title": "Will the temp in Los Angeles be above 74.99\u00b0 on Sep 10, 2026 at 10am EDT?",
          "subtitle": "-1\u00b0 or below",
          "open_time": "2026-09-10T13:00:00Z",
          "close_time": "2026-09-10T14:00:00Z",
          "expected_expiration_time": "2026-09-10T14:05:00Z",
          "latest_expiration_time": "2026-09-17T14:00:00Z",
          "status": "finalized",
          "result": "yes",
          "rules_primary": "If the temperature recorded at Los Angeles, CA for Sep 10, 2026 10 AM EDT as reported by The Weather Company (for coordinates KLAX), is above 74.99\u00b0, then the market resolves to Yes.",
          "rules_secondary": "Not all weather data is the same. While checking a source like AccuWeather or Google Weather may help guide your decision, the official and final value used to determine this market is the maximum/minimum temperature as reported by the Weather Company.\n\nReading weather data\nPreliminary Weather Company data may be subject to rounding and conversion differences from the final reported value.\nUse caution when interpreting preliminary Weather Company readings.",
          "floor_strike": 74.99,
          "cap_strike": null,
          "occurrence_datetime": "2026-09-10T14:05:00Z",
          "settlement_timer_seconds": 3600,
          "source_label": "TWC"
        },
        {
          "ticker": "KXTEMPLAXH-26SEP1010-T73.99",
          "event_ticker": "KXTEMPLAXH-26SEP1010",
          "title": "Will the temp in Los Angeles be above 73.99\u00b0 on Sep 10, 2026 at 10am EDT?",
          "subtitle": "-1\u00b0 or below",
          "open_time": "2026-09-10T13:00:00Z",
          "close_time": "2026-09-10T14:00:00Z",
          "expected_expiration_time": "2026-09-10T14:05:00Z",
          "latest_expiration_time": "2026-09-17T14:00:00Z",
          "status": "finalized",
          "result": "yes",
          "rules_primary": "If the temperature recorded at Los Angeles, CA for Sep 10, 2026 10 AM EDT as reported by The Weather Company (for coordinates KLAX), is above 73.99\u00b0, then the market resolves to Yes.",
          "rules_secondary": "Not all weather data is the same. While checking a source like AccuWeather or Google Weather may help guide your decision, the official and final value used to determine this market is the maximum/minimum temperature as reported by the Weather Company.\n\nReading weather data\nPreliminary Weather Company data may be subject to rounding and conversion differences from the final reported value.\nUse caution when interpreting preliminary Weather Company readings.",
          "floor_strike": 73.99,
          "cap_strike": null,
          "occurrence_datetime": "2026-09-10T14:05:00Z",
          "settlement_timer_seconds": 3600,
          "source_label": "TWC"
        },
        {
          "ticker": "KXTEMPLAXH-26SEP1010-T72.99",
          "event_ticker": "KXTEMPLAXH-26SEP1010",
          "title": "Will the temp in Los Angeles be above 72.99\u00b0 on Sep 10, 2026 at 10am EDT?",
          "subtitle": "-1\u00b0 or below",
          "open_time": "2026-09-10T13:00:00Z",
          "close_time": "2026-09-10T14:00:00Z",
          "expected_expiration_time": "2026-09-10T14:05:00Z",
          "latest_expiration_time": "2026-09-17T14:00:00Z",
          "status": "finalized",
          "result": "yes",
          "rules_primary": "If the temperature recorded at Los Angeles, CA for Sep 10, 2026 10 AM EDT as reported by The Weather Company (for coordinates KLAX), is above 72.99\u00b0, then the market resolves to Yes.",
          "rules_secondary": "Not all weather data is the same. While checking a source like AccuWeather or Google Weather may help guide your decision, the official and final value used to determine this market is the maximum/minimum temperature as reported by the Weather Company.\n\nReading weather data\nPreliminary Weather Company data may be subject to rounding and conversion differences from the final reported value.\nUse caution when interpreting preliminary Weather Company readings.",
          "floor_strike": 72.99,
          "cap_strike": null,
          "occurrence_datetime": "2026-09-10T14:05:00Z",
          "settlement_timer_seconds": 3600,
          "source_label": "TWC"
        },
        {
          "ticker": "KXTEMPLAXH-26SEP1010-T71.99",
          "event_ticker": "KXTEMPLAXH-26SEP1010",
          "title": "Will the temp in Los Angeles be above 71.99\u00b0 on Sep 10, 2026 at 10am EDT?",
          "subtitle": "-1\u00b0 or below",
          "open_time": "2026-09-10T13:00:00Z",
          "close_time": "2026-09-10T14:00:00Z",
          "expected_expiration_time": "2026-09-10T14:05:00Z",
          "latest_expiration_time": "2026-09-17T14:00:00Z",
          "status": "finalized",
          "result": "yes",
          "rules_primary": "If the temperature recorded at Los Angeles, CA for Sep 10, 2026 10 AM EDT as reported by The Weather Company (for coordinates KLAX), is above 71.99\u00b0, then the market resolves to Yes.",
          "rules_secondary": "Not all weather data is the same. While checking a source like AccuWeather or Google Weather may help guide your decision, the official and final value used to determine this market is the maximum/minimum temperature as reported by the Weather Company.\n\nReading weather data\nPreliminary Weather Company data may be subject to rounding and conversion differences from the final reported value.\nUse caution when interpreting preliminary Weather Company readings.",
          "floor_strike": 71.99,
          "cap_strike": null,
          "occurrence_datetime": "2026-09-10T14:05:00Z",
          "settlement_timer_seconds": 3600,
          "source_label": "TWC"
        },
        {
          "ticker": "KXTEMPLAXH-26SEP1010-T70.99",
          "event_ticker": "KXTEMPLAXH-26SEP1010",
          "title": "Will the temp in Los Angeles be above 70.99\u00b0 on Sep 10, 2026 at 10am EDT?",
          "subtitle": "-1\u00b0 or below",
          "open_time": "2026-09-10T13:00:00Z",
          "close_time": "2026-09-10T14:00:00Z",
          "expected_expiration_time": "2026-09-10T14:05:00Z",
          "latest_expiration_time": "2026-09-17T14:00:00Z",
          "status": "finalized",
          "result": "yes",
          "rules_primary": "If the temperature recorded at Los Angeles, CA for Sep 10, 2026 10 AM EDT as reported by The Weather Company (for coordinates KLAX), is above 70.99\u00b0, then the market resolves to Yes.",
          "rules_secondary": "Not all weather data is the same. While checking a source like AccuWeather or Google Weather may help guide your decision, the official and final value used to determine this market is the maximum/minimum temperature as reported by the Weather Company.\n\nReading weather data\nPreliminary Weather Company data may be subject to rounding and conversion differences from the final reported value.\nUse caution when interpreting preliminary Weather Company readings.",
          "floor_strike": 70.99,
          "cap_strike": null,
          "occurrence_datetime": "2026-09-10T14:05:00Z",
          "settlement_timer_seconds": 3600,
          "source_label": "TWC"
        }
      ],
      "open_query_status": 200,
      "open_query_sha256": "50699ea1db13415ea46ec367dcfa58decd9660083271c5dc061561f38337fbac",
      "open_market_count": 0,
      "open_source_counts": {},
      "open_market_preview": []
    },
    {
      "series_ticker": "KXTEMPMIAH",
      "historical_raw_sha256": "4a80a7e6af6b591d860fac2da89bbf0a426a47b848bfea1aa879714b6c8fe22f",
      "historical_raw_exists": true,
      "historical_market_count": 1000,
      "historical_source_counts": {
        "SYNOPTIC": 1000
      },
      "nearest_before_transition": [],
      "first_after_transition": [
        {
          "ticker": "KXTEMPMIAH-26SEP1515-T93.99",
          "event_ticker": "KXTEMPMIAH-26SEP1515",
          "title": "Will the temp in Miami be above 93.99\u00b0 on Sep 15, 2026 at 3pm EDT?",
          "subtitle": "-1\u00b0 or below",
          "open_time": "2026-09-15T18:00:00Z",
          "close_time": "2026-09-15T19:00:00Z",
          "expected_expiration_time": "2026-09-15T19:05:00Z",
          "latest_expiration_time": "2026-09-22T19:00:00Z",
          "status": "finalized",
          "result": "no",
          "rules_primary": "If the temperature recorded at Miami, FL for Sep 15, 2026 at 3 PM EDT as reported by Synoptic Data, is above 93.99\u00b0, then the market resolves to Yes.",
          "rules_secondary": "The official final value for this market is determined strictly by the temperature reported by Synoptic Data, calculated in accordance with the Kalshi Weather Index Methodology. Alternative sources\u2014such as NWS Climatological Reports or Google Weather\u2014may serve as references, but are not authoritative and will not be used for market resolution.",
          "floor_strike": 93.99,
          "cap_strike": null,
          "occurrence_datetime": "2026-09-15T19:05:00Z",
          "settlement_timer_seconds": 3600,
          "source_label": "SYNOPTIC"
        },
        {
          "ticker": "KXTEMPMIAH-26SEP1515-T92.99",
          "event_ticker": "KXTEMPMIAH-26SEP1515",
          "title": "Will the temp in Miami be above 92.99\u00b0 on Sep 15, 2026 at 3pm EDT?",
          "subtitle": "-1\u00b0 or below",
          "open_time": "2026-09-15T18:00:00Z",
          "close_time": "2026-09-15T19:00:00Z",
          "expected_expiration_time": "2026-09-15T19:05:00Z",
          "latest_expiration_time": "2026-09-22T19:00:00Z",
          "status": "finalized",
          "result": "no",
          "rules_primary": "If the temperature recorded at Miami, FL for Sep 15, 2026 at 3 PM EDT as reported by Synoptic Data, is above 92.99\u00b0, then the market resolves to Yes.",
          "rules_secondary": "The official final value for this market is determined strictly by the temperature reported by Synoptic Data, calculated in accordance with the Kalshi Weather Index Methodology. Alternative sources\u2014such as NWS Climatological Reports or Google Weather\u2014may serve as references, but are not authoritative and will not be used for market resolution.",
          "floor_strike": 92.99,
          "cap_strike": null,
          "occurrence_datetime": "2026-09-15T19:05:00Z",
          "settlement_timer_seconds": 3600,
          "source_label": "SYNOPTIC"
        },
        {
          "ticker": "KXTEMPMIAH-26SEP1515-T91.99",
          "event_ticker": "KXTEMPMIAH-26SEP1515",
          "title": "Will the temp in Miami be above 91.99\u00b0 on Sep 15, 2026 at 3pm EDT?",
          "subtitle": "-1\u00b0 or below",
          "open_time": "2026-09-15T18:00:00Z",
          "close_time": "2026-09-15T19:00:00Z",
          "expected_expiration_time": "2026-09-15T19:05:00Z",
          "latest_expiration_time": "2026-09-22T19:00:00Z",
          "status": "finalized",
          "result": "no",
          "rules_primary": "If the temperature recorded at Miami, FL for Sep 15, 2026 at 3 PM EDT as reported by Synoptic Data, is above 91.99\u00b0, then the market resolves to Yes.",
          "rules_secondary": "The official final value for this market is determined strictly by the temperature reported by Synoptic Data, calculated in accordance with the Kalshi Weather Index Methodology. Alternative sources\u2014such as NWS Climatological Reports or Google Weather\u2014may serve as references, but are not authoritative and will not be used for market resolution.",
          "floor_strike": 91.99,
          "cap_strike": null,
          "occurrence_datetime": "2026-09-15T19:05:00Z",
          "settlement_timer_seconds": 3600,
          "source_label": "SYNOPTIC"
        },
        {
          "ticker": "KXTEMPMIAH-26SEP1515-T90.99",
          "event_ticker": "KXTEMPMIAH-26SEP1515",
          "title": "Will the temp in Miami be above 90.99\u00b0 on Sep 15, 2026 at 3pm EDT?",
          "subtitle": "-1\u00b0 or below",
          "open_time": "2026-09-15T18:00:00Z",
          "close_time": "2026-09-15T19:00:00Z",
          "expected_expiration_time": "2026-09-15T19:05:00Z",
          "latest_expiration_time": "2026-09-22T19:00:00Z",
          "status": "finalized",
          "result": "no",
          "rules_primary": "If the temperature recorded at Miami, FL for Sep 15, 2026 at 3 PM EDT as reported by Synoptic Data, is above 90.99\u00b0, then the market resolves to Yes.",
          "rules_secondary": "The official final value for this market is determined strictly by the temperature reported by Synoptic Data, calculated in accordance with the Kalshi Weather Index Methodology. Alternative sources\u2014such as NWS Climatological Reports or Google Weather\u2014may serve as references, but are not authoritative and will not be used for market resolution.",
          "floor_strike": 90.99,
          "cap_strike": null,
          "occurrence_datetime": "2026-09-15T19:05:00Z",
          "settlement_timer_seconds": 3600,
          "source_label": "SYNOPTIC"
        },
        {
          "ticker": "KXTEMPMIAH-26SEP1515-T89.99",
          "event_ticker": "KXTEMPMIAH-26SEP1515",
          "title": "Will the temp in Miami be above 89.99\u00b0 on Sep 15, 2026 at 3pm EDT?",
          "subtitle": "-1\u00b0 or below",
          "open_time": "2026-09-15T18:00:00Z",
          "close_time": "2026-09-15T19:00:00Z",
          "expected_expiration_time": "2026-09-15T19:05:00Z",
          "latest_expiration_time": "2026-09-22T19:00:00Z",
          "status": "finalized",
          "result": "yes",
          "rules_primary": "If the temperature recorded at Miami, FL for Sep 15, 2026 at 3 PM EDT as reported by Synoptic Data, is above 89.99\u00b0, then the market resolves to Yes.",
          "rules_secondary": "The official final value for this market is determined strictly by the temperature reported by Synoptic Data, calculated in accordance with the Kalshi Weather Index Methodology. Alternative sources\u2014such as NWS Climatological Reports or Google Weather\u2014may serve as references, but are not authoritative and will not be used for market resolution.",
          "floor_strike": 89.99,
          "cap_strike": null,
          "occurrence_datetime": "2026-09-15T19:05:00Z",
          "settlement_timer_seconds": 3600,
          "source_label": "SYNOPTIC"
        },
        {
          "ticker": "KXTEMPMIAH-26SEP1515-T88.99",
          "event_ticker": "KXTEMPMIAH-26SEP1515",
          "title": "Will the temp in Miami be above 88.99\u00b0 on Sep 15, 2026 at 3pm EDT?",
          "subtitle": "-1\u00b0 or below",
          "open_time": "2026-09-15T18:00:00Z",
          "close_time": "2026-09-15T19:00:00Z",
          "expected_expiration_time": "2026-09-15T19:05:00Z",
          "latest_expiration_time": "2026-09-22T19:00:00Z",
          "status": "finalized",
          "result": "yes",
          "rules_primary": "If the temperature recorded at Miami, FL for Sep 15, 2026 at 3 PM EDT as reported by Synoptic Data, is above 88.99\u00b0, then the market resolves to Yes.",
          "rules_secondary": "The official final value for this market is determined strictly by the temperature reported by Synoptic Data, calculated in accordance with the Kalshi Weather Index Methodology. Alternative sources\u2014such as NWS Climatological Reports or Google Weather\u2014may serve as references, but are not authoritative and will not be used for market resolution.",
          "floor_strike": 88.99,
          "cap_strike": null,
          "occurrence_datetime": "2026-09-15T19:05:00Z",
          "settlement_timer_seconds": 3600,
          "source_label": "SYNOPTIC"
        },
        {
          "ticker": "KXTEMPMIAH-26SEP1515-T87.99",
          "event_ticker": "KXTEMPMIAH-26SEP1515",
          "title": "Will the temp in Miami be above 87.99\u00b0 on Sep 15, 2026 at 3pm EDT?",
          "subtitle": "-1\u00b0 or below",
          "open_time": "2026-09-15T18:00:00Z",
          "close_time": "2026-09-15T19:00:00Z",
          "expected_expiration_time": "2026-09-15T19:05:00Z",
          "latest_expiration_time": "2026-09-22T19:00:00Z",
          "status": "finalized",
          "result": "yes",
          "rules_primary": "If the temperature recorded at Miami, FL for Sep 15, 2026 at 3 PM EDT as reported by Synoptic Data, is above 87.99\u00b0, then the market resolves to Yes.",
          "rules_secondary": "The official final value for this market is determined strictly by the temperature reported by Synoptic Data, calculated in accordance with the Kalshi Weather Index Methodology. Alternative sources\u2014such as NWS Climatological Reports or Google Weather\u2014may serve as references, but are not authoritative and will not be used for market resolution.",
          "floor_strike": 87.99,
          "cap_strike": null,
          "occurrence_datetime": "2026-09-15T19:05:00Z",
          "settlement_timer_seconds": 3600,
          "source_label": "SYNOPTIC"
        },
        {
          "ticker": "KXTEMPMIAH-26SEP1515-T86.99",
          "event_ticker": "KXTEMPMIAH-26SEP1515",
          "title": "Will the temp in Miami be above 86.99\u00b0 on Sep 15, 2026 at 3pm EDT?",
          "subtitle": "-1\u00b0 or below",
          "open_time": "2026-09-15T18:00:00Z",
          "close_time": "2026-09-15T19:00:00Z",
          "expected_expiration_time": "2026-09-15T19:05:00Z",
          "latest_expiration_time": "2026-09-22T19:00:00Z",
          "status": "finalized",
          "result": "yes",
          "rules_primary": "If the temperature recorded at Miami, FL for Sep 15, 2026 at 3 PM EDT as reported by Synoptic Data, is above 86.99\u00b0, then the market resolves to Yes.",
          "rules_secondary": "The official final value for this market is determined strictly by the temperature reported by Synoptic Data, calculated in accordance with the Kalshi Weather Index Methodology. Alternative sources\u2014such as NWS Climatological Reports or Google Weather\u2014may serve as references, but are not authoritative and will not be used for market resolution.",
          "floor_strike": 86.99,
          "cap_strike": null,
          "occurrence_datetime": "2026-09-15T19:05:00Z",
          "settlement_timer_seconds": 3600,
          "source_label": "SYNOPTIC"
        },
        {
          "ticker": "KXTEMPMIAH-26SEP1515-T85.99",
          "event_ticker": "KXTEMPMIAH-26SEP1515",
          "title": "Will the temp in Miami be above 85.99\u00b0 on Sep 15, 2026 at 3pm EDT?",
          "subtitle": "-1\u00b0 or below",
          "open_time": "2026-09-15T18:00:00Z",
          "close_time": "2026-09-15T19:00:00Z",
          "expected_expiration_time": "2026-09-15T19:05:00Z",
          "latest_expiration_time": "2026-09-22T19:00:00Z",
          "status": "finalized",
          "result": "yes",
          "rules_primary": "If the temperature recorded at Miami, FL for Sep 15, 2026 at 3 PM EDT as reported by Synoptic Data, is above 85.99\u00b0, then the market resolves to Yes.",
          "rules_secondary": "The official final value for this market is determined strictly by the temperature reported by Synoptic Data, calculated in accordance with the Kalshi Weather Index Methodology. Alternative sources\u2014such as NWS Climatological Reports or Google Weather\u2014may serve as references, but are not authoritative and will not be used for market resolution.",
          "floor_strike": 85.99,
          "cap_strike": null,
          "occurrence_datetime": "2026-09-15T19:05:00Z",
          "settlement_timer_seconds": 3600,
          "source_label": "SYNOPTIC"
        },
        {
          "ticker": "KXTEMPMIAH-26SEP1515-T84.99",
          "event_ticker": "KXTEMPMIAH-26SEP1515",
          "title": "Will the temp in Miami be above 84.99\u00b0 on Sep 15, 2026 at 3pm EDT?",
          "subtitle": "-1\u00b0 or below",
          "open_time": "2026-09-15T18:00:00Z",
          "close_time": "2026-09-15T19:00:00Z",
          "expected_expiration_time": "2026-09-15T19:05:00Z",
          "latest_expiration_time": "2026-09-22T19:00:00Z",
          "status": "finalized",
          "result": "yes",
          "rules_primary": "If the temperature recorded at Miami, FL for Sep 15, 2026 at 3 PM EDT as reported by Synoptic Data, is above 84.99\u00b0, then the market resolves to Yes.",
          "rules_secondary": "The official final value for this market is determined strictly by the temperature reported by Synoptic Data, calculated in accordance with the Kalshi Weather Index Methodology. Alternative sources\u2014such as NWS Climatological Reports or Google Weather\u2014may serve as references, but are not authoritative and will not be used for market resolution.",
          "floor_strike": 84.99,
          "cap_strike": null,
          "occurrence_datetime": "2026-09-15T19:05:00Z",
          "settlement_timer_seconds": 3600,
          "source_label": "SYNOPTIC"
        },
        {
          "ticker": "KXTEMPMIAH-26SEP1516-T95.99",
          "event_ticker": "KXTEMPMIAH-26SEP1516",
          "title": "Will the temp in Miami be above 95.99\u00b0 on Sep 15, 2026 at 4pm EDT?",
          "subtitle": "-1\u00b0 or below",
          "open_time": "2026-09-15T19:00:00Z",
          "close_time": "2026-09-15T20:00:00Z",
          "expected_expiration_time": "2026-09-15T20:05:00Z",
          "latest_expiration_time": "2026-09-22T20:00:00Z",
          "status": "finalized",
          "result": "no",
          "rules_primary": "If the temperature recorded at Miami, FL for Sep 15, 2026 at 4 PM EDT as reported by Synoptic Data, is above 95.99\u00b0, then the market resolves to Yes.",
          "rules_secondary": "The official final value for this market is determined strictly by the temperature reported by Synoptic Data, calculated in accordance with the Kalshi Weather Index Methodology. Alternative sources\u2014such as NWS Climatological Reports or Google Weather\u2014may serve as references, but are not authoritative and will not be used for market resolution.",
          "floor_strike": 95.99,
          "cap_strike": null,
          "occurrence_datetime": "2026-09-15T20:05:00Z",
          "settlement_timer_seconds": 3600,
          "source_label": "SYNOPTIC"
        },
        {
          "ticker": "KXTEMPMIAH-26SEP1516-T94.99",
          "event_ticker": "KXTEMPMIAH-26SEP1516",
          "title": "Will the temp in Miami be above 94.99\u00b0 on Sep 15, 2026 at 4pm EDT?",
          "subtitle": "-1\u00b0 or below",
          "open_time": "2026-09-15T19:00:00Z",
          "close_time": "2026-09-15T20:00:00Z",
          "expected_expiration_time": "2026-09-15T20:05:00Z",
          "latest_expiration_time": "2026-09-22T20:00:00Z",
          "status": "finalized",
          "result": "no",
          "rules_primary": "If the temperature recorded at Miami, FL for Sep 15, 2026 at 4 PM EDT as reported by Synoptic Data, is above 94.99\u00b0, then the market resolves to Yes.",
          "rules_secondary": "The official final value for this market is determined strictly by the temperature reported by Synoptic Data, calculated in accordance with the Kalshi Weather Index Methodology. Alternative sources\u2014such as NWS Climatological Reports or Google Weather\u2014may serve as references, but are not authoritative and will not be used for market resolution.",
          "floor_strike": 94.99,
          "cap_strike": null,
          "occurrence_datetime": "2026-09-15T20:05:00Z",
          "settlement_timer_seconds": 3600,
          "source_label": "SYNOPTIC"
        }
      ],
      "latest_historical": [
        {
          "ticker": "KXTEMPMIAH-26SEP1919-T75.99",
          "event_ticker": "KXTEMPMIAH-26SEP1919",
          "title": "Will the temp in Miami be above 75.99\u00b0 on Sep 19, 2026 at 7pm EDT?",
          "subtitle": "-1\u00b0 or below",
          "open_time": "2026-09-19T22:00:00Z",
          "close_time": "2026-09-19T23:00:00Z",
          "expected_expiration_time": "2026-09-19T23:05:00Z",
          "latest_expiration_time": "2026-09-26T23:00:00Z",
          "status": "determined",
          "result": "yes",
          "rules_primary": "If the temperature recorded at Miami, FL for Sep 19, 2026 at 7 PM EDT as reported by Synoptic Data, is above 75.99\u00b0, then the market resolves to Yes.",
          "rules_secondary": "The official final value for this market is determined strictly by the temperature reported by Synoptic Data, calculated in accordance with the Kalshi Weather Index Methodology. Alternative sources\u2014such as NWS Climatological Reports or Google Weather\u2014may serve as references, but are not authoritative and will not be used for market resolution.",
          "floor_strike": 75.99,
          "cap_strike": null,
          "occurrence_datetime": "2026-09-19T23:05:00Z",
          "settlement_timer_seconds": 3600,
          "source_label": "SYNOPTIC"
        },
        {
          "ticker": "KXTEMPMIAH-26SEP1919-T74.99",
          "event_ticker": "KXTEMPMIAH-26SEP1919",
          "title": "Will the temp in Miami be above 74.99\u00b0 on Sep 19, 2026 at 7pm EDT?",
          "subtitle": "-1\u00b0 or below",
          "open_time": "2026-09-19T22:00:00Z",
          "close_time": "2026-09-19T23:00:00Z",
          "expected_expiration_time": "2026-09-19T23:05:00Z",
          "latest_expiration_time": "2026-09-26T23:00:00Z",
          "status": "determined",
          "result": "yes",
          "rules_primary": "If the temperature recorded at Miami, FL for Sep 19, 2026 at 7 PM EDT as reported by Synoptic Data, is above 74.99\u00b0, then the market resolves to Yes.",
          "rules_secondary": "The official final value for this market is determined strictly by the temperature reported by Synoptic Data, calculated in accordance with the Kalshi Weather Index Methodology. Alternative sources\u2014such as NWS Climatological Reports or Google Weather\u2014may serve as references, but are not authoritative and will not be used for market resolution.",
          "floor_strike": 74.99,
          "cap_strike": null,
          "occurrence_datetime": "2026-09-19T23:05:00Z",
          "settlement_timer_seconds": 3600,
          "source_label": "SYNOPTIC"
        },
        {
          "ticker": "KXTEMPMIAH-26SEP1920-T80.99",
          "event_ticker": "KXTEMPMIAH-26SEP1920",
          "title": "Will the temp in Miami be above 80.99\u00b0 on Sep 19, 2026 at 8pm EDT?",
          "subtitle": "-1\u00b0 or below",
          "open_time": "2026-09-19T23:00:00Z",
          "close_time": "2026-09-20T00:00:00Z",
          "expected_expiration_time": "2026-09-20T00:05:00Z",
          "latest_expiration_time": "2026-09-27T00:00:00Z",
          "status": "active",
          "result": "",
          "rules_primary": "If the temperature recorded at Miami, FL for Sep 19, 2026 at 8 PM EDT as reported by Synoptic Data, is above 80.99\u00b0, then the market resolves to Yes.",
          "rules_secondary": "The official final value for this market is determined strictly by the temperature reported by Synoptic Data, calculated in accordance with the Kalshi Weather Index Methodology. Alternative sources\u2014such as NWS Climatological Reports or Google Weather\u2014may serve as references, but are not authoritative and will not be used for market resolution.",
          "floor_strike": 80.99,
          "cap_strike": null,
          "occurrence_datetime": "2026-09-20T00:05:00Z",
          "settlement_timer_seconds": 3600,
          "source_label": "SYNOPTIC"
        },
        {
          "ticker": "KXTEMPMIAH-26SEP1920-T79.99",
          "event_ticker": "KXTEMPMIAH-26SEP1920",
          "title": "Will the temp in Miami be above 79.99\u00b0 on Sep 19, 2026 at 8pm EDT?",
          "subtitle": "-1\u00b0 or below",
          "open_time": "2026-09-19T23:00:00Z",
          "close_time": "2026-09-20T00:00:00Z",
          "expected_expiration_time": "2026-09-20T00:05:00Z",
          "latest_expiration_time": "2026-09-27T00:00:00Z",
          "status": "active",
          "result": "",
          "rules_primary": "If the temperature recorded at Miami, FL for Sep 19, 2026 at 8 PM EDT as reported by Synoptic Data, is above 79.99\u00b0, then the market resolves to Yes.",
          "rules_secondary": "The official final value for this market is determined strictly by the temperature reported by Synoptic Data, calculated in accordance with the Kalshi Weather Index Methodology. Alternative sources\u2014such as NWS Climatological Reports or Google Weather\u2014may serve as references, but are not authoritative and will not be used for market resolution.",
          "floor_strike": 79.99,
          "cap_strike": null,
          "occurrence_datetime": "2026-09-20T00:05:00Z",
          "settlement_timer_seconds": 3600,
          "source_label": "SYNOPTIC"
        },
        {
          "ticker": "KXTEMPMIAH-26SEP1920-T78.99",
          "event_ticker": "KXTEMPMIAH-26SEP1920",
          "title": "Will the temp in Miami be above 78.99\u00b0 on Sep 19, 2026 at 8pm EDT?",
          "subtitle": "-1\u00b0 or below",
          "open_time": "2026-09-19T23:00:00Z",
          "close_time": "2026-09-20T00:00:00Z",
          "expected_expiration_time": "2026-09-20T00:05:00Z",
          "latest_expiration_time": "2026-09-27T00:00:00Z",
          "status": "active",
          "result": "",
          "rules_primary": "If the temperature recorded at Miami, FL for Sep 19, 2026 at 8 PM EDT as reported by Synoptic Data, is above 78.99\u00b0, then the market resolves to Yes.",
          "rules_secondary": "The official final value for this market is determined strictly by the temperature reported by Synoptic Data, calculated in accordance with the Kalshi Weather Index Methodology. Alternative sources\u2014such as NWS Climatological Reports or Google Weather\u2014may serve as references, but are not authoritative and will not be used for market resolution.",
          "floor_strike": 78.99,
          "cap_strike": null,
          "occurrence_datetime": "2026-09-20T00:05:00Z",
          "settlement_timer_seconds": 3600,
          "source_label": "SYNOPTIC"
        },
        {
          "ticker": "KXTEMPMIAH-26SEP1920-T77.99",
          "event_ticker": "KXTEMPMIAH-26SEP1920",
          "title": "Will the temp in Miami be above 77.99\u00b0 on Sep 19, 2026 at 8pm EDT?",
          "subtitle": "-1\u00b0 or below",
          "open_time": "2026-09-19T23:00:00Z",
          "close_time": "2026-09-20T00:00:00Z",
          "expected_expiration_time": "2026-09-20T00:05:00Z",
          "latest_expiration_time": "2026-09-27T00:00:00Z",
          "status": "active",
          "result": "",
          "rules_primary": "If the temperature recorded at Miami, FL for Sep 19, 2026 at 8 PM EDT as reported by Synoptic Data, is above 77.99\u00b0, then the market resolves to Yes.",
          "rules_secondary": "The official final value for this market is determined strictly by the temperature reported by Synoptic Data, calculated in accordance with the Kalshi Weather Index Methodology. Alternative sources\u2014such as NWS Climatological Reports or Google Weather\u2014may serve as references, but are not authoritative and will not be used for market resolution.",
          "floor_strike": 77.99,
          "cap_strike": null,
          "occurrence_datetime": "2026-09-20T00:05:00Z",
          "settlement_timer_seconds": 3600,
          "source_label": "SYNOPTIC"
        },
        {
          "ticker": "KXTEMPMIAH-26SEP1920-T76.99",
          "event_ticker": "KXTEMPMIAH-26SEP1920",
          "title": "Will the temp in Miami be above 76.99\u00b0 on Sep 19, 2026 at 8pm EDT?",
          "subtitle": "-1\u00b0 or below",
          "open_time": "2026-09-19T23:00:00Z",
          "close_time": "2026-09-20T00:00:00Z",
          "expected_expiration_time": "2026-09-20T00:05:00Z",
          "latest_expiration_time": "2026-09-27T00:00:00Z",
          "status": "active",
          "result": "",
          "rules_primary": "If the temperature recorded at Miami, FL for Sep 19, 2026 at 8 PM EDT as reported by Synoptic Data, is above 76.99\u00b0, then the market resolves to Yes.",
          "rules_secondary": "The official final value for this market is determined strictly by the temperature reported by Synoptic Data, calculated in accordance with the Kalshi Weather Index Methodology. Alternative sources\u2014such as NWS Climatological Reports or Google Weather\u2014may serve as references, but are not authoritative and will not be used for market resolution.",
          "floor_strike": 76.99,
          "cap_strike": null,
          "occurrence_datetime": "2026-09-20T00:05:00Z",
          "settlement_timer_seconds": 3600,
          "source_label": "SYNOPTIC"
        },
        {
          "ticker": "KXTEMPMIAH-26SEP1920-T75.99",
          "event_ticker": "KXTEMPMIAH-26SEP1920",
          "title": "Will the temp in Miami be above 75.99\u00b0 on Sep 19, 2026 at 8pm EDT?",
          "subtitle": "-1\u00b0 or below",
          "open_time": "2026-09-19T23:00:00Z",
          "close_time": "2026-09-20T00:00:00Z",
          "expected_expiration_time": "2026-09-20T00:05:00Z",
          "latest_expiration_time": "2026-09-27T00:00:00Z",
          "status": "active",
          "result": "",
          "rules_primary": "If the temperature recorded at Miami, FL for Sep 19, 2026 at 8 PM EDT as reported by Synoptic Data, is above 75.99\u00b0, then the market resolves to Yes.",
          "rules_secondary": "The official final value for this market is determined strictly by the temperature reported by Synoptic Data, calculated in accordance with the Kalshi Weather Index Methodology. Alternative sources\u2014such as NWS Climatological Reports or Google Weather\u2014may serve as references, but are not authoritative and will not be used for market resolution.",
          "floor_strike": 75.99,
          "cap_strike": null,
          "occurrence_datetime": "2026-09-20T00:05:00Z",
          "settlement_timer_seconds": 3600,
          "source_label": "SYNOPTIC"
        },
        {
          "ticker": "KXTEMPMIAH-26SEP1920-T74.99",
          "event_ticker": "KXTEMPMIAH-26SEP1920",
          "title": "Will the temp in Miami be above 74.99\u00b0 on Sep 19, 2026 at 8pm EDT?",
          "subtitle": "-1\u00b0 or below",
          "open_time": "2026-09-19T23:00:00Z",
          "close_time": "2026-09-20T00:00:00Z",
          "expected_expiration_time": "2026-09-20T00:05:00Z",
          "latest_expiration_time": "2026-09-27T00:00:00Z",
          "status": "active",
          "result": "",
          "rules_primary": "If the temperature recorded at Miami, FL for Sep 19, 2026 at 8 PM EDT as reported by Synoptic Data, is above 74.99\u00b0, then the market resolves to Yes.",
          "rules_secondary": "The official final value for this market is determined strictly by the temperature reported by Synoptic Data, calculated in accordance with the Kalshi Weather Index Methodology. Alternative sources\u2014such as NWS Climatological Reports or Google Weather\u2014may serve as references, but are not authoritative and will not be used for market resolution.",
          "floor_strike": 74.99,
          "cap_strike": null,
          "occurrence_datetime": "2026-09-20T00:05:00Z",
          "settlement_timer_seconds": 3600,
          "source_label": "SYNOPTIC"
        },
        {
          "ticker": "KXTEMPMIAH-26SEP1920-T73.99",
          "event_ticker": "KXTEMPMIAH-26SEP1920",
          "title": "Will the temp in Miami be above 73.99\u00b0 on Sep 19, 2026 at 8pm EDT?",
          "subtitle": "-1\u00b0 or below",
          "open_time": "2026-09-19T23:00:00Z",
          "close_time": "2026-09-20T00:00:00Z",
          "expected_expiration_time": "2026-09-20T00:05:00Z",
          "latest_expiration_time": "2026-09-27T00:00:00Z",
          "status": "active",
          "result": "",
          "rules_primary": "If the temperature recorded at Miami, FL for Sep 19, 2026 at 8 PM EDT as reported by Synoptic Data, is above 73.99\u00b0, then the market resolves to Yes.",
          "rules_secondary": "The official final value for this market is determined strictly by the temperature reported by Synoptic Data, calculated in accordance with the Kalshi Weather Index Methodology. Alternative sources\u2014such as NWS Climatological Reports or Google Weather\u2014may serve as references, but are not authoritative and will not be used for market resolution.",
          "floor_strike": 73.99,
          "cap_strike": null,
          "occurrence_datetime": "2026-09-20T00:05:00Z",
          "settlement_timer_seconds": 3600,
          "source_label": "SYNOPTIC"
        },
        {
          "ticker": "KXTEMPMIAH-26SEP1920-T72.99",
          "event_ticker": "KXTEMPMIAH-26SEP1920",
          "title": "Will the temp in Miami be above 72.99\u00b0 on Sep 19, 2026 at 8pm EDT?",
          "subtitle": "-1\u00b0 or below",
          "open_time": "2026-09-19T23:00:00Z",
          "close_time": "2026-09-20T00:00:00Z",
          "expected_expiration_time": "2026-09-20T00:05:00Z",
          "latest_expiration_time": "2026-09-27T00:00:00Z",
          "status": "active",
          "result": "",
          "rules_primary": "If the temperature recorded at Miami, FL for Sep 19, 2026 at 8 PM EDT as reported by Synoptic Data, is above 72.99\u00b0, then the market resolves to Yes.",
          "rules_secondary": "The official final value for this market is determined strictly by the temperature reported by Synoptic Data, calculated in accordance with the Kalshi Weather Index Methodology. Alternative sources\u2014such as NWS Climatological Reports or Google Weather\u2014may serve as references, but are not authoritative and will not be used for market resolution.",
          "floor_strike": 72.99,
          "cap_strike": null,
          "occurrence_datetime": "2026-09-20T00:05:00Z",
          "settlement_timer_seconds": 3600,
          "source_label": "SYNOPTIC"
        },
        {
          "ticker": "KXTEMPMIAH-26SEP1920-T71.99",
          "event_ticker": "KXTEMPMIAH-26SEP1920",
          "title": "Will the temp in Miami be above 71.99\u00b0 on Sep 19, 2026 at 8pm EDT?",
          "subtitle": "-1\u00b0 or below",
          "open_time": "2026-09-19T23:00:00Z",
          "close_time": "2026-09-20T00:00:00Z",
          "expected_expiration_time": "2026-09-20T00:05:00Z",
          "latest_expiration_time": "2026-09-27T00:00:00Z",
          "status": "active",
          "result": "",
          "rules_primary": "If the temperature recorded at Miami, FL for Sep 19, 2026 at 8 PM EDT as reported by Synoptic Data, is above 71.99\u00b0, then the market resolves to Yes.",
          "rules_secondary": "The official final value for this market is determined strictly by the temperature reported by Synoptic Data, calculated in accordance with the Kalshi Weather Index Methodology. Alternative sources\u2014such as NWS Climatological Reports or Google Weather\u2014may serve as references, but are not authoritative and will not be used for market resolution.",
          "floor_strike": 71.99,
          "cap_strike": null,
          "occurrence_datetime": "2026-09-20T00:05:00Z",
          "settlement_timer_seconds": 3600,
          "source_label": "SYNOPTIC"
        }
      ],
      "open_query_status": 200,
      "open_query_sha256": "30e4c6c988cfee1e8e01ce6fc687eae341c848ca50e9853aafc7f47d8117ba56",
      "open_market_count": 10,
      "open_source_counts": {
        "SYNOPTIC": 10
      },
      "open_market_preview": [
        {
          "ticker": "KXTEMPMIAH-26SEP1920-T80.99",
          "event_ticker": "KXTEMPMIAH-26SEP1920",
          "title": "Will the temp in Miami be above 80.99\u00b0 on Sep 19, 2026 at 8pm EDT?",
          "subtitle": "-1\u00b0 or below",
          "open_time": "2026-09-19T23:00:00Z",
          "close_time": "2026-09-20T00:00:00Z",
          "expected_expiration_time": "2026-09-20T00:05:00Z",
          "latest_expiration_time": "2026-09-27T00:00:00Z",
          "status": "active",
          "result": "",
          "rules_primary": "If the temperature recorded at Miami, FL for Sep 19, 2026 at 8 PM EDT as reported by Synoptic Data, is above 80.99\u00b0, then the market resolves to Yes.",
          "rules_secondary": "The official final value for this market is determined strictly by the temperature reported by Synoptic Data, calculated in accordance with the Kalshi Weather Index Methodology. Alternative sources\u2014such as NWS Climatological Reports or Google Weather\u2014may serve as references, but are not authoritative and will not be used for market resolution.",
          "floor_strike": 80.99,
          "cap_strike": null,
          "occurrence_datetime": "2026-09-20T00:05:00Z",
          "settlement_timer_seconds": 3600,
          "source_label": "SYNOPTIC"
        },
        {
          "ticker": "KXTEMPMIAH-26SEP1920-T79.99",
          "event_ticker": "KXTEMPMIAH-26SEP1920",
          "title": "Will the temp in Miami be above 79.99\u00b0 on Sep 19, 2026 at 8pm EDT?",
          "subtitle": "-1\u00b0 or below",
          "open_time": "2026-09-19T23:00:00Z",
          "close_time": "2026-09-20T00:00:00Z",
          "expected_expiration_time": "2026-09-20T00:05:00Z",
          "latest_expiration_time": "2026-09-27T00:00:00Z",
          "status": "active",
          "result": "",
          "rules_primary": "If the temperature recorded at Miami, FL for Sep 19, 2026 at 8 PM EDT as reported by Synoptic Data, is above 79.99\u00b0, then the market resolves to Yes.",
          "rules_secondary": "The official final value for this market is determined strictly by the temperature reported by Synoptic Data, calculated in accordance with the Kalshi Weather Index Methodology. Alternative sources\u2014such as NWS Climatological Reports or Google Weather\u2014may serve as references, but are not authoritative and will not be used for market resolution.",
          "floor_strike": 79.99,
          "cap_strike": null,
          "occurrence_datetime": "2026-09-20T00:05:00Z",
          "settlement_timer_seconds": 3600,
          "source_label": "SYNOPTIC"
        },
        {
          "ticker": "KXTEMPMIAH-26SEP1920-T78.99",
          "event_ticker": "KXTEMPMIAH-26SEP1920",
          "title": "Will the temp in Miami be above 78.99\u00b0 on Sep 19, 2026 at 8pm EDT?",
          "subtitle": "-1\u00b0 or below",
          "open_time": "2026-09-19T23:00:00Z",
          "close_time": "2026-09-20T00:00:00Z",
          "expected_expiration_time": "2026-09-20T00:05:00Z",
          "latest_expiration_time": "2026-09-27T00:00:00Z",
          "status": "active",
          "result": "",
          "rules_primary": "If the temperature recorded at Miami, FL for Sep 19, 2026 at 8 PM EDT as reported by Synoptic Data, is above 78.99\u00b0, then the market resolves to Yes.",
          "rules_secondary": "The official final value for this market is determined strictly by the temperature reported by Synoptic Data, calculated in accordance with the Kalshi Weather Index Methodology. Alternative sources\u2014such as NWS Climatological Reports or Google Weather\u2014may serve as references, but are not authoritative and will not be used for market resolution.",
          "floor_strike": 78.99,
          "cap_strike": null,
          "occurrence_datetime": "2026-09-20T00:05:00Z",
          "settlement_timer_seconds": 3600,
          "source_label": "SYNOPTIC"
        },
        {
          "ticker": "KXTEMPMIAH-26SEP1920-T77.99",
          "event_ticker": "KXTEMPMIAH-26SEP1920",
          "title": "Will the temp in Miami be above 77.99\u00b0 on Sep 19, 2026 at 8pm EDT?",
          "subtitle": "-1\u00b0 or below",
          "open_time": "2026-09-19T23:00:00Z",
          "close_time": "2026-09-20T00:00:00Z",
          "expected_expiration_time": "2026-09-20T00:05:00Z",
          "latest_expiration_time": "2026-09-27T00:00:00Z",
          "status": "active",
          "result": "",
          "rules_primary": "If the temperature recorded at Miami, FL for Sep 19, 2026 at 8 PM EDT as reported by Synoptic Data, is above 77.99\u00b0, then the market resolves to Yes.",
          "rules_secondary": "The official final value for this market is determined strictly by the temperature reported by Synoptic Data, calculated in accordance with the Kalshi Weather Index Methodology. Alternative sources\u2014such as NWS Climatological Reports or Google Weather\u2014may serve as references, but are not authoritative and will not be used for market resolution.",
          "floor_strike": 77.99,
          "cap_strike": null,
          "occurrence_datetime": "2026-09-20T00:05:00Z",
          "settlement_timer_seconds": 3600,
          "source_label": "SYNOPTIC"
        },
        {
          "ticker": "KXTEMPMIAH-26SEP1920-T76.99",
          "event_ticker": "KXTEMPMIAH-26SEP1920",
          "title": "Will the temp in Miami be above 76.99\u00b0 on Sep 19, 2026 at 8pm EDT?",
          "subtitle": "-1\u00b0 or below",
          "open_time": "2026-09-19T23:00:00Z",
          "close_time": "2026-09-20T00:00:00Z",
          "expected_expiration_time": "2026-09-20T00:05:00Z",
          "latest_expiration_time": "2026-09-27T00:00:00Z",
          "status": "active",
          "result": "",
          "rules_primary": "If the temperature recorded at Miami, FL for Sep 19, 2026 at 8 PM EDT as reported by Synoptic Data, is above 76.99\u00b0, then the market resolves to Yes.",
          "rules_secondary": "The official final value for this market is determined strictly by the temperature reported by Synoptic Data, calculated in accordance with the Kalshi Weather Index Methodology. Alternative sources\u2014such as NWS Climatological Reports or Google Weather\u2014may serve as references, but are not authoritative and will not be used for market resolution.",
          "floor_strike": 76.99,
          "cap_strike": null,
          "occurrence_datetime": "2026-09-20T00:05:00Z",
          "settlement_timer_seconds": 3600,
          "source_label": "SYNOPTIC"
        },
        {
          "ticker": "KXTEMPMIAH-26SEP1920-T75.99",
          "event_ticker": "KXTEMPMIAH-26SEP1920",
          "title": "Will the temp in Miami be above 75.99\u00b0 on Sep 19, 2026 at 8pm EDT?",
          "subtitle": "-1\u00b0 or below",
          "open_time": "2026-09-19T23:00:00Z",
          "close_time": "2026-09-20T00:00:00Z",
          "expected_expiration_time": "2026-09-20T00:05:00Z",
          "latest_expiration_time": "2026-09-27T00:00:00Z",
          "status": "active",
          "result": "",
          "rules_primary": "If the temperature recorded at Miami, FL for Sep 19, 2026 at 8 PM EDT as reported by Synoptic Data, is above 75.99\u00b0, then the market resolves to Yes.",
          "rules_secondary": "The official final value for this market is determined strictly by the temperature reported by Synoptic Data, calculated in accordance with the Kalshi Weather Index Methodology. Alternative sources\u2014such as NWS Climatological Reports or Google Weather\u2014may serve as references, but are not authoritative and will not be used for market resolution.",
          "floor_strike": 75.99,
          "cap_strike": null,
          "occurrence_datetime": "2026-09-20T00:05:00Z",
          "settlement_timer_seconds": 3600,
          "source_label": "SYNOPTIC"
        },
        {
          "ticker": "KXTEMPMIAH-26SEP1920-T74.99",
          "event_ticker": "KXTEMPMIAH-26SEP1920",
          "title": "Will the temp in Miami be above 74.99\u00b0 on Sep 19, 2026 at 8pm EDT?",
          "subtitle": "-1\u00b0 or below",
          "open_time": "2026-09-19T23:00:00Z",
          "close_time": "2026-09-20T00:00:00Z",
          "expected_expiration_time": "2026-09-20T00:05:00Z",
          "latest_expiration_time": "2026-09-27T00:00:00Z",
          "status": "active",
          "result": "",
          "rules_primary": "If the temperature recorded at Miami, FL for Sep 19, 2026 at 8 PM EDT as reported by Synoptic Data, is above 74.99\u00b0, then the market resolves to Yes.",
          "rules_secondary": "The official final value for this market is determined strictly by the temperature reported by Synoptic Data, calculated in accordance with the Kalshi Weather Index Methodology. Alternative sources\u2014such as NWS Climatological Reports or Google Weather\u2014may serve as references, but are not authoritative and will not be used for market resolution.",
          "floor_strike": 74.99,
          "cap_strike": null,
          "occurrence_datetime": "2026-09-20T00:05:00Z",
          "settlement_timer_seconds": 3600,
          "source_label": "SYNOPTIC"
        },
        {
          "ticker": "KXTEMPMIAH-26SEP1920-T73.99",
          "event_ticker": "KXTEMPMIAH-26SEP1920",
          "title": "Will the temp in Miami be above 73.99\u00b0 on Sep 19, 2026 at 8pm EDT?",
          "subtitle": "-1\u00b0 or below",
          "open_time": "2026-09-19T23:00:00Z",
          "close_time": "2026-09-20T00:00:00Z",
          "expected_expiration_time": "2026-09-20T00:05:00Z",
          "latest_expiration_time": "2026-09-27T00:00:00Z",
          "status": "active",
          "result": "",
          "rules_primary": "If the temperature recorded at Miami, FL for Sep 19, 2026 at 8 PM EDT as reported by Synoptic Data, is above 73.99\u00b0, then the market resolves to Yes.",
          "rules_secondary": "The official final value for this market is determined strictly by the temperature reported by Synoptic Data, calculated in accordance with the Kalshi Weather Index Methodology. Alternative sources\u2014such as NWS Climatological Reports or Google Weather\u2014may serve as references, but are not authoritative and will not be used for market resolution.",
          "floor_strike": 73.99,
          "cap_strike": null,
          "occurrence_datetime": "2026-09-20T00:05:00Z",
          "settlement_timer_seconds": 3600,
          "source_label": "SYNOPTIC"
        },
        {
          "ticker": "KXTEMPMIAH-26SEP1920-T72.99",
          "event_ticker": "KXTEMPMIAH-26SEP1920",
          "title": "Will the temp in Miami be above 72.99\u00b0 on Sep 19, 2026 at 8pm EDT?",
          "subtitle": "-1\u00b0 or below",
          "open_time": "2026-09-19T23:00:00Z",
          "close_time": "2026-09-20T00:00:00Z",
          "expected_expiration_time": "2026-09-20T00:05:00Z",
          "latest_expiration_time": "2026-09-27T00:00:00Z",
          "status": "active",
          "result": "",
          "rules_primary": "If the temperature recorded at Miami, FL for Sep 19, 2026 at 8 PM EDT as reported by Synoptic Data, is above 72.99\u00b0, then the market resolves to Yes.",
          "rules_secondary": "The official final value for this market is determined strictly by the temperature reported by Synoptic Data, calculated in accordance with the Kalshi Weather Index Methodology. Alternative sources\u2014such as NWS Climatological Reports or Google Weather\u2014may serve as references, but are not authoritative and will not be used for market resolution.",
          "floor_strike": 72.99,
          "cap_strike": null,
          "occurrence_datetime": "2026-09-20T00:05:00Z",
          "settlement_timer_seconds": 3600,
          "source_label": "SYNOPTIC"
        },
        {
          "ticker": "KXTEMPMIAH-26SEP1920-T71.99",
          "event_ticker": "KXTEMPMIAH-26SEP1920",
          "title": "Will the temp in Miami be above 71.99\u00b0 on Sep 19, 2026 at 8pm EDT?",
          "subtitle": "-1\u00b0 or below",
          "open_time": "2026-09-19T23:00:00Z",
          "close_time": "2026-09-20T00:00:00Z",
          "expected_expiration_time": "2026-09-20T00:05:00Z",
          "latest_expiration_time": "2026-09-27T00:00:00Z",
          "status": "active",
          "result": "",
          "rules_primary": "If the temperature recorded at Miami, FL for Sep 19, 2026 at 8 PM EDT as reported by Synoptic Data, is above 71.99\u00b0, then the market resolves to Yes.",
          "rules_secondary": "The official final value for this market is determined strictly by the temperature reported by Synoptic Data, calculated in accordance with the Kalshi Weather Index Methodology. Alternative sources\u2014such as NWS Climatological Reports or Google Weather\u2014may serve as references, but are not authoritative and will not be used for market resolution.",
          "floor_strike": 71.99,
          "cap_strike": null,
          "occurrence_datetime": "2026-09-20T00:05:00Z",
          "settlement_timer_seconds": 3600,
          "source_label": "SYNOPTIC"
        }
      ]
    }
  ],
  "commit": {
    "rc": 0,
    "stdout": "[main 2919995] research(weather): verify hourly settlement-source transition\n 1 file changed, 1766 insertions(+)\n create mode 100644 knowledge/runs/kalshi-hourly-source-transition-e211.json",
    "stderr": ""
  },
  "push": {
    "rc": 0,
    "stdout": "",
    "stderr": "To github.com:bas1231/onderzoek.git\n   373b462..2919995  HEAD -> main"
  },
  "live_trading": false,
  "paid_actions": false,
  "wallet_actions": false
}
